"sim_id","n","method","component","mu_true","estimate","lower","upper","covered","elapsed_seconds"
164,1000,"Gibbs","mu_1",0,0.0759368898383209,-0.049036192120387,0.198307440201017,1,52.853
164,1000,"Gibbs","mu_2",5,4.9299201450064,4.79101629019751,5.07050257252137,1,52.853
164,1000,"Gibbs","mu_3",10,9.97603735797839,9.84591451376846,10.1051153677024,1,52.853
164,1000,"Gibbs","mu_4",20,20.0837334993963,19.9638059946531,20.2029238207462,1,52.853
164,1000,"VI","mu_1",0,0.0762430182332656,-0.0448055100291774,0.197291546495709,1,0.0739999999999981
164,1000,"VI","mu_2",5,4.92923241180347,4.79896798330094,5.059496840306,1,0.0739999999999981
164,1000,"VI","mu_3",10,9.97615128990704,9.85079382343359,10.1015087563805,1,0.0739999999999981
164,1000,"VI","mu_4",20,20.0843525355319,19.9644047296926,20.2043003413711,1,0.0739999999999981
