"sim_id","n","method","component","mu_true","estimate","lower","upper","covered","elapsed_seconds"
487,1000,"Gibbs","mu_1",0,0.357772084270953,0.203612197239978,0.511826821255112,0,53.15
487,1000,"Gibbs","mu_2",5,7.4522497765062,7.33305640245844,7.57420902998704,0,53.15
487,1000,"Gibbs","mu_3",10,19.6178277252008,19.3036267797797,19.9413889051119,0,53.15
487,1000,"Gibbs","mu_4",20,20.2565214300846,19.9361549693659,20.5675191484569,1,53.15
487,1000,"VI","mu_1",0,-1.63278883123866e-18,-19.6,19.6,1,0.106000000000002
487,1000,"VI","mu_2",5,0.354037277690673,0.242964848481019,0.465109706900328,0,0.106000000000002
487,1000,"VI","mu_3",10,7.44957968305698,7.35795823343513,7.54120113267882,0,0.106000000000002
487,1000,"VI","mu_4",20,19.9366480743876,19.807692364093,20.0656037846821,1,0.106000000000002
