"sim_id","n","method","component","mu_true","estimate","lower","upper","covered","elapsed_seconds"
156,1000,"Gibbs","mu_1",0,-0.00353276137252871,-0.129608804604277,0.123948683959634,1,52.437
156,1000,"Gibbs","mu_2",5,5.01883846127227,4.891019690579,5.1494479197441,1,52.437
156,1000,"Gibbs","mu_3",10,9.94829715591863,9.8143064462342,10.0818834727477,1,52.437
156,1000,"Gibbs","mu_4",20,20.0027988989443,19.8763804483155,20.1302717098373,1,52.437
156,1000,"VI","mu_1",0,-6.03371311921266e-18,-19.6,19.6,1,0.134
156,1000,"VI","mu_2",5,0.696085886696367,0.585198585040604,0.80697318835213,0,0.134
156,1000,"VI","mu_3",10,7.84205121241548,7.74909578660314,7.93500663822782,0,0.134
156,1000,"VI","mu_4",20,20.0028514931724,19.8771200215902,20.1285829647546,1,0.134
