"sim_id","n","method","component","mu_true","estimate","lower","upper","covered","elapsed_seconds"
220,1000,"Gibbs","mu_1",0,0.127163758935408,-0.00698130394765449,0.255538067272406,1,51.097
220,1000,"Gibbs","mu_2",5,5.02735057150041,4.89143515557313,5.16516468569721,1,51.097
220,1000,"Gibbs","mu_3",10,10.0798980752331,9.94332574530465,10.217142031783,1,51.097
220,1000,"Gibbs","mu_4",20,19.9642837827681,19.8492531145039,20.0802792614693,1,51.097
220,1000,"VI","mu_1",0,0.126730933679273,0.00184350840358583,0.251618358954961,0,0.0849999999999937
220,1000,"VI","mu_2",5,5.02676048991563,4.90330221475556,5.15021876507569,1,0.0849999999999937
220,1000,"VI","mu_3",10,10.0801242821167,9.94788575546306,10.2123628087703,1,0.0849999999999937
220,1000,"VI","mu_4",20,19.9641952883511,19.8474810562313,20.0809095204709,1,0.0849999999999937
