"sim_id","n","method","component","mu_true","estimate","lower","upper","covered","elapsed_seconds"
210,1000,"Gibbs","mu_1",0,-0.0655258433431769,-0.192897003834914,0.061323749531753,1,52.751
210,1000,"Gibbs","mu_2",5,4.97181831535301,4.85252885932679,5.09497621872738,1,52.751
210,1000,"Gibbs","mu_3",10,10.0281981961404,9.89543338256311,10.1628353807492,1,52.751
210,1000,"Gibbs","mu_4",20,19.9953802427692,19.8650927483121,20.1222630061168,1,52.751
210,1000,"VI","mu_1",0,-1.80058516558459e-09,-19.5999999932667,19.5999999896655,1,0.0999999999999943
210,1000,"VI","mu_2",5,-1.80058516558459e-09,-19.5999999932667,19.5999999896655,1,0.0999999999999943
210,1000,"VI","mu_3",10,4.87266812588082,4.80197389459494,4.94336235716671,0,0.0999999999999943
210,1000,"VI","mu_4",20,19.854532288581,19.7256692422687,19.9833953348933,0,0.0999999999999943
