"sim_id","n","method","component","mu_true","estimate","lower","upper","covered","elapsed_seconds"
379,1000,"Gibbs","mu_1",0,-0.218402745795392,-0.353929067981094,-0.0822120386265762,0,52.982
379,1000,"Gibbs","mu_2",5,4.90940129378691,4.78662975279668,5.0308847925523,1,52.982
379,1000,"Gibbs","mu_3",10,10.0182816343136,9.88832643666307,10.1488827920881,1,52.982
379,1000,"Gibbs","mu_4",20,19.9334884542499,19.8110295713518,20.0548922649334,1,52.982
379,1000,"VI","mu_1",0,-0.217969816678821,-0.34866782551126,-0.0872718078463817,0,0.0730000000000004
379,1000,"VI","mu_2",5,4.90918684365733,4.79288364855896,5.02549003875569,1,0.0730000000000004
379,1000,"VI","mu_3",10,10.0189814042099,9.89223428174466,10.1457285266752,1,0.0730000000000004
379,1000,"VI","mu_4",20,19.9334826131733,19.8100166685761,20.0569485577704,1,0.0730000000000004
