"sim_id","n","method","component","mu_true","estimate","lower","upper","covered","elapsed_seconds"
60,1000,"Gibbs","mu_1",0,-0.0676603861879729,-0.194914678608204,0.057599216386735,1,53.374
60,1000,"Gibbs","mu_2",5,5.03930444410028,4.91849711541033,5.16192269083042,1,53.374
60,1000,"Gibbs","mu_3",10,10.0785054911685,9.95061977161701,10.2047499001808,1,53.374
60,1000,"Gibbs","mu_4",20,20.0052798359326,19.8777906346178,20.1347192564326,1,53.374
60,1000,"VI","mu_1",0,-4.59756656397186e-18,-19.6,19.6,1,0.195
60,1000,"VI","mu_2",5,0.634221724711389,0.520804155675356,0.747639293747422,0,0.195
60,1000,"VI","mu_3",10,7.78956416839053,7.69919240447419,7.87993593230687,0,0.195
60,1000,"VI","mu_4",20,20.0052365997712,19.876280859741,20.1341923398013,1,0.195
