"sim_id","n","method","component","mu_true","estimate","lower","upper","covered","elapsed_seconds"
348,1000,"Gibbs","mu_1",0,-0.0463126473010605,-0.17427838457967,0.083067857242676,1,52.99
348,1000,"Gibbs","mu_2",5,4.89269995694479,4.76461122595641,5.01951425046133,1,52.99
348,1000,"Gibbs","mu_3",10,10.0219699153246,9.895896396653,10.1496908034242,1,52.99
348,1000,"Gibbs","mu_4",20,20.0539559661452,19.9298631746724,20.1803723311406,1,52.99
348,1000,"VI","mu_1",0,-0.0465797074251253,-0.173163627259707,0.080004212409456,1,0.0760000000000005
348,1000,"VI","mu_2",5,4.89370860188825,4.77241008244869,5.01500712132781,1,0.0760000000000005
348,1000,"VI","mu_3",10,10.0226932494324,9.89999788502315,10.1453886138416,1,0.0760000000000005
348,1000,"VI","mu_4",20,20.0535680502938,19.9280944791314,20.1790416214563,1,0.0760000000000005
