"sim_id","n","method","component","mu_true","estimate","lower","upper","covered","elapsed_seconds"
300,1000,"Gibbs","mu_1",0,-0.0779251677022815,-0.205792966732758,0.0466373683565315,1,53.511
300,1000,"Gibbs","mu_2",5,4.919833990545,4.78660519788913,5.05601735918356,1,53.511
300,1000,"Gibbs","mu_3",10,10.0307230404099,9.90250956281407,10.1587828073472,1,53.511
300,1000,"Gibbs","mu_4",20,19.9559709228879,19.8341279600295,20.0745402090455,1,53.511
300,1000,"VI","mu_1",0,-0.0777365287323122,-0.200843491101744,0.0453704336371199,1,0.0690000000000026
300,1000,"VI","mu_2",5,4.91917516960631,4.79240746601092,5.04594287320171,1,0.0690000000000026
300,1000,"VI","mu_3",10,10.0285967181257,9.9024714119807,10.1547220242708,1,0.0690000000000026
300,1000,"VI","mu_4",20,19.9561345544007,19.8359615027336,20.0763076060679,1,0.0690000000000026
