"sim_id","n","method","component","mu_true","estimate","lower","upper","covered","elapsed_seconds"
163,1000,"Gibbs","mu_1",0,-0.0373500263084044,-0.164832859330782,0.0902543462556804,1,53.352
163,1000,"Gibbs","mu_2",5,5.09468712602289,4.96618826355531,5.2252149777581,1,53.352
163,1000,"Gibbs","mu_3",10,10.0362570321696,9.90343230630411,10.1679294355199,1,53.352
163,1000,"Gibbs","mu_4",20,20.0297459721164,19.9103783131357,20.1502207053651,1,53.352
163,1000,"VI","mu_1",0,-4.31980580458458e-18,-19.6,19.6,1,0.109999999999999
163,1000,"VI","mu_2",5,0.632246896060605,0.519566306894736,0.744927485226474,0,0.109999999999999
163,1000,"VI","mu_3",10,7.94477326828025,7.85094708502889,8.0385994515316,0,0.109999999999999
163,1000,"VI","mu_4",20,20.0264954572577,19.9051952101103,20.1477957044052,1,0.109999999999999
