"sim_id","n","method","component","mu_true","estimate","lower","upper","covered","elapsed_seconds"
277,1000,"Gibbs","mu_1",0,-0.0243771411843789,-0.151409673881917,0.101142454785693,1,52.684
277,1000,"Gibbs","mu_2",5,5.01136052486571,4.88051697109164,5.14490260701303,1,52.684
277,1000,"Gibbs","mu_3",10,9.88389870276196,9.75385034531976,10.0102851559483,1,52.684
277,1000,"Gibbs","mu_4",20,19.9978514844488,19.8719706906901,20.1223946066594,1,52.684
277,1000,"VI","mu_1",0,-3.44166065514577e-08,-19.5999999135791,19.5999998447458,1,0.0839999999999961
277,1000,"VI","mu_2",5,-3.44166065514577e-08,-19.5999999135791,19.5999998447458,1,0.0839999999999961
277,1000,"VI","mu_3",10,4.94518394896484,4.87394664559704,5.01642125233263,0,0.0839999999999961
277,1000,"VI","mu_4",20,19.9976524256562,19.8719229454255,20.1233819058869,1,0.0839999999999961
