"sim_id","n","method","component","mu_true","estimate","lower","upper","covered","elapsed_seconds"
447,1000,"Gibbs","mu_1",0,0.0777521480764117,-0.0470768071370896,0.203767777012272,1,53.493
447,1000,"Gibbs","mu_2",5,5.14481401878756,5.00254302781259,5.2831362311664,0,53.493
447,1000,"Gibbs","mu_3",10,10.0007888622537,9.86928441037,10.1304607751733,1,53.493
447,1000,"Gibbs","mu_4",20,20.0427094761574,19.9287219060217,20.1557576395235,1,53.493
447,1000,"VI","mu_1",0,-2.4450442451774e-08,-19.599999940379,19.5999998914781,1,0.0799999999999983
447,1000,"VI","mu_2",5,-2.4450442451774e-08,-19.599999940379,19.5999998914781,1,0.0799999999999983
447,1000,"VI","mu_3",10,4.92815799840375,4.85468615612657,5.00162984068094,0,0.0799999999999983
447,1000,"VI","mu_4",20,20.0335902078279,19.9181689618978,20.149011453758,1,0.0799999999999983
