"sim_id","n","method","component","mu_true","estimate","lower","upper","covered","elapsed_seconds"
410,1000,"Gibbs","mu_1",0,0.00506831573244318,-0.121593391597171,0.132654288317254,1,53.113
410,1000,"Gibbs","mu_2",5,4.8707743529064,4.74609260836575,4.99769166852514,0,53.113
410,1000,"Gibbs","mu_3",10,9.88382171177505,9.75335174151117,10.0142723462581,1,53.113
410,1000,"Gibbs","mu_4",20,20.0170045192399,19.8904718907551,20.1435550150679,1,53.113
410,1000,"VI","mu_1",0,0.00536004887747089,-0.117701695774981,0.128421793529923,1,0.0890000000000057
410,1000,"VI","mu_2",5,4.87000255466387,4.75201903596801,4.98798607335973,0,0.0890000000000057
410,1000,"VI","mu_3",10,9.88573377698235,9.75798262078557,10.0134849331791,1,0.0890000000000057
410,1000,"VI","mu_4",20,20.0171344029569,19.8892808208981,20.1449879850156,1,0.0890000000000057
