"sim_id","n","method","component","mu_true","estimate","lower","upper","covered","elapsed_seconds"
148,1000,"Gibbs","mu_1",0,0.0667388551119393,-0.06739960715028,0.197921936003126,1,53.216
148,1000,"Gibbs","mu_2",5,4.97613517981803,4.84549840435701,5.10905590089401,1,53.216
148,1000,"Gibbs","mu_3",10,10.0104014216981,9.87915136023112,10.1438331358993,1,53.216
148,1000,"Gibbs","mu_4",20,19.9880726329675,19.8665045043743,20.1081268790254,1,53.216
148,1000,"VI","mu_1",0,0.0660903260525219,-0.0601949212962067,0.192375573401251,1,0.0689999999999955
148,1000,"VI","mu_2",5,4.97587977072556,4.85683217589319,5.09492736555793,1,0.0689999999999955
148,1000,"VI","mu_3",10,10.0092053516384,9.87999014112171,10.138420562155,1,0.0689999999999955
148,1000,"VI","mu_4",20,19.9878968671883,19.8658749618835,20.109918772493,1,0.0689999999999955
