"sim_id","n","method","component","mu_true","estimate","lower","upper","covered","elapsed_seconds"
309,1000,"Gibbs","mu_1",0,-0.0874932777314993,-0.215909662482485,0.0435695450883218,1,52.927
309,1000,"Gibbs","mu_2",5,4.99638084207428,4.86600063853434,5.12377839278155,1,52.927
309,1000,"Gibbs","mu_3",10,9.89147335212137,9.77145491489835,10.0172674865923,1,52.927
309,1000,"Gibbs","mu_4",20,20.032769496109,19.911878982287,20.158379581703,1,52.927
309,1000,"VI","mu_1",0,-0.0882790429569196,-0.216956024855901,0.0403979389420613,1,0.0929999999999964
309,1000,"VI","mu_2",5,4.99725711964288,4.87366934332896,5.12084489595679,1,0.0929999999999964
309,1000,"VI","mu_3",10,9.89175626018305,9.77055242054537,10.0129600998207,1,0.0929999999999964
309,1000,"VI","mu_4",20,20.0326096551689,19.9098721007334,20.1553472096044,1,0.0929999999999964
