"sim_id","n","method","component","mu_true","estimate","lower","upper","covered","elapsed_seconds"
153,1000,"Gibbs","mu_1",0,-0.0539057651311803,-0.177494296537682,0.0696518454255394,1,52.95
153,1000,"Gibbs","mu_2",5,4.98624563189403,4.85129455239636,5.12613256567473,1,52.95
153,1000,"Gibbs","mu_3",10,9.98836763115576,9.85570929380302,10.1200391793882,1,52.95
153,1000,"Gibbs","mu_4",20,19.9375083351433,19.8160534924147,20.0573820897051,1,52.95
153,1000,"VI","mu_1",0,-0.0549371017544301,-0.17690322666106,0.0670290231521998,1,0.0750000000000028
153,1000,"VI","mu_2",5,4.98554005303225,4.85927424661016,5.11180585945435,1,0.0750000000000028
153,1000,"VI","mu_3",10,9.98838613850891,9.86155819429787,10.11521408272,1,0.0750000000000028
153,1000,"VI","mu_4",20,19.9379562225515,19.8168693289578,20.0590431161452,1,0.0750000000000028
