"sim_id","n","method","component","mu_true","estimate","lower","upper","covered","elapsed_seconds"
116,1000,"Gibbs","mu_1",0,0.0431810218414103,-0.0873117056750262,0.174887843008012,1,53.078
116,1000,"Gibbs","mu_2",5,5.05004039444,4.91347380448068,5.1874580764793,1,53.078
116,1000,"Gibbs","mu_3",10,10.0737406512388,9.95706908819877,10.1931952789789,1,53.078
116,1000,"Gibbs","mu_4",20,19.9501905247074,19.8230682564793,20.0730484694153,1,53.078
116,1000,"VI","mu_1",0,0.0426184454530333,-0.0859732743466898,0.171210165252756,1,0.0700000000000003
116,1000,"VI","mu_2",5,5.0489372798316,4.92268802746374,5.17518653219945,1,0.0700000000000003
116,1000,"VI","mu_3",10,10.0740994857225,9.95773124333033,10.1904677281147,1,0.0700000000000003
116,1000,"VI","mu_4",20,19.9504972969134,19.8247658253498,20.0762287684771,1,0.0700000000000003
