"sim_id","n","method","component","mu_true","estimate","lower","upper","covered","elapsed_seconds"
329,1000,"Gibbs","mu_1",0,0.118067786938378,-0.00466507703421582,0.242755428461376,1,53.391
329,1000,"Gibbs","mu_2",5,5.01376752492385,4.88529267276649,5.14346616865713,1,53.391
329,1000,"Gibbs","mu_3",10,10.0287312362235,9.90152504040916,10.1577042659466,1,53.391
329,1000,"Gibbs","mu_4",20,19.9427087428972,19.8162911072932,20.0658303294533,1,53.391
329,1000,"VI","mu_1",0,-1.27538793058888e-17,-19.6,19.6,1,0.266999999999996
329,1000,"VI","mu_2",5,1.06868980080309,0.964107701137895,1.17327190046828,0,0.266999999999996
329,1000,"VI","mu_3",10,8.19061591598568,8.0933170178082,8.28791481416316,0,0.266999999999996
329,1000,"VI","mu_4",20,19.9423511818139,19.8166197102375,20.0680826533903,1,0.266999999999996
