"sim_id","n","method","component","mu_true","estimate","lower","upper","covered","elapsed_seconds"
198,1000,"Gibbs","mu_1",0,-0.0662803288747836,-0.192022711034346,0.0601232098262144,1,53.175
198,1000,"Gibbs","mu_2",5,5.00963052998932,4.86913784660707,5.14929227608892,1,53.175
198,1000,"Gibbs","mu_3",10,10.0835923001077,9.9600301829027,10.2082804566083,1,53.175
198,1000,"Gibbs","mu_4",20,19.988778689911,19.8663218143456,20.1083702939654,1,53.175
198,1000,"VI","mu_1",0,-2.95320682381363e-17,-19.6,19.6,1,0.172000000000004
198,1000,"VI","mu_2",5,1.35232410848719,1.25199981043393,1.45264840654045,0,0.172000000000004
198,1000,"VI","mu_3",10,8.88616478648432,8.78376143969055,8.98856813327808,0,0.172000000000004
198,1000,"VI","mu_4",20,19.9872405434682,19.8637745986489,20.1107064882875,1,0.172000000000004
