"sim_id","n","method","component","mu_true","estimate","lower","upper","covered","elapsed_seconds"
389,1000,"Gibbs","mu_1",0,0.0699815850957993,-0.0623175798348961,0.203936497143518,1,53.294
389,1000,"Gibbs","mu_2",5,4.92749912575828,4.79950577732297,5.05666516870647,1,53.294
389,1000,"Gibbs","mu_3",10,9.95547193053335,9.82895218746199,10.0801014264398,1,53.294
389,1000,"Gibbs","mu_4",20,20.0625495715094,19.9414841230005,20.1830482038865,1,53.294
389,1000,"VI","mu_1",0,-9.49842478693933e-16,-19.6,19.6,1,0.131
389,1000,"VI","mu_2",5,2.14144710261336,2.0460291314762,2.23686507375052,0,0.131
389,1000,"VI","mu_3",10,9.31183839809635,9.20211304193853,9.42156375425418,0,0.131
389,1000,"VI","mu_4",20,20.061764963941,19.9399788408641,20.1835510870178,1,0.131
