"sim_id","n","method","component","mu_true","estimate","lower","upper","covered","elapsed_seconds"
247,1000,"Gibbs","mu_1",0,0.0111836508710979,-0.119383981904386,0.140557412875368,1,53.375
247,1000,"Gibbs","mu_2",5,5.04620268427777,4.91093805537448,5.18461365607507,1,53.375
247,1000,"Gibbs","mu_3",10,9.99135475150866,9.86457526764653,10.1208921625628,1,53.375
247,1000,"Gibbs","mu_4",20,19.9871349897025,19.8690432622655,20.106363599073,1,53.375
247,1000,"VI","mu_1",0,0.0112528114574681,-0.112902189279208,0.135407812194144,1,0.0810000000000031
247,1000,"VI","mu_2",5,5.04631711148468,4.92065428595741,5.17197993701195,1,0.0810000000000031
247,1000,"VI","mu_3",10,9.99136623637451,9.8652511705244,10.1174813022246,1,0.0810000000000031
247,1000,"VI","mu_4",20,19.987485104244,19.8673120525755,20.1076581559125,1,0.0810000000000031
