"sim_id","n","method","component","mu_true","estimate","lower","upper","covered","elapsed_seconds"
121,1000,"Gibbs","mu_1",0,0.0560373913264376,-0.0775810783539476,0.189589563730021,1,52.73
121,1000,"Gibbs","mu_2",5,5.01951423056882,4.88523467700689,5.15624489885737,1,52.73
121,1000,"Gibbs","mu_3",10,9.98374641506502,9.86185244933484,10.1105683898967,1,52.73
121,1000,"Gibbs","mu_4",20,20.100223636719,19.9784209274423,20.2251484623348,1,52.73
121,1000,"VI","mu_1",0,-1.34020075383978e-16,-19.6,19.6,1,0.173999999999999
121,1000,"VI","mu_2",5,1.78511193803353,1.68529712270135,1.8849267533657,0,0.173999999999999
121,1000,"VI","mu_3",10,8.99074898388002,8.88678630210755,9.0947116656525,0,0.173999999999999
121,1000,"VI","mu_4",20,20.1002269065618,19.9784409431229,20.2220128700007,1,0.173999999999999
