"sim_id","n","method","component","mu_true","estimate","lower","upper","covered","elapsed_seconds"
31,1000,"Gibbs","mu_1",0,-0.0616553122099281,-0.191014261467327,0.0689555961438379,1,53.166
31,1000,"Gibbs","mu_2",5,5.02709562297427,4.90247175722822,5.15227426102448,1,53.166
31,1000,"Gibbs","mu_3",10,10.0562650781868,9.92573945969818,10.1853256705582,1,53.166
31,1000,"Gibbs","mu_4",20,19.9463383536036,19.8266277143054,20.0709799941673,1,53.166
31,1000,"VI","mu_1",0,-0.0609364985482513,-0.18751639509578,0.065643397999278,1,0.0869999999999962
31,1000,"VI","mu_2",5,5.02746033277606,4.90840646004016,5.14651420551196,1,0.0869999999999962
31,1000,"VI","mu_3",10,10.0562877869151,9.92983141066104,10.1827441631691,1,0.0869999999999962
31,1000,"VI","mu_4",20,19.9466931287555,19.8224856697541,20.0709005877569,1,0.0869999999999962
