"sim_id","n","method","component","mu_true","estimate","lower","upper","covered","elapsed_seconds"
407,1000,"Gibbs","mu_1",0,0.034712758454692,-0.0934401405752403,0.164333284720077,1,53.109
407,1000,"Gibbs","mu_2",5,4.86349317492884,4.73201037138584,4.994399780377,0,53.109
407,1000,"Gibbs","mu_3",10,10.013091957912,9.88673183752955,10.1369169072849,1,53.109
407,1000,"Gibbs","mu_4",20,20.0248637932315,19.9016849321239,20.1508483177479,1,53.109
407,1000,"VI","mu_1",0,-5.96597141357846e-08,-19.5999998461569,19.5999997268374,1,0.100000000000001
407,1000,"VI","mu_2",5,-5.96597141357846e-08,-19.5999998461569,19.5999997268374,1,0.100000000000001
407,1000,"VI","mu_3",10,5.06112481392955,4.98975612660142,5.13249350125768,0,0.100000000000001
407,1000,"VI","mu_4",20,19.9711485513854,19.8461332686822,20.0961638340886,1,0.100000000000001
