"sim_id","n","method","component","mu_true","estimate","lower","upper","covered","elapsed_seconds"
211,1000,"Gibbs","mu_1",0,0.0928290650186287,-0.0412372668740328,0.2253159575269,1,52.853
211,1000,"Gibbs","mu_2",5,5.0156645881038,4.89167624117689,5.14249115435784,1,52.853
211,1000,"Gibbs","mu_3",10,10.1212895753927,9.98974933539934,10.2525459246155,1,52.853
211,1000,"Gibbs","mu_4",20,20.0632895961667,19.9372760199118,20.1873925587425,1,52.853
211,1000,"VI","mu_1",0,-1.23312758753837e-15,-19.6,19.6,1,0.134999999999998
211,1000,"VI","mu_2",5,2.47914613206808,2.38932024613631,2.56897201799985,0,0.134999999999998
211,1000,"VI","mu_3",10,9.71698937992969,9.5998377290637,9.83414103079567,0,0.134999999999998
211,1000,"VI","mu_4",20,20.0632786553436,19.9378050841746,20.1887522265126,1,0.134999999999998
