"sim_id","n","method","component","mu_true","estimate","lower","upper","covered","elapsed_seconds"
249,1000,"Gibbs","mu_1",0,-0.0726633560917526,-0.19935776024395,0.0514395763339857,1,53.404
249,1000,"Gibbs","mu_2",5,4.95360943583975,4.82480105430678,5.08603723845995,1,53.404
249,1000,"Gibbs","mu_3",10,9.86696864280809,9.73442180101145,10.0031522352535,1,53.404
249,1000,"Gibbs","mu_4",20,19.9979365626208,19.878168949441,20.1189654391484,1,53.404
249,1000,"VI","mu_1",0,-2.91039160372347e-18,-19.6,19.6,1,0.105000000000004
249,1000,"VI","mu_2",5,0.447232664631808,0.33509931823102,0.559366011032596,0,0.105000000000004
249,1000,"VI","mu_3",10,7.63532595372632,7.54182718689708,7.72882472055555,0,0.105000000000004
249,1000,"VI","mu_4",20,19.9974797078099,19.8747559013545,20.1202035142653,1,0.105000000000004
