"sim_id","n","method","component","mu_true","estimate","lower","upper","covered","elapsed_seconds"
450,1000,"Gibbs","mu_1",0,0.0163900537019717,-0.113316170165681,0.143152122254796,1,53.239
450,1000,"Gibbs","mu_2",5,4.96653976840082,4.83014997404506,5.10560262674599,1,53.239
450,1000,"Gibbs","mu_3",10,9.98028608372784,9.85196373158615,10.1082230693494,1,53.239
450,1000,"Gibbs","mu_4",20,20.1014879774661,19.9721359352591,20.2264892052862,1,53.239
450,1000,"VI","mu_1",0,-3.34478749232849e-08,-19.5999999161751,19.5999998492793,1,0.0919999999999987
450,1000,"VI","mu_2",5,-3.34478749232849e-08,-19.5999999161751,19.5999998492793,1,0.0919999999999987
450,1000,"VI","mu_3",10,4.96694457533183,4.89554114107826,5.03834800958539,0,0.0919999999999987
450,1000,"VI","mu_4",20,20.0565024941456,19.9316734177369,20.1813315705544,1,0.0919999999999987
