"sim_id","n","method","component","mu_true","estimate","lower","upper","covered","elapsed_seconds"
77,1000,"Gibbs","mu_1",0,-0.0788997670846283,-0.21451616188692,0.0574087655065541,1,52.583
77,1000,"Gibbs","mu_2",5,4.99575728750967,4.86200808183741,5.12947753664192,1,52.583
77,1000,"Gibbs","mu_3",10,9.88736211185671,9.75733540338107,10.0196292591215,1,52.583
77,1000,"Gibbs","mu_4",20,20.0557255697749,19.9344484308367,20.1790988696698,1,52.583
77,1000,"VI","mu_1",0,-4.27501869668614e-08,-19.5999998796077,19.5999997941074,1,0.0790000000000006
77,1000,"VI","mu_2",5,-4.27501869668614e-08,-19.5999998796077,19.5999997941074,1,0.0790000000000006
77,1000,"VI","mu_3",10,5.01041468272039,4.93858528237578,5.08224408306499,0,0.0790000000000006
77,1000,"VI","mu_4",20,20.0431033541278,19.9204706744738,20.1657360337817,1,0.0790000000000006
