"sim_id","n","method","component","mu_true","estimate","lower","upper","covered","elapsed_seconds"
59,1000,"Gibbs","mu_1",0,-0.0415609008361897,-0.172553036575932,0.0892429542931456,1,52.883
59,1000,"Gibbs","mu_2",5,4.98779658819342,4.85407011161847,5.11828346864564,1,52.883
59,1000,"Gibbs","mu_3",10,9.97665350439086,9.85210482342815,10.1019113897547,1,52.883
59,1000,"Gibbs","mu_4",20,19.933348182818,19.805526603059,20.0585649768492,1,52.883
59,1000,"VI","mu_1",0,-1.27804152765253e-16,-19.6,19.6,1,0.356000000000002
59,1000,"VI","mu_2",5,1.77978198105596,1.68266757108863,1.8768963910233,0,0.356000000000002
59,1000,"VI","mu_3",10,8.98283493145764,8.87772130238508,9.0879485605302,0,0.356000000000002
59,1000,"VI","mu_4",20,19.9336082287674,19.8083909774603,20.0588254800746,1,0.356000000000002
