"sim_id","n","method","component","mu_true","estimate","lower","upper","covered","elapsed_seconds"
291,1000,"Gibbs","mu_1",0,-0.0150943285199265,-0.143599364898707,0.112830601936674,1,52.814
291,1000,"Gibbs","mu_2",5,5.10346291272102,4.96519586535328,5.24395311422555,1,52.814
291,1000,"Gibbs","mu_3",10,10.0683701040158,9.94028711216033,10.1935787000292,1,52.814
291,1000,"Gibbs","mu_4",20,19.9681959292512,19.8471475395258,20.092190445685,1,52.814
291,1000,"VI","mu_1",0,-1.84888710095568e-17,-19.6,19.6,1,0.171999999999997
291,1000,"VI","mu_2",5,1.06940270458195,0.963100995924056,1.17570441323984,0,0.171999999999997
291,1000,"VI","mu_3",10,8.46623133479893,8.36848234966227,8.56398031993558,0,0.171999999999997
291,1000,"VI","mu_4",20,19.9688018345253,19.8467799292207,20.0908237398298,1,0.171999999999997
