"sim_id","n","method","component","mu_true","estimate","lower","upper","covered","elapsed_seconds"
125,1000,"Gibbs","mu_1",0,0.111057844113009,-0.0161920855124109,0.242260378867975,1,53.014
125,1000,"Gibbs","mu_2",5,5.02349720571244,4.89722747632582,5.14961069766939,1,53.014
125,1000,"Gibbs","mu_3",10,10.0571918199918,9.92387138829987,10.191653245317,1,53.014
125,1000,"Gibbs","mu_4",20,20.0105333852397,19.8865668648622,20.13512838976,1,53.014
125,1000,"VI","mu_1",0,-2.5792112813499e-16,-19.6,19.6,1,0.18
125,1000,"VI","mu_2",5,1.98114621396316,1.88641120932503,2.07588121860128,0,0.18
125,1000,"VI","mu_3",10,8.99129168933534,8.88256598004147,9.1000173986292,0,0.18
125,1000,"VI","mu_4",20,20.0099500392875,19.8852407501983,20.1346593283767,1,0.18
