"sim_id","n","method","component","mu_true","estimate","lower","upper","covered","elapsed_seconds"
347,1000,"Gibbs","mu_1",0,-0.0353712673889573,-0.160693656628265,0.0936770710469165,1,53.024
347,1000,"Gibbs","mu_2",5,4.87420025971458,4.73564099164556,5.01311894688294,1,53.024
347,1000,"Gibbs","mu_3",10,9.96854798168497,9.84072303926951,10.0924317127005,1,53.024
347,1000,"Gibbs","mu_4",20,20.0007950612146,19.8805960266148,20.1208098123321,1,53.024
347,1000,"VI","mu_1",0,-0.0359165397904983,-0.158499965166528,0.086666885585531,1,0.0700000000000003
347,1000,"VI","mu_2",5,4.87390341227381,4.74272190309029,5.00508492145733,1,0.0700000000000003
347,1000,"VI","mu_3",10,9.9701643327864,9.84648495329811,10.0938437122747,1,0.0700000000000003
347,1000,"VI","mu_4",20,20.0015879600921,19.8823083675397,20.1208675526445,1,0.0700000000000003
