"sim_id","n","method","component","mu_true","estimate","lower","upper","covered","elapsed_seconds"
94,1000,"Gibbs","mu_1",0,-0.0320349612503532,-0.158916369478998,0.0970902501071569,1,53.318
94,1000,"Gibbs","mu_2",5,4.91930432173969,4.78425606899937,5.05777664767662,1,53.318
94,1000,"Gibbs","mu_3",10,10.0282936559929,9.900439606892,10.155342547737,1,53.318
94,1000,"Gibbs","mu_4",20,19.9451418902581,19.8253490275233,20.0648008394822,1,53.318
94,1000,"VI","mu_1",0,-1.32884174444403e-07,-19.599999725021,19.5999994592527,1,0.0949999999999989
94,1000,"VI","mu_2",5,-1.32884174444403e-07,-19.599999725021,19.5999994592527,1,0.0949999999999989
94,1000,"VI","mu_3",10,4.88287720845354,4.81071400502177,4.9550404118853,0,0.0949999999999989
94,1000,"VI","mu_4",20,19.9069446201822,19.7859290013306,20.0279602390339,1,0.0949999999999989
