"sim_id","n","method","component","mu_true","estimate","lower","upper","covered","elapsed_seconds"
130,1000,"Gibbs","mu_1",0,-0.111656534612032,-0.235043107070033,0.0136309843338857,1,52.955
130,1000,"Gibbs","mu_2",5,4.99865188098832,4.86543549424839,5.13015114091681,1,52.955
130,1000,"Gibbs","mu_3",10,9.9927885728846,9.86078652895228,10.1269907910513,1,52.955
130,1000,"Gibbs","mu_4",20,19.9529524745156,19.8349886110884,20.0716532380552,1,52.955
130,1000,"VI","mu_1",0,-4.98762019656148e-09,-19.5999999858652,19.5999999758899,1,0.0740000000000052
130,1000,"VI","mu_2",5,-4.98762019656148e-09,-19.5999999858652,19.5999999758899,1,0.0740000000000052
130,1000,"VI","mu_3",10,4.76330843028207,4.69056353095444,4.8360533296097,0,0.0740000000000052
130,1000,"VI","mu_4",20,19.8156143494602,19.6972214190676,19.9340072798528,0,0.0740000000000052
