"sim_id","n","method","component","mu_true","estimate","lower","upper","covered","elapsed_seconds"
340,1000,"Gibbs","mu_1",0,0.0976201765398263,-0.0350066962978919,0.228281550094592,1,53.05
340,1000,"Gibbs","mu_2",5,5.02394692240377,4.88749103977828,5.15764515012411,1,53.05
340,1000,"Gibbs","mu_3",10,10.0955004403712,9.96814889497913,10.2248555453827,1,53.05
340,1000,"Gibbs","mu_4",20,20.0160937542198,19.8953309700883,20.1398524641362,1,53.05
340,1000,"VI","mu_1",0,0.0983081787103929,-0.0245562887429508,0.221172646163737,1,0.0910000000000011
340,1000,"VI","mu_2",5,5.024697092127,4.8993824798237,5.15001170443031,1,0.0910000000000011
340,1000,"VI","mu_3",10,10.0955668253531,9.97083408278326,10.2202995679229,1,0.0910000000000011
340,1000,"VI","mu_4",20,20.0160618929815,19.8930829759955,20.1390408099676,1,0.0910000000000011
