"sim_id","n","method","component","mu_true","estimate","lower","upper","covered","elapsed_seconds"
366,1000,"Gibbs","mu_1",0,0.660543107429287,0.456927171621384,0.907679799274913,0,53.116
366,1000,"Gibbs","mu_2",5,7.96501381192631,7.80419533945897,8.16933833956591,0,53.116
366,1000,"Gibbs","mu_3",10,19.796815175429,19.5103206359775,20.0189295992039,0,53.116
366,1000,"Gibbs","mu_4",20,20.1434119239711,19.9206358811984,20.4218735674452,1,53.116
366,1000,"VI","mu_1",0,-0.0854487858274687,-0.205647437530313,0.0347498658753755,1,0.0650000000000048
366,1000,"VI","mu_2",5,4.95683787894596,4.83375536582901,5.07992039206292,1,0.0650000000000048
366,1000,"VI","mu_3",10,10.0681472057326,9.94016850502817,10.1961259064371,1,0.0650000000000048
366,1000,"VI","mu_4",20,19.9717537353379,19.846791239446,20.0967162312298,1,0.0650000000000048
