"sim_id","n","method","component","mu_true","estimate","lower","upper","covered","elapsed_seconds"
159,1000,"Gibbs","mu_1",0,-0.0169234526327906,-0.143583586126695,0.110100168318948,1,52.601
159,1000,"Gibbs","mu_2",5,4.92970805732007,4.80384278968503,5.05729293848368,1,52.601
159,1000,"Gibbs","mu_3",10,10.0461407555875,9.91514524407445,10.17649625676,1,52.601
159,1000,"Gibbs","mu_4",20,19.9021963958195,19.7770471120378,20.0263200315657,1,52.601
159,1000,"VI","mu_1",0,-0.0168855910546517,-0.140729807966911,0.106958625857608,1,0.0670000000000002
159,1000,"VI","mu_2",5,4.92946398648278,4.8069893647228,5.05193860824276,1,0.0670000000000002
159,1000,"VI","mu_3",10,10.0464881326235,9.92239052256534,10.1705857426816,1,0.0670000000000002
159,1000,"VI","mu_4",20,19.9016117563185,19.7761381851366,20.0270853275004,1,0.0670000000000002
