"sim_id","n","method","component","mu_true","estimate","lower","upper","covered","elapsed_seconds"
420,1000,"Gibbs","mu_1",0,-0.126191248913681,-0.251773796671103,-0.00324264066288458,0,52.943
420,1000,"Gibbs","mu_2",5,4.92956373215377,4.79221769760343,5.06697844991341,1,52.943
420,1000,"Gibbs","mu_3",10,9.99119494767694,9.86731650376886,10.117112681245,1,52.943
420,1000,"Gibbs","mu_4",20,20.0116280139382,19.8879743584202,20.1378071585187,1,52.943
420,1000,"VI","mu_1",0,-4.60814434611781e-17,-19.6,19.6,1,0.217999999999996
420,1000,"VI","mu_2",5,1.46643495507398,1.36867709000496,1.56419282014301,0,0.217999999999996
420,1000,"VI","mu_3",10,8.9132263278029,8.80949736298635,9.01695529261945,0,0.217999999999996
420,1000,"VI","mu_4",20,20.0113932015863,19.8851411221227,20.1376452810499,1,0.217999999999996
