"sim_id","n","method","component","mu_true","estimate","lower","upper","covered","elapsed_seconds"
111,1000,"Gibbs","mu_1",0,-0.0365034555858757,-0.164758718863697,0.0956446295324931,1,53.147
111,1000,"Gibbs","mu_2",5,4.94257197113903,4.80945682681325,5.07857508664437,1,53.147
111,1000,"Gibbs","mu_3",10,9.86533707673941,9.73998104275051,9.99062808754254,0,53.147
111,1000,"Gibbs","mu_4",20,20.139069278711,20.0146371974055,20.2618207651189,0,53.147
111,1000,"VI","mu_1",0,-0.038562506389811,-0.165325310322161,0.0882002975425394,1,0.0679999999999978
111,1000,"VI","mu_2",5,4.94282216051106,4.81870059911451,5.06694372190762,1,0.0679999999999978
111,1000,"VI","mu_3",10,9.86571328359472,9.74499290271928,9.98643366447016,0,0.0679999999999978
111,1000,"VI","mu_4",20,20.1383759547526,20.0139183394995,20.2628335700057,0,0.0679999999999978
