"sim_id","n","method","component","mu_true","estimate","lower","upper","covered","elapsed_seconds"
418,1000,"Gibbs","mu_1",0,-0.111686145932954,-0.24518972765403,0.019494776889911,1,52.871
418,1000,"Gibbs","mu_2",5,5.04403946719738,4.90978740903996,5.17522730889197,1,52.871
418,1000,"Gibbs","mu_3",10,10.019886142314,9.88886604935153,10.1469919647319,1,52.871
418,1000,"Gibbs","mu_4",20,19.9387917424208,19.817315044032,20.0574441744222,1,52.871
418,1000,"VI","mu_1",0,-1.10345069265358e-17,-19.6,19.6,1,0.261000000000003
418,1000,"VI","mu_2",5,0.964516289305407,0.854271580135274,1.07476099847554,0,0.261000000000003
418,1000,"VI","mu_3",10,8.19634478479776,8.10035629813996,8.29233327145557,0,0.261000000000003
418,1000,"VI","mu_4",20,19.9392831635356,19.8193353580273,20.0592309690439,1,0.261000000000003
