"sim_id","n","method","component","mu_true","estimate","lower","upper","covered","elapsed_seconds"
6,1000,"Gibbs","mu_1",0,-0.0167476374322506,-0.142006513201204,0.106085250786939,1,53.233
6,1000,"Gibbs","mu_2",5,4.93632545210514,4.8074276177369,5.06820747339667,1,53.233
6,1000,"Gibbs","mu_3",10,9.95739194126911,9.83362154800889,10.0810125804988,1,53.233
6,1000,"Gibbs","mu_4",20,20.0076072464793,19.8759730869152,20.1405121755666,1,53.233
6,1000,"VI","mu_1",0,-5.57387444538878e-18,-19.6,19.6,1,0.116999999999997
6,1000,"VI","mu_2",5,0.752759202722455,0.645931486929673,0.859586918515237,0,0.116999999999997
6,1000,"VI","mu_3",10,8.04163904461317,7.94887159529349,8.13440649393285,0,0.116999999999997
6,1000,"VI","mu_4",20,20.0070368181259,19.8739864140413,20.1400872222105,1,0.116999999999997
