"sim_id","n","method","component","mu_true","estimate","lower","upper","covered","elapsed_seconds"
58,1000,"Gibbs","mu_1",0,-0.0202057327671149,-0.148479230266885,0.110259859709864,1,52.85
58,1000,"Gibbs","mu_2",5,5.08583465427677,4.96256217932872,5.21191008628952,1,52.85
58,1000,"Gibbs","mu_3",10,9.97597239204479,9.84426652919027,10.1049517193959,1,52.85
58,1000,"Gibbs","mu_4",20,19.9773212379579,19.8509428985496,20.1059286402644,1,52.85
58,1000,"VI","mu_1",0,-3.04945418336084e-17,-19.6,19.6,1,0.177
58,1000,"VI","mu_2",5,1.18552237312347,1.07926138959883,1.29178335664812,0,0.177
58,1000,"VI","mu_3",10,8.20041867134893,8.10532192123023,8.29551542146762,0,0.177
58,1000,"VI","mu_4",20,19.9774472726688,19.8495936906391,20.1053008546986,1,0.177
