"sim_id","n","method","component","mu_true","estimate","lower","upper","covered","elapsed_seconds"
54,1000,"Gibbs","mu_1",0,0.133297989861921,0.00367530054418825,0.267002947020782,0,52.983
54,1000,"Gibbs","mu_2",5,4.91026733461889,4.77798793133952,5.04178019356533,1,52.983
54,1000,"Gibbs","mu_3",10,10.2353014590117,10.1152411912411,10.3601898763984,0,52.983
54,1000,"Gibbs","mu_4",20,19.9810245143551,19.8599199461556,20.1016513022663,1,52.983
54,1000,"VI","mu_1",0,5.28273936995404,5.15751609607408,5.407962643834,0,0.0810000000000031
54,1000,"VI","mu_2",5,5.28273936995404,5.15751609607408,5.407962643834,0,0.0810000000000031
54,1000,"VI","mu_3",10,5.28273936995404,5.15751609607408,5.407962643834,0,0.0810000000000031
54,1000,"VI","mu_4",20,19.9524369994861,19.8320534853537,20.0728205136184,1,0.0810000000000031
