"sim_id","n","method","component","mu_true","estimate","lower","upper","covered","elapsed_seconds"
313,1000,"Gibbs","mu_1",0,-0.0558102625822026,-0.185027403544734,0.0680547622147827,1,52.803
313,1000,"Gibbs","mu_2",5,5.20757767206408,5.07251244268928,5.34188397753451,0,52.803
313,1000,"Gibbs","mu_3",10,10.0366953281476,9.90743139121221,10.1683383460728,1,52.803
313,1000,"Gibbs","mu_4",20,19.9774708438624,19.8530880187305,20.1016980902512,1,52.803
313,1000,"VI","mu_1",0,-0.0558769617558518,-0.178864859356766,0.0671109358450626,1,0.080999999999996
313,1000,"VI","mu_2",5,5.20643081233362,5.08164188294405,5.3312197417232,0,0.080999999999996
313,1000,"VI","mu_3",10,10.0370814208187,9.91345650180746,10.1607063398299,1,0.080999999999996
313,1000,"VI","mu_4",20,19.9785881477848,19.8541305325253,20.1030457630442,1,0.080999999999996
