"sim_id","n","method","component","mu_true","estimate","lower","upper","covered","elapsed_seconds"
439,1000,"Gibbs","mu_1",0,-0.0304641666171624,-0.154665266463781,0.0954906917623246,1,52.801
439,1000,"Gibbs","mu_2",5,5.00329011498239,4.86871977424555,5.14145150211429,1,52.801
439,1000,"Gibbs","mu_3",10,9.96604215813014,9.8389475552853,10.0921575198621,1,52.801
439,1000,"Gibbs","mu_4",20,19.8313403279354,19.6998987618366,19.9615893445364,0,52.801
439,1000,"VI","mu_1",0,-2.36183269624276e-09,-19.5999999908954,19.5999999861717,1,0.171999999999997
439,1000,"VI","mu_2",5,-2.36183269624276e-09,-19.5999999908954,19.5999999861717,1,0.171999999999997
439,1000,"VI","mu_3",10,4.95588892946032,4.8851056178826,5.02667224103804,0,0.171999999999997
439,1000,"VI","mu_4",20,19.6967737355612,19.5684458480293,19.8251016230932,0,0.171999999999997
