"sim_id","n","method","component","mu_true","estimate","lower","upper","covered","elapsed_seconds"
494,1000,"Gibbs","mu_1",0,-0.0647953090573059,-0.19344587963237,0.0683314104504233,1,52.7
494,1000,"Gibbs","mu_2",5,5.01661909066208,4.88476698284238,5.14814188622885,1,52.7
494,1000,"Gibbs","mu_3",10,9.92907653587359,9.79828441159668,10.0591347497432,1,52.7
494,1000,"Gibbs","mu_4",20,19.9481600148711,19.826798713693,20.0694985431772,1,52.7
494,1000,"VI","mu_1",0,-2.31661508351782e-16,-19.6,19.6,1,0.246000000000002
494,1000,"VI","mu_2",5,1.62432496438264,1.52494160264974,1.72370832611555,0,0.246000000000002
494,1000,"VI","mu_3",10,8.75129529123903,8.64698654969405,8.85560403278401,0,0.246000000000002
494,1000,"VI","mu_4",20,19.9481665210914,19.8261446157874,20.0701884263954,1,0.246000000000002
