"sim_id","n","method","component","mu_true","estimate","lower","upper","covered","elapsed_seconds"
222,1000,"Gibbs","mu_1",0,-0.0279386556647677,-0.158945564667263,0.103890612192225,1,52.968
222,1000,"Gibbs","mu_2",5,4.93999270863192,4.80232229415991,5.07893229098033,1,52.968
222,1000,"Gibbs","mu_3",10,9.92375608527021,9.79968110691101,10.0501354556141,1,52.968
222,1000,"Gibbs","mu_4",20,19.9545301222936,19.8368883013238,20.0698069649943,1,52.968
222,1000,"VI","mu_1",0,-8.76423511608776e-08,-19.5999998026078,19.5999996273231,1,0.0819999999999936
222,1000,"VI","mu_2",5,-8.76423511608776e-08,-19.5999998026078,19.5999996273231,1,0.0819999999999936
222,1000,"VI","mu_3",10,4.98019702898544,4.90723610319216,5.05315795477873,0,0.0819999999999936
222,1000,"VI","mu_4",20,19.8970013925994,19.7795248519384,20.0144779332605,1,0.0819999999999936
