"sim_id","n","method","component","mu_true","estimate","lower","upper","covered","elapsed_seconds"
103,1000,"Gibbs","mu_1",0,0.145459004074241,0.0120968834780137,0.277317222966649,0,53.112
103,1000,"Gibbs","mu_2",5,5.01309431064821,4.88216411096655,5.14732330221955,1,53.112
103,1000,"Gibbs","mu_3",10,10.0249171735774,9.89993006178265,10.1505705173802,1,53.112
103,1000,"Gibbs","mu_4",20,20.0767939917276,19.9503958908012,20.2033917575391,1,53.112
103,1000,"VI","mu_1",0,0.14528300474973,0.0179400384094195,0.272625971090041,0,0.0850000000000009
103,1000,"VI","mu_2",5,5.01303054522168,4.89139184109896,5.13466924934439,1,0.0850000000000009
103,1000,"VI","mu_3",10,10.0240231877945,9.90304783141602,10.144998544173,1,0.0850000000000009
103,1000,"VI","mu_4",20,20.0765446464956,19.9502925670317,20.2027967259595,1,0.0850000000000009
