"sim_id","n","method","component","mu_true","estimate","lower","upper","covered","elapsed_seconds"
400,1000,"Gibbs","mu_1",0,0.00730500042225859,-0.122018493487045,0.133592603913619,1,53.207
400,1000,"Gibbs","mu_2",5,5.10766122484438,4.97028329144719,5.24441236872718,1,53.207
400,1000,"Gibbs","mu_3",10,10.0562539168565,9.92877657658105,10.1841207978463,1,53.207
400,1000,"Gibbs","mu_4",20,20.105450890448,19.983419396429,20.2284754040251,1,53.207
400,1000,"VI","mu_1",0,0.00765846065533154,-0.115723425775722,0.131040347086386,1,0.0750000000000028
400,1000,"VI","mu_2",5,5.10825540420807,4.98158169336076,5.23492911505537,1,0.0750000000000028
400,1000,"VI","mu_3",10,10.0559585967103,9.93255585915625,10.1793613342644,1,0.0750000000000028
400,1000,"VI","mu_4",20,20.106869519402,19.9843719119104,20.2293671268935,1,0.0750000000000028
