"sim_id","n","method","component","mu_true","estimate","lower","upper","covered","elapsed_seconds"
221,1000,"Gibbs","mu_1",0,-0.0432437589426823,-0.170428666167126,0.0845979302735966,1,53.169
221,1000,"Gibbs","mu_2",5,4.97899614753952,4.84806175696518,5.11116957562342,1,53.169
221,1000,"Gibbs","mu_3",10,10.0388922236076,9.91377622694899,10.1642429401946,1,53.169
221,1000,"Gibbs","mu_4",20,19.9597384906052,19.8310304531114,20.0868608882855,1,53.169
221,1000,"VI","mu_1",0,-8.17038212794599e-17,-19.6,19.6,1,0.312999999999995
221,1000,"VI","mu_2",5,1.40936718532431,1.30929794874152,1.50943642190711,0,0.312999999999995
221,1000,"VI","mu_3",10,8.69253418405166,8.59110243547,8.79396593263331,0,0.312999999999995
221,1000,"VI","mu_4",20,19.9597997675098,19.8340682960644,20.0855312389553,1,0.312999999999995
