"sim_id","n","method","component","mu_true","estimate","lower","upper","covered","elapsed_seconds"
226,1000,"Gibbs","mu_1",0,-0.00184103463729592,-0.130980014738398,0.128551793740512,1,52.919
226,1000,"Gibbs","mu_2",5,4.97963626307553,4.84672488198873,5.11405747051206,1,52.919
226,1000,"Gibbs","mu_3",10,9.93362353916175,9.80222198989735,10.0653187435395,1,52.919
226,1000,"Gibbs","mu_4",20,20.0587483657604,19.9456762310635,20.1730932875764,1,52.919
226,1000,"VI","mu_1",0,-0.000746873633468962,-0.128199024453387,0.126705277186449,1,0.0760000000000005
226,1000,"VI","mu_2",5,4.98046915574512,4.85398889207519,5.10694941941506,1,0.0760000000000005
226,1000,"VI","mu_3",10,9.93397650589942,9.80756332323251,10.0603896885663,1,0.0760000000000005
226,1000,"VI","mu_4",20,20.0585913253043,19.9420834772663,20.1750991733424,1,0.0760000000000005
