"sim_id","n","method","component","mu_true","estimate","lower","upper","covered","elapsed_seconds"
244,1000,"Gibbs","mu_1",0,-0.132458554655011,-0.253223190358134,-0.0130599872642377,0,53.073
244,1000,"Gibbs","mu_2",5,4.93422455911788,4.80366778665471,5.06615323388787,1,53.073
244,1000,"Gibbs","mu_3",10,10.0120067891673,9.88447299728914,10.1407542726376,1,53.073
244,1000,"Gibbs","mu_4",20,19.9847644923063,19.8546254291674,20.114934928094,1,53.073
244,1000,"VI","mu_1",0,-1.32223194819078e-17,-19.6,19.6,1,0.225000000000001
244,1000,"VI","mu_2",5,0.887988047464645,0.785045650696232,0.990930444233059,0,0.225000000000001
244,1000,"VI","mu_3",10,8.30655982923987,8.20946669122772,8.40365296725201,0,0.225000000000001
244,1000,"VI","mu_4",20,19.9837544585041,19.854518695175,20.1129902218332,1,0.225000000000001
