"sim_id","n","method","component","mu_true","estimate","lower","upper","covered","elapsed_seconds"
276,1000,"Gibbs","mu_1",0,-0.0746368208880387,-0.197424141961681,0.0481757832453432,1,52.848
276,1000,"Gibbs","mu_2",5,4.95195955977996,4.81818128259384,5.08775282863345,1,52.848
276,1000,"Gibbs","mu_3",10,9.98010132012593,9.85100825721712,10.1102131453113,1,52.848
276,1000,"Gibbs","mu_4",20,19.9941505570483,19.8598734254044,20.1234552571194,1,52.848
276,1000,"VI","mu_1",0,-2.47072448601785e-14,-19.5999999999999,19.5999999999999,1,0.197000000000003
276,1000,"VI","mu_2",5,-2.47072448601785e-14,-19.5999999999999,19.5999999999999,1,0.197000000000003
276,1000,"VI","mu_3",10,2.86437799577374,2.78220493320068,2.9465510583468,0,0.197000000000003
276,1000,"VI","mu_4",20,15.4603763248972,15.3659771113579,15.5547755384365,0,0.197000000000003
