"sim_id","n","method","component","mu_true","estimate","lower","upper","covered","elapsed_seconds"
299,1000,"Gibbs","mu_1",0,0.135710415325375,0.0125768997057371,0.261478635614373,0,52.976
299,1000,"Gibbs","mu_2",5,5.06396640548872,4.93317779853016,5.1980076010469,1,52.976
299,1000,"Gibbs","mu_3",10,10.036155891976,9.90604702490758,10.1650609949102,1,52.976
299,1000,"Gibbs","mu_4",20,20.0265229714009,19.9047775651082,20.1491749321155,1,52.976
299,1000,"VI","mu_1",0,-1.58141800299093e-17,-19.6,19.6,1,0.149000000000001
299,1000,"VI","mu_2",5,1.18866424741801,1.08435684823437,1.29297164660165,0,0.149000000000001
299,1000,"VI","mu_3",10,8.46733027796179,8.36794575437775,8.56671480154583,0,0.149000000000001
299,1000,"VI","mu_4",20,20.0262798420898,19.9042579382021,20.1483017459776,1,0.149000000000001
