"sim_id","n","method","component","mu_true","estimate","lower","upper","covered","elapsed_seconds"
365,1000,"Gibbs","mu_1",0,-0.0627147341760514,-0.190815926365604,0.0646781996890324,1,53.143
365,1000,"Gibbs","mu_2",5,5.0047375134715,4.87455542495222,5.13843894132074,1,53.143
365,1000,"Gibbs","mu_3",10,9.91951337033498,9.79427944113393,10.0509498299212,1,53.143
365,1000,"Gibbs","mu_4",20,20.0167353962868,19.8928305359624,20.1422050169284,1,53.143
365,1000,"VI","mu_1",0,-3.99459474073653e-18,-19.6,19.6,1,0.127000000000002
365,1000,"VI","mu_2",5,0.545167398610255,0.43185647389412,0.658478323326391,0,0.127000000000002
365,1000,"VI","mu_3",10,7.79166178339366,7.69945228451661,7.88387128227072,0,0.127000000000002
365,1000,"VI","mu_4",20,20.0174425448845,19.8932350874135,20.1416500023554,1,0.127000000000002
