"sim_id","n","method","component","mu_true","estimate","lower","upper","covered","elapsed_seconds"
369,1000,"Gibbs","mu_1",0,0.106427743621054,-0.025682831225114,0.235434687104391,1,52.869
369,1000,"Gibbs","mu_2",5,4.95708081450176,4.82095284718354,5.09447138879693,1,52.869
369,1000,"Gibbs","mu_3",10,9.89758859071337,9.76836221041329,10.0252883080326,1,52.869
369,1000,"Gibbs","mu_4",20,19.9553587032131,19.8306896743307,20.0803832362097,1,52.869
369,1000,"VI","mu_1",0,0.106203356566561,-0.0177009095162338,0.230107622649356,1,0.078000000000003
369,1000,"VI","mu_2",5,4.95682677283625,4.83092905399411,5.08272449167838,1,0.078000000000003
369,1000,"VI","mu_3",10,9.89835617415171,9.77499328331817,10.0217190649853,1,0.078000000000003
369,1000,"VI","mu_4",20,19.9542975459364,19.8315599914789,20.077035100394,1,0.078000000000003
