"sim_id","n","method","component","mu_true","estimate","lower","upper","covered","elapsed_seconds"
93,1000,"Gibbs","mu_1",0,0.0811100074422046,-0.0505222675902636,0.21287035725179,1,53.186
93,1000,"Gibbs","mu_2",5,4.92238999892128,4.79535413844352,5.04996608737758,1,53.186
93,1000,"Gibbs","mu_3",10,10.0099112645931,9.87226203160302,10.148974295284,1,53.186
93,1000,"Gibbs","mu_4",20,20.0327817372775,19.9154375987955,20.1509704562011,1,53.186
93,1000,"VI","mu_1",0,-8.9495956017232e-09,-19.5999999798728,19.5999999619736,1,0.0820000000000007
93,1000,"VI","mu_2",5,-8.9495956017232e-09,-19.5999999798728,19.5999999619736,1,0.0820000000000007
93,1000,"VI","mu_3",10,4.7356315197388,4.66283147388323,4.80843156559436,0,0.0820000000000007
93,1000,"VI","mu_4",20,19.9515437589373,19.8333875785556,20.0696999393191,1,0.0820000000000007
