"sim_id","n","method","component","mu_true","estimate","lower","upper","covered","elapsed_seconds"
71,1000,"Gibbs","mu_1",0,-0.0107799990127702,-0.133486174404609,0.11472777494878,1,53.015
71,1000,"Gibbs","mu_2",5,4.84410810420807,4.69496953779744,4.99516390424987,0,53.015
71,1000,"Gibbs","mu_3",10,9.99160188202266,9.86768935253801,10.1155120307881,1,53.015
71,1000,"Gibbs","mu_4",20,20.0660510055332,19.9459328790962,20.1874982870478,1,53.015
71,1000,"VI","mu_1",0,-6.05191489627075e-17,-19.6,19.6,1,0.152000000000001
71,1000,"VI","mu_2",5,1.53138505369036,1.43475341897218,1.62801668840854,0,0.152000000000001
71,1000,"VI","mu_3",10,9.26838119364625,9.16074919073718,9.37601319655533,0,0.152000000000001
71,1000,"VI","mu_4",20,20.066330287895,19.9440712256016,20.1885893501884,1,0.152000000000001
