"sim_id","n","method","component","mu_true","estimate","lower","upper","covered","elapsed_seconds"
289,1000,"Gibbs","mu_1",0,0.0341442276799814,-0.0915132886249543,0.161512227101731,1,52.744
289,1000,"Gibbs","mu_2",5,5.11787033704624,4.98989955082382,5.2453443062514,1,52.744
289,1000,"Gibbs","mu_3",10,10.1401105854809,10.016558994812,10.2657700767408,0,52.744
289,1000,"Gibbs","mu_4",20,20.0292726940617,19.9039492593875,20.1559064629537,1,52.744
289,1000,"VI","mu_1",0,-5.9037705748559e-18,-19.6,19.6,1,0.123000000000005
289,1000,"VI","mu_2",5,0.743570294929184,0.631790595842252,0.855349994016116,0,0.123000000000005
289,1000,"VI","mu_3",10,8.06515943089166,7.97302601062436,8.15729285115896,0,0.123000000000005
289,1000,"VI","mu_4",20,20.0287226094061,19.9022077915301,20.155237427282,1,0.123000000000005
