"sim_id","n","method","component","mu_true","estimate","lower","upper","covered","elapsed_seconds"
53,1000,"Gibbs","mu_1",0,0.0031590026298374,-0.125189223780444,0.132971287359851,1,50.978
53,1000,"Gibbs","mu_2",5,5.12456135184183,4.98779417030544,5.26072005387999,1,50.978
53,1000,"Gibbs","mu_3",10,9.93159235767686,9.80252163397243,10.0601792920031,1,50.978
53,1000,"Gibbs","mu_4",20,20.0407891608954,19.9127174895782,20.1646931474313,1,50.978
53,1000,"VI","mu_1",0,0.00407014757611069,-0.119977117398242,0.128117412550464,1,0.0850000000000009
53,1000,"VI","mu_2",5,5.12526225740878,5.00049448425618,5.25003003056138,0,0.0850000000000009
53,1000,"VI","mu_3",10,9.93195795782788,9.80936165280107,10.0545542628547,1,0.0850000000000009
53,1000,"VI","mu_4",20,20.0410902992736,19.9166326840137,20.1655479145335,1,0.0850000000000009
