"sim_id","n","method","component","mu_true","estimate","lower","upper","covered","elapsed_seconds"
446,1000,"Gibbs","mu_1",0,-0.0196433921680752,-0.145768799968188,0.107697826844986,1,52.661
446,1000,"Gibbs","mu_2",5,4.97216573995439,4.8425132390226,5.09951166292585,1,52.661
446,1000,"Gibbs","mu_3",10,9.89901910156853,9.76757858135434,10.0324665357697,1,52.661
446,1000,"Gibbs","mu_4",20,20.0073195812302,19.8847900696205,20.1305630413866,1,52.661
446,1000,"VI","mu_1",0,-1.41027034435321e-16,-19.6,19.6,1,0.174999999999997
446,1000,"VI","mu_2",5,1.7309045535967,1.63286799886962,1.82894110832378,0,0.174999999999997
446,1000,"VI","mu_3",10,8.72974307810586,8.62517341165466,8.83431274455706,0,0.174999999999997
446,1000,"VI","mu_4",20,20.0074219478232,19.883214488821,20.1316294068253,1,0.174999999999997
