"sim_id","n","method","component","mu_true","estimate","lower","upper","covered","elapsed_seconds"
224,1000,"Gibbs","mu_1",0,-0.0509213303415837,-0.179710699446323,0.0763084642722825,1,53.097
224,1000,"Gibbs","mu_2",5,5.121552083157,4.97476750754048,5.26566498802451,1,53.097
224,1000,"Gibbs","mu_3",10,9.97307241036464,9.85221999847746,10.0940891092412,1,53.097
224,1000,"Gibbs","mu_4",20,19.9808362162368,19.8559166218276,20.1099701754431,1,53.097
224,1000,"VI","mu_1",0,0.830672788225832,0.722791893522868,0.938553682928797,0,0.298999999999999
224,1000,"VI","mu_2",5,8.42507010226567,8.33130383565355,8.51883636887779,0,0.298999999999999
224,1000,"VI","mu_3",10,19.9795862643793,19.7980035498015,20.1611689789572,0,0.298999999999999
224,1000,"VI","mu_4",20,19.9797560575238,19.7981733714817,20.161338743566,1,0.298999999999999
