"sim_id","n","method","component","mu_true","estimate","lower","upper","covered","elapsed_seconds"
191,1000,"Gibbs","mu_1",0,0.0631721729743412,-0.0674990406349972,0.192043820166219,1,53.081
191,1000,"Gibbs","mu_2",5,4.92490408534408,4.78486919346073,5.066069356791,1,53.081
191,1000,"Gibbs","mu_3",10,9.9106870742247,9.78664495436227,10.03240859414,1,53.081
191,1000,"Gibbs","mu_4",20,20.0857837067894,19.9601040233351,20.2104237265023,1,53.081
191,1000,"VI","mu_1",0,-3.83383435720968e-09,-19.5999999833633,19.5999999756956,1,0.0730000000000004
191,1000,"VI","mu_2",5,-3.83383435720968e-09,-19.5999999833633,19.5999999756956,1,0.0730000000000004
191,1000,"VI","mu_3",10,5.14866104381897,5.0776005612559,5.21972152638204,0,0.0730000000000004
191,1000,"VI","mu_4",20,20.0786720515685,19.9519553065797,20.2053887965573,1,0.0730000000000004
