"sim_id","n","method","component","mu_true","estimate","lower","upper","covered","elapsed_seconds"
259,1000,"Gibbs","mu_1",0,1.88108209413267,1.72039094633625,2.02895982736913,0,52.974
259,1000,"Gibbs","mu_2",5,9.2804941155492,9.0640388049658,9.48060488060634,0,52.974
259,1000,"Gibbs","mu_3",10,19.8838735561941,19.6574715628007,20.0627928061004,0,52.974
259,1000,"Gibbs","mu_4",20,20.1071652448009,19.9259195565561,20.3348029066644,1,52.974
259,1000,"VI","mu_1",0,-1.0957052521164e-15,-19.6,19.6,1,0.136000000000003
259,1000,"VI","mu_2",5,1.88897668794705,1.79555612157413,1.98239725431998,0,0.136000000000003
259,1000,"VI","mu_3",10,9.29054032172855,9.17883051758419,9.40225012587291,0,0.136000000000003
259,1000,"VI","mu_4",20,19.9964488006749,19.8729828558554,20.1199147454945,1,0.136000000000003
