"sim_id","n","method","component","mu_true","estimate","lower","upper","covered","elapsed_seconds"
182,1000,"Gibbs","mu_1",0,-0.042342020384192,-0.172805235773474,0.0848520471519113,1,53.149
182,1000,"Gibbs","mu_2",5,4.9438240477669,4.80612890889225,5.08025518899541,1,53.149
182,1000,"Gibbs","mu_3",10,9.91853550405106,9.79809758064176,10.0385822999972,1,53.149
182,1000,"Gibbs","mu_4",20,20.0322600032078,19.9042983715362,20.1596123669396,1,53.149
182,1000,"VI","mu_1",0,-1.52801654467807e-07,-19.5999996589294,19.5999993533261,1,0.0970000000000013
182,1000,"VI","mu_2",5,-1.52801654467807e-07,-19.5999996589294,19.5999993533261,1,0.0970000000000013
182,1000,"VI","mu_3",10,5.03049639116075,4.95966043677717,5.10133234554432,0,0.0970000000000013
182,1000,"VI","mu_4",20,19.9584864130499,19.8304707292819,20.0865020968179,1,0.0970000000000013
