"sim_id","n","method","component","mu_true","estimate","lower","upper","covered","elapsed_seconds"
401,1000,"Gibbs","mu_1",0,0.0579044688729648,-0.0689280178563249,0.187233370224242,1,53.182
401,1000,"Gibbs","mu_2",5,4.91242439590967,4.77893832888476,5.04457030723797,1,53.182
401,1000,"Gibbs","mu_3",10,9.88547893286503,9.75716926569,10.01554877754,1,53.182
401,1000,"Gibbs","mu_4",20,20.0732893608705,19.9451614613712,20.1979149998654,1,53.182
401,1000,"VI","mu_1",0,-1.71046162345967e-08,-19.599999955431,19.5999999212217,1,0.0889999999999986
401,1000,"VI","mu_2",5,-1.71046162345967e-08,-19.599999955431,19.5999999212217,1,0.0889999999999986
401,1000,"VI","mu_3",10,4.89003567387485,4.81865438306104,4.96141696468866,0,0.0889999999999986
401,1000,"VI","mu_4",20,19.9827622216395,19.8578146078353,20.1077098354438,1,0.0889999999999986
