"sim_id","n","method","component","mu_true","estimate","lower","upper","covered","elapsed_seconds"
67,1000,"Gibbs","mu_1",0,0.0373396635176645,-0.0912057775766222,0.166503650592271,1,53.156
67,1000,"Gibbs","mu_2",5,5.04830641207314,4.91325160791395,5.17793604423902,1,53.156
67,1000,"Gibbs","mu_3",10,10.0508494587421,9.91928342928545,10.1800063294194,1,53.156
67,1000,"Gibbs","mu_4",20,19.9685400907715,19.8473790160343,20.0899204435692,1,53.156
67,1000,"VI","mu_1",0,0.61062557799903,0.496550798126693,0.724700357871368,0,0.109999999999999
67,1000,"VI","mu_2",5,7.94437111500317,7.8130931333179,8.07564909668844,0,0.109999999999999
67,1000,"VI","mu_3",10,7.94437111500317,7.8130931333179,8.07564909668844,0,0.109999999999999
67,1000,"VI","mu_4",20,19.9688543298351,19.84706820676,20.0906404529101,1,0.109999999999999
