"sim_id","n","method","component","mu_true","estimate","lower","upper","covered","elapsed_seconds"
98,1000,"Gibbs","mu_1",0,0.0214193813147822,-0.116622020113672,0.1565682253722,1,53.22
98,1000,"Gibbs","mu_2",5,4.98027177732972,4.85136880095015,5.10581087653394,1,53.22
98,1000,"Gibbs","mu_3",10,9.93046963731113,9.80135615901595,10.0618451117671,1,53.22
98,1000,"Gibbs","mu_4",20,19.9385296667145,19.8125250360929,20.0640786024346,1,53.22
98,1000,"VI","mu_1",0,-5.04396304014639e-08,-19.5999998520571,19.5999997511779,1,0.0840000000000032
98,1000,"VI","mu_2",5,-5.04396304014639e-08,-19.5999998520571,19.5999997511779,1,0.0840000000000032
98,1000,"VI","mu_3",10,5.17698501839261,5.10583835944609,5.24813167733913,0,0.0840000000000032
98,1000,"VI","mu_4",20,19.9342098886244,19.8079781166596,20.0604416605893,1,0.0840000000000032
