"sim_id","n","method","component","mu_true","estimate","lower","upper","covered","elapsed_seconds"
4,1000,"Gibbs","mu_1",0,-0.0250797482129328,-0.152289047024075,0.100514095669109,1,52.782
4,1000,"Gibbs","mu_2",5,4.94904351963167,4.81407099198279,5.08427066008776,1,52.782
4,1000,"Gibbs","mu_3",10,9.87706501815344,9.74510226566721,10.0053694637545,1,52.782
4,1000,"Gibbs","mu_4",20,19.9129399744331,19.7878703905547,20.0337775813179,1,52.782
4,1000,"VI","mu_1",0,-0.0236366826677382,-0.145240137546505,0.0979667722110289,1,0.0840000000000032
4,1000,"VI","mu_2",5,4.95109371315504,4.82721373284761,5.07497369346248,1,0.0840000000000032
4,1000,"VI","mu_3",10,9.87750720055302,9.75200868282804,10.003005718278,1,0.0840000000000032
4,1000,"VI","mu_4",20,19.9134546570328,19.7884921611347,20.038417152931,1,0.0840000000000032
