"sim_id","n","method","component","mu_true","estimate","lower","upper","covered","elapsed_seconds"
218,1000,"Gibbs","mu_1",0,-0.0331140702914524,-0.16615585765042,0.0972771384083781,1,53.258
218,1000,"Gibbs","mu_2",5,4.89996114129172,4.77019277283499,5.03045159268604,1,53.258
218,1000,"Gibbs","mu_3",10,10.0294727162977,9.90159179272433,10.1556858032227,1,53.258
218,1000,"Gibbs","mu_4",20,20.0016609114638,19.8778838657772,20.1261350422775,1,53.258
218,1000,"VI","mu_1",0,1.78703763284678,1.68832064160857,1.885754624085,0,0.213999999999999
218,1000,"VI","mu_2",5,9.00571916210357,8.85835894180606,9.15307938240108,0,0.213999999999999
218,1000,"VI","mu_3",10,9.00571916210357,8.85835894180606,9.15307938240108,0,0.213999999999999
218,1000,"VI","mu_4",20,20.0022948730428,19.8788289282835,20.1257608178021,1,0.213999999999999
