"sim_id","n","method","component","mu_true","estimate","lower","upper","covered","elapsed_seconds"
57,1000,"Gibbs","mu_1",0,-0.0615937382338244,-0.199083875506817,0.075699434916179,1,52.763
57,1000,"Gibbs","mu_2",5,4.92276496997899,4.78994020209099,5.05302299472657,1,52.763
57,1000,"Gibbs","mu_3",10,9.9852170856758,9.86586592499962,10.1038371982339,1,52.763
57,1000,"Gibbs","mu_4",20,20.0397778269755,19.9149697985117,20.1645975072472,1,52.763
57,1000,"VI","mu_1",0,-2.38314665357642e-06,-19.5999941851021,19.5999894188088,1,0.0889999999999986
57,1000,"VI","mu_2",5,-2.38314665357642e-06,-19.5999941851021,19.5999894188088,1,0.0889999999999986
57,1000,"VI","mu_3",10,5.43258118789257,5.36134403645871,5.50381833932642,0,0.0889999999999986
57,1000,"VI","mu_4",20,20.0393922712435,19.9136619556951,20.1651225867919,1,0.0889999999999986
