"sim_id","n","method","component","mu_true","estimate","lower","upper","covered","elapsed_seconds"
28,1000,"Gibbs","mu_1",0,0.120169348221929,-0.0190808656442383,0.258222000810582,1,53.111
28,1000,"Gibbs","mu_2",5,5.07428981182243,4.94052624124367,5.20805668521385,1,53.111
28,1000,"Gibbs","mu_3",10,10.0422289990788,9.91800618311654,10.1662866201071,1,53.111
28,1000,"Gibbs","mu_4",20,19.910251913862,19.7767913373745,20.0395812409543,1,53.111
28,1000,"VI","mu_1",0,0.120807277059844,-0.0103032438575189,0.251917797977206,1,0.0919999999999987
28,1000,"VI","mu_2",5,5.07324587346626,4.95427927706368,5.19221246986883,1,0.0919999999999987
28,1000,"VI","mu_3",10,10.0420885938596,9.925189377584,10.1589878101352,1,0.0919999999999987
28,1000,"VI","mu_4",20,19.9106465446393,19.7796914591762,20.0416016301024,1,0.0919999999999987
