"sim_id","n","method","component","mu_true","estimate","lower","upper","covered","elapsed_seconds"
478,1000,"Gibbs","mu_1",0,-0.00743996596175132,-0.13700221624219,0.113245590271245,1,52.913
478,1000,"Gibbs","mu_2",5,5.08372800113473,4.95061875809914,5.21683669324944,1,52.913
478,1000,"Gibbs","mu_3",10,10.0290988674911,9.90172976880207,10.1593069981934,1,52.913
478,1000,"Gibbs","mu_4",20,19.9752666546745,19.84982400795,20.1008660996972,1,52.913
478,1000,"VI","mu_1",0,-1.84770418756738e-07,-19.5999996115243,19.5999992419835,1,0.0959999999999965
478,1000,"VI","mu_2",5,-1.84770418756738e-07,-19.5999996115243,19.5999992419835,1,0.0959999999999965
478,1000,"VI","mu_3",10,5.03301455413233,4.96151108399857,5.1045180242661,0,0.0959999999999965
478,1000,"VI","mu_4",20,19.9573224211561,19.8330233268143,20.081621515498,1,0.0959999999999965
