"sim_id","n","method","component","mu_true","estimate","lower","upper","covered","elapsed_seconds"
180,1000,"Gibbs","mu_1",0,-0.025239719696755,-0.149604972758173,0.101245827085561,1,53.149
180,1000,"Gibbs","mu_2",5,5.06786540709943,4.92242035421282,5.21073792040291,1,53.149
180,1000,"Gibbs","mu_3",10,9.97055954572036,9.84359289523788,10.0983135597165,1,53.149
180,1000,"Gibbs","mu_4",20,19.9328593714318,19.8107297802671,20.0604952832887,1,53.149
180,1000,"VI","mu_1",0,-1.34948701178304e-08,-19.5999999583682,19.5999999313785,1,0.0970000000000013
180,1000,"VI","mu_2",5,-1.34948701178304e-08,-19.5999999583682,19.5999999313785,1,0.0970000000000013
180,1000,"VI","mu_3",10,4.94905712372094,4.87726086555678,5.0208533818851,0,0.0970000000000013
180,1000,"VI","mu_4",20,19.8554837931792,19.7326857379095,19.9782818484489,0,0.0970000000000013
