"sim_id","n","method","component","mu_true","estimate","lower","upper","covered","elapsed_seconds"
208,1000,"Gibbs","mu_1",0,1.16484284263074,0.950214547049249,1.3935418566651,0,53.046
208,1000,"Gibbs","mu_2",5,8.21850703028848,8.04583375093276,8.40991027042675,0,53.046
208,1000,"Gibbs","mu_3",10,19.6276403017249,19.335698944498,19.9146216573117,0,53.046
208,1000,"Gibbs","mu_4",20,20.1735744738467,19.8848335487828,20.4673973655112,1,53.046
208,1000,"VI","mu_1",0,-0.0185080499401663,-0.147164642786574,0.110148542906241,1,0.0730000000000004
208,1000,"VI","mu_2",5,5.05360056615634,4.93216711675214,5.17503401556054,1,0.0730000000000004
208,1000,"VI","mu_3",10,9.9103265012387,9.78572255468199,10.0349304477954,1,0.0730000000000004
208,1000,"VI","mu_4",20,19.901516934189,19.7799652318034,20.0230686365746,1,0.0730000000000004
