"sim_id","n","method","component","mu_true","estimate","lower","upper","covered","elapsed_seconds"
390,1000,"Gibbs","mu_1",0,0.0953943402572329,-0.0270290199256917,0.218180861757599,1,53.155
390,1000,"Gibbs","mu_2",5,4.93562010063048,4.80389722732598,5.06918771727331,1,53.155
390,1000,"Gibbs","mu_3",10,10.0233773560303,9.89075154479795,10.1577773465397,1,53.155
390,1000,"Gibbs","mu_4",20,19.9627108217987,19.8364439535708,20.0903694058443,1,53.155
390,1000,"VI","mu_1",0,0.0957252409214445,-0.0222919501350657,0.213742431977955,1,0.0899999999999963
390,1000,"VI","mu_2",5,4.93554328641795,4.81331347097139,5.05777310186451,1,0.0899999999999963
390,1000,"VI","mu_3",10,10.0225297778434,9.89442236596363,10.1506371897231,1,0.0899999999999963
390,1000,"VI","mu_4",20,19.9622336025862,19.8338324886575,20.0906347165148,1,0.0899999999999963
