"sim_id","n","method","component","mu_true","estimate","lower","upper","covered","elapsed_seconds"
84,1000,"Gibbs","mu_1",0,-0.000909157992442879,-0.131550731980212,0.133089229796736,1,53.084
84,1000,"Gibbs","mu_2",5,4.99200005483716,4.85234113527903,5.12708991231118,1,53.084
84,1000,"Gibbs","mu_3",10,9.97917867875648,9.85206373999428,10.104861824201,1,53.084
84,1000,"Gibbs","mu_4",20,19.9693378140529,19.8490679107712,20.0915868148034,1,53.084
84,1000,"VI","mu_1",0,-4.91913695422736e-09,-19.5999999797572,19.5999999699189,1,0.0829999999999984
84,1000,"VI","mu_2",5,-4.91913695422736e-09,-19.5999999797572,19.5999999699189,1,0.0829999999999984
84,1000,"VI","mu_3",10,5.13292945439259,5.06041996772534,5.20543894105983,0,0.0829999999999984
84,1000,"VI","mu_4",20,19.8649522293841,19.7455261387139,19.9843783200542,0,0.0829999999999984
