"sim_id","n","method","component","mu_true","estimate","lower","upper","covered","elapsed_seconds"
260,1000,"Gibbs","mu_1",0,0.0427220057488012,-0.094959312151304,0.182384238239257,1,52.911
260,1000,"Gibbs","mu_2",5,4.96945987562156,4.8352708665914,5.10395845251198,1,52.911
260,1000,"Gibbs","mu_3",10,9.97611156116083,9.8530627331934,10.1006574496611,1,52.911
260,1000,"Gibbs","mu_4",20,20.0208912872404,19.9012040264681,20.1404073672691,1,52.911
260,1000,"VI","mu_1",0,0.0430049564710368,-0.0880655414154554,0.174075454357529,1,0.0760000000000005
260,1000,"VI","mu_2",5,4.96956242545321,4.84542732406198,5.09369752684443,1,0.0760000000000005
260,1000,"VI","mu_3",10,9.97721397863655,9.85615109278582,10.0982768644873,1,0.0760000000000005
260,1000,"VI","mu_4",20,20.0206230985245,19.9002235316825,20.1410226653665,1,0.0760000000000005
