"sim_id","n","method","component","mu_true","estimate","lower","upper","covered","elapsed_seconds"
352,1000,"Gibbs","mu_1",0,0.0883510349689708,-0.0391241323204486,0.220351617579828,1,54.28
352,1000,"Gibbs","mu_2",5,4.99874910826001,4.86241771865997,5.13252538678889,1,54.28
352,1000,"Gibbs","mu_3",10,9.99045169593501,9.86449798889521,10.1165507479836,1,54.28
352,1000,"Gibbs","mu_4",20,19.988893109846,19.866505855171,20.1089306295271,1,54.28
352,1000,"VI","mu_1",0,-2.81881104988448e-16,-19.6,19.6,1,0.167999999999999
352,1000,"VI","mu_2",5,1.98665783524835,1.8907356036215,2.08258006687519,0,0.167999999999999
352,1000,"VI","mu_3",10,9.26258178867892,9.15444186951055,9.3707217078473,0,0.167999999999999
352,1000,"VI","mu_4",20,19.9882373207385,19.8652584040002,20.1112162374768,1,0.167999999999999
