"sim_id","n","method","component","mu_true","estimate","lower","upper","covered","elapsed_seconds"
36,1000,"Gibbs","mu_1",0,-0.155491431924248,-0.280822586899983,-0.0302521164438068,0,53.013
36,1000,"Gibbs","mu_2",5,5.0697840375992,4.93557847549415,5.20316703203017,1,53.013
36,1000,"Gibbs","mu_3",10,9.95314818348445,9.82019264363624,10.0837263833327,1,53.013
36,1000,"Gibbs","mu_4",20,20.0167288632049,19.8953559636732,20.139122758533,1,53.013
36,1000,"VI","mu_1",0,-1.81893040479752e-18,-19.6,19.6,1,0.101000000000006
36,1000,"VI","mu_2",5,0.32061029910145,0.206119435783085,0.435101162419816,0,0.101000000000006
36,1000,"VI","mu_3",10,7.84920077003232,7.75586220758822,7.94253933247643,0,0.101000000000006
36,1000,"VI","mu_4",20,20.0158684530649,19.8956954027776,20.1360415033523,1,0.101000000000006
