"sim_id","n","method","component","mu_true","estimate","lower","upper","covered","elapsed_seconds"
432,1000,"Gibbs","mu_1",0,0.0328997049536512,-0.0887156128725455,0.152114466983846,1,52.833
432,1000,"Gibbs","mu_2",5,5.04480379452419,4.90629298637134,5.18111033921623,1,52.833
432,1000,"Gibbs","mu_3",10,10.0072661380927,9.8739319948203,10.1411742635305,1,52.833
432,1000,"Gibbs","mu_4",20,20.0327220704287,19.9102174121097,20.1564591410595,1,52.833
432,1000,"VI","mu_1",0,-4.6823347634756e-09,-19.5999999872219,19.5999999778572,1,0.0970000000000013
432,1000,"VI","mu_2",5,-4.6823347634756e-09,-19.5999999872219,19.5999999778572,1,0.0970000000000013
432,1000,"VI","mu_3",10,4.75436335849891,4.68273402785979,4.82599268913804,0,0.0970000000000013
432,1000,"VI","mu_4",20,19.9956293978717,19.8719845286349,20.1192742671085,1,0.0970000000000013
