"sim_id","n","method","component","mu_true","estimate","lower","upper","covered","elapsed_seconds"
311,1000,"Gibbs","mu_1",0,0.0211791344589923,-0.102333646472843,0.144020565169771,1,52.731
311,1000,"Gibbs","mu_2",5,4.94657902120415,4.81194905401917,5.08113627062364,1,52.731
311,1000,"Gibbs","mu_3",10,9.96023605710826,9.83576706701518,10.0866988215011,1,52.731
311,1000,"Gibbs","mu_4",20,20.0512851118486,19.9211054924972,20.1804076633972,1,52.731
311,1000,"VI","mu_1",0,-1.37536462224649e-16,-19.6,19.6,1,0.155000000000001
311,1000,"VI","mu_2",5,1.76473736285474,1.67062336757038,1.8588513581391,0,0.155000000000001
311,1000,"VI","mu_3",10,9.13470600804068,9.02636839212574,9.24304362395561,0,0.155000000000001
311,1000,"VI","mu_4",20,20.0515466397252,19.9247674314209,20.1783258480295,1,0.155000000000001
