"sim_id","n","method","component","mu_true","estimate","lower","upper","covered","elapsed_seconds"
380,1000,"Gibbs","mu_1",0,-0.0275581871217423,-0.15534407682299,0.100758765797673,1,52.754
380,1000,"Gibbs","mu_2",5,5.05794487076559,4.93773049843265,5.18317798383822,1,52.754
380,1000,"Gibbs","mu_3",10,9.97410345245456,9.83764161469382,10.1110290829642,1,52.754
380,1000,"Gibbs","mu_4",20,20.0236163191232,19.9033611451536,20.1471639417117,1,52.754
380,1000,"VI","mu_1",0,-8.79906371749824e-09,-19.5999999765378,19.5999999589397,1,0.0749999999999957
380,1000,"VI","mu_2",5,-8.79906371749824e-09,-19.5999999765378,19.5999999589397,1,0.0749999999999957
380,1000,"VI","mu_3",10,4.87109817890137,4.79919795914211,4.94299839866064,0,0.0749999999999957
380,1000,"VI","mu_4",20,19.9967845703939,19.8745022857372,20.1190668550506,1,0.0749999999999957
