"sim_id","n","method","component","mu_true","estimate","lower","upper","covered","elapsed_seconds"
140,1000,"Gibbs","mu_1",0,-0.0124259346548364,-0.139668255796681,0.113125412300032,1,53.143
140,1000,"Gibbs","mu_2",5,5.06655635253147,4.9371450959878,5.19434331706299,1,53.143
140,1000,"Gibbs","mu_3",10,10.0682795827549,9.94088934743003,10.199419937181,1,53.143
140,1000,"Gibbs","mu_4",20,20.1118274635427,19.9845503751953,20.2384027664837,1,53.143
140,1000,"VI","mu_1",0,-5.11236901372341e-09,-19.5999999808215,19.5999999705968,1,0.0910000000000011
140,1000,"VI","mu_2",5,-5.11236901372341e-09,-19.5999999808215,19.5999999705968,1,0.0910000000000011
140,1000,"VI","mu_3",10,5.08194078773427,5.01084392030779,5.15303765516075,0,0.0910000000000011
140,1000,"VI","mu_4",20,20.1126128528288,19.9861017663021,20.2391239393556,1,0.0910000000000011
