"sim_id","n","method","component","mu_true","estimate","lower","upper","covered","elapsed_seconds"
63,1000,"Gibbs","mu_1",0,-0.0446744379563788,-0.181483046145161,0.0890618682800556,1,53.022
63,1000,"Gibbs","mu_2",5,5.02085013737723,4.88454867610812,5.1527841305481,1,53.022
63,1000,"Gibbs","mu_3",10,10.0243515648065,9.90223871986421,10.1468616163947,1,53.022
63,1000,"Gibbs","mu_4",20,20.1367153066524,20.0158452177885,20.2578455130505,0,53.022
63,1000,"VI","mu_1",0,-8.89686874855338e-16,-19.6,19.6,1,0.198
63,1000,"VI","mu_2",5,2.05805667086597,1.95942444646373,2.15668889526822,0,0.198
63,1000,"VI","mu_3",10,9.26378504475687,9.15750967006402,9.37006041944973,0,0.198
63,1000,"VI","mu_4",20,20.1370665090109,20.0166669377878,20.257466080234,0,0.198
