"sim_id","n","method","component","mu_true","estimate","lower","upper","covered","elapsed_seconds"
456,1000,"Gibbs","mu_1",0,-0.0644965878652048,-0.191539934339187,0.0632389203146037,1,53.125
456,1000,"Gibbs","mu_2",5,5.02208655285138,4.89528992368209,5.15171911770239,1,53.125
456,1000,"Gibbs","mu_3",10,10.0198109719229,9.8936079537185,10.1416529515628,1,53.125
456,1000,"Gibbs","mu_4",20,20.003372219705,19.8789193695091,20.1248034666724,1,53.125
456,1000,"VI","mu_1",0,-0.0647010853399273,-0.190178104255165,0.0607759335753104,1,0.0700000000000003
456,1000,"VI","mu_2",5,5.02225400634949,4.89848106889296,5.14602694380601,1,0.0700000000000003
456,1000,"VI","mu_3",10,10.0194086318446,9.89697365194907,10.1418436117401,1,0.0700000000000003
456,1000,"VI","mu_4",20,20.0049233088678,19.8807158498655,20.1291307678701,1,0.0700000000000003
