"sim_id","n","method","component","mu_true","estimate","lower","upper","covered","elapsed_seconds"
238,1000,"Gibbs","mu_1",0,-0.0159032020584404,-0.15054881375612,0.119087737482828,1,53.277
238,1000,"Gibbs","mu_2",5,4.94167649993531,4.80913059847871,5.07455577004132,1,53.277
238,1000,"Gibbs","mu_3",10,10.1093138602631,9.98130625203061,10.2376310497021,1,53.277
238,1000,"Gibbs","mu_4",20,19.9244463715165,19.8000031352222,20.0492002560126,1,53.277
238,1000,"VI","mu_1",0,-2.95192191644913e-16,-19.6,19.6,1,0.186999999999998
238,1000,"VI","mu_2",5,1.81664260782116,1.72133131049641,1.9119539051459,0,0.186999999999998
238,1000,"VI","mu_3",10,9.20655894324417,9.09802687459781,9.31509101189053,0,0.186999999999998
238,1000,"VI","mu_4",20,19.9257356231827,19.8020239847619,20.0494472616035,1,0.186999999999998
