"sim_id","n","method","component","mu_true","estimate","lower","upper","covered","elapsed_seconds"
488,1000,"Gibbs","mu_1",0,2.52681917800071e-05,-0.129923702494417,0.127675507023535,1,53.026
488,1000,"Gibbs","mu_2",5,5.11175950492123,4.98579470626619,5.23508995051622,1,53.026
488,1000,"Gibbs","mu_3",10,10.0372923311573,9.91406594440004,10.1638562286703,1,53.026
488,1000,"Gibbs","mu_4",20,20.0572927232845,19.9248800260222,20.1859868282257,1,53.026
488,1000,"VI","mu_1",0,-4.84768329226449e-18,-19.6,19.6,1,0.121000000000002
488,1000,"VI","mu_2",5,0.728235507970606,0.615484374960899,0.840986640980313,0,0.121000000000002
488,1000,"VI","mu_3",10,7.99162637739533,7.90110623030325,8.0821465244874,0,0.121000000000002
488,1000,"VI","mu_4",20,20.0576346004585,19.9281169991139,20.1871522018031,1,0.121000000000002
