"sim_id","n","method","component","mu_true","estimate","lower","upper","covered","elapsed_seconds"
112,1000,"Gibbs","mu_1",0,-0.00280157023427177,-0.136583600884694,0.127354498297518,1,52.954
112,1000,"Gibbs","mu_2",5,5.03229045593978,4.90365037757604,5.16125957273432,1,52.954
112,1000,"Gibbs","mu_3",10,9.94305879627374,9.81566967614139,10.0738657508801,1,52.954
112,1000,"Gibbs","mu_4",20,19.9835528189403,19.8548510228779,20.1082137013252,1,52.954
112,1000,"VI","mu_1",0,-0.00221358575641907,-0.129050269849299,0.124623098336461,1,0.0730000000000004
112,1000,"VI","mu_2",5,5.03261233451864,4.91032381020534,5.15490085883194,1,0.0730000000000004
112,1000,"VI","mu_3",10,9.94225708292942,9.81911817888312,10.0653959869757,1,0.0730000000000004
112,1000,"VI","mu_4",20,19.9829377447994,19.8592261061429,20.106649383456,1,0.0730000000000004
