"sim_id","n","method","component","mu_true","estimate","lower","upper","covered","elapsed_seconds"
282,1000,"Gibbs","mu_1",0,0.044512118759044,-0.0806457975553688,0.172885491819484,1,52.824
282,1000,"Gibbs","mu_2",5,5.02652462450074,4.89705909847025,5.15371502828773,1,52.824
282,1000,"Gibbs","mu_3",10,10.054299750982,9.92514833423645,10.1845278769053,1,52.824
282,1000,"Gibbs","mu_4",20,19.9366139378027,19.8093096217456,20.0602361599798,1,52.824
282,1000,"VI","mu_1",0,-8.89874946631226e-10,-19.5999999960404,19.5999999942606,1,0.0959999999999965
282,1000,"VI","mu_2",5,-8.89874946631226e-10,-19.5999999960404,19.5999999942606,1,0.0959999999999965
282,1000,"VI","mu_3",10,4.94790806572975,4.87661885476226,5.01919727669723,0,0.0959999999999965
282,1000,"VI","mu_4",20,19.8727914670282,19.74734608695,19.9982368471064,0,0.0959999999999965
