"sim_id","n","method","component","mu_true","estimate","lower","upper","covered","elapsed_seconds"
127,1000,"Gibbs","mu_1",0,-0.128725059001951,-0.260659171228747,-0.000359040917162896,0,52.847
127,1000,"Gibbs","mu_2",5,4.8767384517887,4.7445564872325,5.00533622679979,1,52.847
127,1000,"Gibbs","mu_3",10,9.92155502035553,9.80141512431587,10.0454412346322,1,52.847
127,1000,"Gibbs","mu_4",20,20.0102995586465,19.8805437491489,20.1356042107045,1,52.847
127,1000,"VI","mu_1",0,0.433640620010748,0.318121232702282,0.549160007319214,0,0.119
127,1000,"VI","mu_2",5,7.80638778076109,7.67936062269935,7.93341493882283,0,0.119
127,1000,"VI","mu_3",10,7.80638778076109,7.67936062269935,7.93341493882283,0,0.119
127,1000,"VI","mu_4",20,20.0104800035093,19.8828976682026,20.1380623388161,1,0.119
