"sim_id","n","method","component","mu_true","estimate","lower","upper","covered","elapsed_seconds"
8,1000,"Gibbs","mu_1",0,-0.0502466082616591,-0.184683160747338,0.0803614653395767,1,52.876
8,1000,"Gibbs","mu_2",5,4.97367949306324,4.83725777597223,5.10873196879872,1,52.876
8,1000,"Gibbs","mu_3",10,10.0176877263704,9.88997460095045,10.1458937719377,1,52.876
8,1000,"Gibbs","mu_4",20,19.9973527597712,19.8720227249211,20.1213888799091,1,52.876
8,1000,"VI","mu_1",0,-3.39497666479637e-16,-19.6,19.6,1,0.161000000000001
8,1000,"VI","mu_2",5,1.9347142696633,1.83923663360222,2.03019190572437,0,0.161000000000001
8,1000,"VI","mu_3",10,9.25811162070494,9.14864791114731,9.36757533026258,0,0.161000000000001
8,1000,"VI","mu_4",20,19.9957825835442,19.8737606782409,20.1178044888475,1,0.161000000000001
