"sim_id","n","method","component","mu_true","estimate","lower","upper","covered","elapsed_seconds"
134,1000,"Gibbs","mu_1",0,-0.0674512225401957,-0.195075980206569,0.0592939850380573,1,52.756
134,1000,"Gibbs","mu_2",5,4.95698701078961,4.81925417623374,5.09123793900143,1,52.756
134,1000,"Gibbs","mu_3",10,9.88942783646993,9.7603554365543,10.0162950873922,1,52.756
134,1000,"Gibbs","mu_4",20,20.0631176962116,19.9344360517996,20.1920878251555,1,52.756
134,1000,"VI","mu_1",0,-1.11722962035602e-17,-19.6,19.6,1,0.171999999999997
134,1000,"VI","mu_2",5,0.898053962989781,0.791901935309135,1.00420599067043,0,0.171999999999997
134,1000,"VI","mu_3",10,8.12278030016217,8.02816136954172,8.21739923078261,0,0.171999999999997
134,1000,"VI","mu_4",20,20.0626306242753,19.9333948609343,20.1918663876163,1,0.171999999999997
