"sim_id","n","method","component","mu_true","estimate","lower","upper","covered","elapsed_seconds"
133,1000,"Gibbs","mu_1",0,0.0126650105162185,-0.114197141860782,0.141561663417903,1,53.016
133,1000,"Gibbs","mu_2",5,5.05986102361524,4.9343502922275,5.18943380782746,1,53.016
133,1000,"Gibbs","mu_3",10,10.0101635819729,9.87911366462675,10.1419116061264,1,53.016
133,1000,"Gibbs","mu_4",20,20.020772581598,19.8975869682858,20.1484744201471,1,53.016
133,1000,"VI","mu_1",0,-2.59257893261461e-07,-19.599999425889,19.5999989073732,1,0.0799999999999983
133,1000,"VI","mu_2",5,-2.59257893261461e-07,-19.599999425889,19.5999989073732,1,0.0799999999999983
133,1000,"VI","mu_3",10,5.1177591386911,5.0461893895154,5.18932888786679,0,0.0799999999999983
133,1000,"VI","mu_4",20,20.0197383133785,19.8957854593782,20.1436911673789,1,0.0799999999999983
