"sim_id","n","method","component","mu_true","estimate","lower","upper","covered","elapsed_seconds"
40,1000,"Gibbs","mu_1",0,-0.110712344388424,-0.244620689520817,0.0212780286702507,1,52.782
40,1000,"Gibbs","mu_2",5,4.95715625043659,4.82644694262098,5.08760821674247,1,52.782
40,1000,"Gibbs","mu_3",10,10.0349284185467,9.91156476456255,10.1596384666038,1,52.782
40,1000,"Gibbs","mu_4",20,20.117067388518,19.9947336316112,20.2423248146205,1,52.782
40,1000,"VI","mu_1",0,-2.96587874906229e-17,-19.6,19.6,1,0.192
40,1000,"VI","mu_2",5,1.23563922737297,1.13064516394226,1.34063329080369,0,0.192
40,1000,"VI","mu_3",10,8.53298514092405,8.43455804353239,8.63141223831571,0,0.192
40,1000,"VI","mu_4",20,20.115595843844,19.9928582893865,20.2383333983014,1,0.192
