"sim_id","n","method","component","mu_true","estimate","lower","upper","covered","elapsed_seconds"
288,1000,"Gibbs","mu_1",0,0.052690056381459,-0.0786201919661236,0.181638130812477,1,52.818
288,1000,"Gibbs","mu_2",5,5.04630602569038,4.91443744586124,5.17952499238499,1,52.818
288,1000,"Gibbs","mu_3",10,10.069627556224,9.94044001846204,10.2005896511733,1,52.818
288,1000,"Gibbs","mu_4",20,20.0587889192169,19.9416802722542,20.1770793183119,1,52.818
288,1000,"VI","mu_1",0,-1.31604932314024e-17,-19.6,19.6,1,0.322000000000003
288,1000,"VI","mu_2",5,0.976067394924429,0.866379663828675,1.08575512602018,0,0.322000000000003
288,1000,"VI","mu_3",10,8.15349368981691,8.05630691376609,8.25068046586772,0,0.322000000000003
288,1000,"VI","mu_4",20,20.0578136459633,19.9394078763509,20.1762194155757,1,0.322000000000003
