"sim_id","n","method","component","mu_true","estimate","lower","upper","covered","elapsed_seconds"
231,1000,"Gibbs","mu_1",0,0.0189681160975945,-0.111641957029371,0.14749020642134,1,53.019
231,1000,"Gibbs","mu_2",5,4.97426533557725,4.84428986302866,5.10832780764956,1,53.019
231,1000,"Gibbs","mu_3",10,10.0415785273184,9.91815036041151,10.1663220412833,1,53.019
231,1000,"Gibbs","mu_4",20,20.0202171221881,19.8943013724429,20.1447923930602,1,53.019
231,1000,"VI","mu_1",0,-1.14499193118303e-05,-19.5999824347931,19.5999595349544,1,0.0720000000000027
231,1000,"VI","mu_2",5,-1.14499193118303e-05,-19.5999824347931,19.5999595349544,1,0.0720000000000027
231,1000,"VI","mu_3",10,5.08126660076379,5.00945749925292,5.15307570227466,0,0.0720000000000027
231,1000,"VI","mu_4",20,19.9352280689835,19.8124942070543,20.0579619309128,1,0.0720000000000027
