"sim_id","n","method","component","mu_true","estimate","lower","upper","covered","elapsed_seconds"
100,1000,"Gibbs","mu_1",0,0.0576417384121342,-0.0687258564008545,0.184422540123042,1,53.091
100,1000,"Gibbs","mu_2",5,5.00890239285428,4.87716946182547,5.13547918796281,1,53.091
100,1000,"Gibbs","mu_3",10,10.0082191027722,9.88038765848062,10.1355064371384,1,53.091
100,1000,"Gibbs","mu_4",20,20.0110704402861,19.8867995076891,20.1400651584704,1,53.091
100,1000,"VI","mu_1",0,-5.39594699753807e-17,-19.6,19.6,1,0.172999999999995
100,1000,"VI","mu_2",5,1.32483156127734,1.22218148450255,1.42748163805213,0,0.172999999999995
100,1000,"VI","mu_3",10,8.36462047443688,8.26605697461873,8.46318397425504,0,0.172999999999995
100,1000,"VI","mu_4",20,20.0102263557284,19.8837115354727,20.136741175984,1,0.172999999999995
