"sim_id","n","method","component","mu_true","estimate","lower","upper","covered","elapsed_seconds"
374,1000,"Gibbs","mu_1",0,0.00437880164421232,-0.124353076961644,0.135900242573078,1,53.048
374,1000,"Gibbs","mu_2",5,4.97572549190517,4.84297290709629,5.11194804510468,1,53.048
374,1000,"Gibbs","mu_3",10,10.0489537530574,9.92020323961185,10.1734254762139,1,53.048
374,1000,"Gibbs","mu_4",20,19.9729485587324,19.8494866571478,20.0952932253118,1,53.048
374,1000,"VI","mu_1",0,0.0035579119055028,-0.12145235708662,0.128568180897625,1,0.070999999999998
374,1000,"VI","mu_2",5,4.97275246842282,4.84828425773684,5.0972206791088,1,0.070999999999998
374,1000,"VI","mu_3",10,10.0492706733412,9.92561572652126,10.1729256201612,1,0.070999999999998
374,1000,"VI","mu_4",20,19.9736031400617,19.8508655857209,20.0963406944025,1,0.070999999999998
