"sim_id","n","method","component","mu_true","estimate","lower","upper","covered","elapsed_seconds"
315,1000,"Gibbs","mu_1",0,-0.0502178409858798,-0.184388855862001,0.0833457506155353,1,53.224
315,1000,"Gibbs","mu_2",5,4.92615485962074,4.79250676555724,5.05763980229231,1,53.224
315,1000,"Gibbs","mu_3",10,10.0175016093111,9.88284301015278,10.146516982578,1,53.224
315,1000,"Gibbs","mu_4",20,20.0068067374263,19.8865087514036,20.1250464253405,1,53.224
315,1000,"VI","mu_1",0,-4.56681035168821e-16,-19.6,19.6,1,0.222000000000001
315,1000,"VI","mu_2",5,1.79220087197977,1.69538930007116,1.88901244388838,0,0.222000000000001
315,1000,"VI","mu_3",10,9.0295501441029,8.91948973475497,9.13961055345084,0,0.222000000000001
315,1000,"VI","mu_4",20,20.0062966274594,19.8876742036085,20.1249190513103,1,0.222000000000001
