"sim_id","n","method","component","mu_true","estimate","lower","upper","covered","elapsed_seconds"
85,1000,"Gibbs","mu_1",0,-0.0810291057580695,-0.209223668298293,0.0483046274680692,1,53.851
85,1000,"Gibbs","mu_2",5,4.88155564969342,4.74873929879815,5.01448528905095,1,53.851
85,1000,"Gibbs","mu_3",10,10.0662315856646,9.94038885474964,10.1928890230961,1,53.851
85,1000,"Gibbs","mu_4",20,20.0570684808191,19.9339503459041,20.1809339840222,1,53.851
85,1000,"VI","mu_1",0,-0.0807196754744822,-0.207616904256584,0.0461775533076196,1,0.0609999999999999
85,1000,"VI","mu_2",5,4.88155056662574,4.75709369311768,5.0060074401338,1,0.0609999999999999
85,1000,"VI","mu_3",10,10.0656926650813,9.94282046536981,10.1885648647927,1,0.0609999999999999
85,1000,"VI","mu_4",20,20.0574883103436,19.935702187268,20.1792744334191,1,0.0609999999999999
