"sim_id","n","method","component","mu_true","estimate","lower","upper","covered","elapsed_seconds"
176,1000,"Gibbs","mu_1",0,0.0440490514179356,-0.0883395067728453,0.175130174312221,1,53.512
176,1000,"Gibbs","mu_2",5,5.04449400250181,4.91460228621955,5.17053584037229,1,53.512
176,1000,"Gibbs","mu_3",10,9.99285858323585,9.86769925680555,10.1185618055982,1,53.512
176,1000,"Gibbs","mu_4",20,20.0242679558467,19.8951317485326,20.1494750445177,1,53.512
176,1000,"VI","mu_1",0,-1.1241442685143e-07,-19.5999996986864,19.5999994738575,1,0.0859999999999985
176,1000,"VI","mu_2",5,-1.1241442685143e-07,-19.5999996986864,19.5999994738575,1,0.0859999999999985
176,1000,"VI","mu_3",10,5.19558900704677,5.12467596242841,5.26650205166514,0,0.0859999999999985
176,1000,"VI","mu_4",20,20.022375638858,19.8948118265752,20.1499394511409,1,0.0859999999999985
