"sim_id","n","method","component","mu_true","estimate","lower","upper","covered","elapsed_seconds"
107,1000,"Gibbs","mu_1",0,0.0950416838429193,-0.0326699175826185,0.22183820661381,1,53.054
107,1000,"Gibbs","mu_2",5,4.99764213802607,4.86341224514746,5.13096333005637,1,53.054
107,1000,"Gibbs","mu_3",10,9.94761089923279,9.81158364609377,10.0826827312329,1,53.054
107,1000,"Gibbs","mu_4",20,19.9342213893957,19.810319097015,20.0552782127096,1,53.054
107,1000,"VI","mu_1",0,-6.07939454923561e-17,-19.6,19.6,1,0.219999999999999
107,1000,"VI","mu_2",5,1.63881502814386,1.54025956743962,1.7373704888481,0,0.219999999999999
107,1000,"VI","mu_3",10,8.55564749745467,8.45065829381933,8.66063670109001,0,0.219999999999999
107,1000,"VI","mu_4",20,19.9342881366544,19.8117905291637,20.056785744145,1,0.219999999999999
