"sim_id","n","method","component","mu_true","estimate","lower","upper","covered","elapsed_seconds"
383,1000,"Gibbs","mu_1",0,0.0294896633648783,-0.0951203041038897,0.157203922687973,1,53.051
383,1000,"Gibbs","mu_2",5,4.92500925695862,4.79205374606189,5.05291244076964,1,53.051
383,1000,"Gibbs","mu_3",10,10.0422986673656,9.90876950225897,10.1751881844825,1,53.051
383,1000,"Gibbs","mu_4",20,19.9963199238361,19.8813061676637,20.1114656533926,1,53.051
383,1000,"VI","mu_1",0,0.030002461738372,-0.0959798654631399,0.155984788939884,1,0.0670000000000002
383,1000,"VI","mu_2",5,4.9248919531696,4.79974463348474,5.05003927285446,1,0.0670000000000002
383,1000,"VI","mu_3",10,10.0438877470565,9.91165525718263,10.1761202369304,1,0.0670000000000002
383,1000,"VI","mu_4",20,19.9952054838427,19.8807030151769,20.1097079525086,1,0.0670000000000002
