"sim_id","n","method","component","mu_true","estimate","lower","upper","covered","elapsed_seconds"
255,1000,"Gibbs","mu_1",0,-0.0286747109454079,-0.160439293566345,0.104551368290389,1,53.336
255,1000,"Gibbs","mu_2",5,5.05203774962378,4.92344409240678,5.17755670334364,1,53.336
255,1000,"Gibbs","mu_3",10,10.0434129136508,9.92110641227618,10.1628540833882,1,53.336
255,1000,"Gibbs","mu_4",20,19.9587943557712,19.8331256082459,20.0854256988004,1,53.336
255,1000,"VI","mu_1",0,-1.12155064067536e-16,-19.6,19.6,1,0.230000000000004
255,1000,"VI","mu_2",5,1.64361125540504,1.54328013711469,1.7439423736954,0,0.230000000000004
255,1000,"VI","mu_3",10,8.79814802077223,8.6976538923799,8.89864214916455,0,0.230000000000004
255,1000,"VI","mu_4",20,19.9588091821054,19.8317639213131,20.0858544428977,1,0.230000000000004
