"sim_id","n","method","component","mu_true","estimate","lower","upper","covered","elapsed_seconds"
327,1000,"Gibbs","mu_1",0,-0.0580218581989056,-0.186584158805994,0.071560062616595,1,53.36
327,1000,"Gibbs","mu_2",5,4.97434415158018,4.84296777530332,5.10964245557584,1,53.36
327,1000,"Gibbs","mu_3",10,10.0819515108841,9.96108775057733,10.2041782397208,1,53.36
327,1000,"Gibbs","mu_4",20,19.9485152592542,19.8205494009188,20.0726874509578,1,53.36
327,1000,"VI","mu_1",0,-3.10958639616794e-17,-19.6,19.6,1,0.282000000000004
327,1000,"VI","mu_2",5,1.23505181286243,1.13048667049456,1.33961695523031,0,0.282000000000004
327,1000,"VI","mu_3",10,8.59286014278919,8.49506199557581,8.69065829000257,0,0.282000000000004
327,1000,"VI","mu_4",20,19.948123210741,19.8234185857873,20.0728278356947,1,0.282000000000004
