"sim_id","n","method","component","mu_true","estimate","lower","upper","covered","elapsed_seconds"
483,1000,"Gibbs","mu_1",0,-0.055547446485917,-0.178012488811617,0.0645046439661538,1,53.267
483,1000,"Gibbs","mu_2",5,5.04682613840994,4.91135170543258,5.18058767964595,1,53.267
483,1000,"Gibbs","mu_3",10,10.1066048393877,9.97706441958888,10.2356991042268,1,53.267
483,1000,"Gibbs","mu_4",20,19.948257620306,19.8188905192572,20.0744397624813,1,53.267
483,1000,"VI","mu_1",0,-6.52669559428822e-18,-19.6,19.6,1,0.103999999999999
483,1000,"VI","mu_2",5,0.73884390613734,0.632044623498064,0.845643188776615,0,0.103999999999999
483,1000,"VI","mu_3",10,8.18267299873083,8.08717306668762,8.27817293077404,0,0.103999999999999
483,1000,"VI","mu_4",20,19.9469533549334,19.8209624508866,20.0729442589801,1,0.103999999999999
