"sim_id","n","method","component","mu_true","estimate","lower","upper","covered","elapsed_seconds"
132,1000,"Gibbs","mu_1",0,0.0581094682168077,-0.0755850904045417,0.19147160964476,1,52.935
132,1000,"Gibbs","mu_2",5,4.99319094614976,4.86491493599781,5.12262311749231,1,52.935
132,1000,"Gibbs","mu_3",10,10.1051919154635,9.97777788158962,10.2333055734506,1,52.935
132,1000,"Gibbs","mu_4",20,20.0234393140577,19.8998030663846,20.1476290176164,1,52.935
132,1000,"VI","mu_1",0,-1.40091289411734e-06,-19.5999973046422,19.5999945028164,1,0.0820000000000007
132,1000,"VI","mu_2",5,-1.40091289411734e-06,-19.5999973046422,19.5999945028164,1,0.0820000000000007
132,1000,"VI","mu_3",10,5.14550509192448,5.07384225951986,5.21716792432911,0,0.0820000000000007
132,1000,"VI","mu_4",20,19.9954172008765,19.871944167037,20.1188902347159,1,0.0820000000000007
