"sim_id","n","method","component","mu_true","estimate","lower","upper","covered","elapsed_seconds"
96,1000,"Gibbs","mu_1",0,-0.106491771719125,-0.232817616162736,0.0173203943688508,1,53.15
96,1000,"Gibbs","mu_2",5,5.03860683962526,4.90120736024052,5.17339707975557,1,53.15
96,1000,"Gibbs","mu_3",10,9.97877639505146,9.85366864513225,10.1040056291518,1,53.15
96,1000,"Gibbs","mu_4",20,19.9152053607476,19.7926547969179,20.0399548411113,1,53.15
96,1000,"VI","mu_1",0,-5.46000185603208e-18,-19.6,19.6,1,0.125
96,1000,"VI","mu_2",5,0.671149525264116,0.561436034354517,0.780863016173715,0,0.125
96,1000,"VI","mu_3",10,8.14564059030513,8.05110693019884,8.24017425041141,0,0.125
96,1000,"VI","mu_4",20,19.9154501570966,19.7917385184428,20.0391617957504,1,0.125
