"sim_id","n","method","component","mu_true","estimate","lower","upper","covered","elapsed_seconds"
7,1000,"Gibbs","mu_1",0,0.00456725486783012,-0.118939123519383,0.13031493320644,1,52.939
7,1000,"Gibbs","mu_2",5,5.04654482216532,4.91283351338318,5.17638561019636,1,52.939
7,1000,"Gibbs","mu_3",10,9.97786880487853,9.85349344431097,10.1017978451069,1,52.939
7,1000,"Gibbs","mu_4",20,19.9839228025486,19.8540786733428,20.114056799155,1,52.939
7,1000,"VI","mu_1",0,0.00478793536792636,-0.116462224318843,0.126038095054695,1,0.0820000000000007
7,1000,"VI","mu_2",5,5.04770512589302,4.92397249263342,5.17143775915262,1,0.0820000000000007
7,1000,"VI","mu_3",10,9.97867712875975,9.85845668276155,10.0988975747579,1,0.0820000000000007
7,1000,"VI","mu_4",20,19.9845058378081,19.8529622136469,20.1160494619693,1,0.0820000000000007
