"sim_id","n","method","component","mu_true","estimate","lower","upper","covered","elapsed_seconds"
5,1000,"Gibbs","mu_1",0,0.135580546559436,0.0051587583017437,0.266795366817409,0,53.188
5,1000,"Gibbs","mu_2",5,5.08347444420468,4.95400157961426,5.21073002129428,1,53.188
5,1000,"Gibbs","mu_3",10,10.1136390873731,9.98100625450281,10.2474919238149,1,53.188
5,1000,"Gibbs","mu_4",20,19.9961936990463,19.8754968268951,20.1142542936797,1,53.188
5,1000,"VI","mu_1",0,-7.34825870239423e-17,-19.6,19.6,1,0.251000000000005
5,1000,"VI","mu_2",5,1.74662068221457,1.64706769938478,1.84617366504436,0,0.251000000000005
5,1000,"VI","mu_3",10,8.69848802599235,8.59422714767202,8.80274890431269,0,0.251000000000005
5,1000,"VI","mu_4",20,19.9957856026697,19.8739994795943,20.1175717257452,1,0.251000000000005
