"sim_id","n","method","component","mu_true","estimate","lower","upper","covered","elapsed_seconds"
105,1000,"Gibbs","mu_1",0,-0.0227989923593244,-0.155697337189931,0.109747332214365,1,52.983
105,1000,"Gibbs","mu_2",5,4.99239868117319,4.85854371667358,5.12706760269322,1,52.983
105,1000,"Gibbs","mu_3",10,9.98541787099313,9.85847368374445,10.1123871371733,1,52.983
105,1000,"Gibbs","mu_4",20,19.9304264359577,19.8069867263348,20.0549305896875,1,52.983
105,1000,"VI","mu_1",0,0.579821800887135,0.465018491141185,0.694625110633085,0,0.113
105,1000,"VI","mu_2",5,7.86626491327843,7.73667762078391,7.99585220577295,0,0.113
105,1000,"VI","mu_3",10,7.86626491327843,7.73667762078391,7.99585220577295,0,0.113
105,1000,"VI","mu_4",20,19.9299125911495,19.8062073688054,20.0536178134935,1,0.113
