"sim_id","n","method","component","mu_true","estimate","lower","upper","covered","elapsed_seconds"
481,1000,"Gibbs","mu_1",0,0.060525232494615,-0.0650725145174302,0.189879509238627,1,52.856
481,1000,"Gibbs","mu_2",5,4.96141313180364,4.82202850413752,5.1030013002543,1,52.856
481,1000,"Gibbs","mu_3",10,10.110595535211,9.98685275325598,10.2357820278667,1,52.856
481,1000,"Gibbs","mu_4",20,20.0912721043412,19.9663935083413,20.2143230026323,1,52.856
481,1000,"VI","mu_1",0,0.0604932116468358,-0.0626292811667816,0.183615704460453,1,0.0980000000000061
481,1000,"VI","mu_2",5,4.96205074853543,4.83464786383851,5.08945363323236,1,0.0980000000000061
481,1000,"VI","mu_3",10,10.1121038135489,9.99053490285542,10.2336727242423,1,0.0980000000000061
481,1000,"VI","mu_4",20,20.0916906225399,19.9677318174124,20.2156494276673,1,0.0980000000000061
