"sim_id","n","method","component","mu_true","estimate","lower","upper","covered","elapsed_seconds"
61,1000,"Gibbs","mu_1",0,-0.0836670852394738,-0.208382089137551,0.0410893709039204,1,52.736
61,1000,"Gibbs","mu_2",5,4.90647517033306,4.78090601535355,5.02890380672615,1,52.736
61,1000,"Gibbs","mu_3",10,9.99035217249204,9.86165850570507,10.1177889361796,1,52.736
61,1000,"Gibbs","mu_4",20,19.941270185975,19.8146216120368,20.0706176330494,1,52.736
61,1000,"VI","mu_1",0,-6.44322915791558e-08,-19.5999998775959,19.5999997487313,1,0.0970000000000013
61,1000,"VI","mu_2",5,-6.44322915791558e-08,-19.5999998775959,19.5999997487313,1,0.0970000000000013
61,1000,"VI","mu_3",10,4.7171604647396,4.64625791166524,4.78806301781396,0,0.0970000000000013
61,1000,"VI","mu_4",20,19.8824966956725,19.7548717537329,20.0101216376121,1,0.0970000000000013
