"sim_id","n","method","component","mu_true","estimate","lower","upper","covered","elapsed_seconds"
88,1000,"Gibbs","mu_1",0,-0.0653604686346885,-0.197766136888151,0.0661710496137599,1,53.113
88,1000,"Gibbs","mu_2",5,5.0365485921536,4.90550627543131,5.1683026706316,1,53.113
88,1000,"Gibbs","mu_3",10,10.1329057821352,10.0092260851641,10.2551902794563,0,53.113
88,1000,"Gibbs","mu_4",20,19.9547941223204,19.8273822731224,20.081513271641,1,53.113
88,1000,"VI","mu_1",0,-4.50380500884756e-16,-19.6,19.6,1,0.170000000000002
88,1000,"VI","mu_2",5,1.95310773928716,1.8573826887146,2.04883278985972,0,0.170000000000002
88,1000,"VI","mu_3",10,9.41451599570965,9.30834205707782,9.52068993434147,0,0.170000000000002
88,1000,"VI","mu_4",20,19.9545070296377,19.8279922094379,20.0810218498376,1,0.170000000000002
