"sim_id","n","method","component","mu_true","estimate","lower","upper","covered","elapsed_seconds"
285,1000,"Gibbs","mu_1",0,0.0185113268706012,-0.110766519203615,0.145172857431417,1,52.778
285,1000,"Gibbs","mu_2",5,5.04313633003862,4.90358509873137,5.1808315036854,1,52.778
285,1000,"Gibbs","mu_3",10,10.069206978716,9.94456088223668,10.1993111113443,1,52.778
285,1000,"Gibbs","mu_4",20,19.954205544211,19.8280190103772,20.0798214010379,1,52.778
285,1000,"VI","mu_1",0,0.0186982282582122,-0.10429881525234,0.141695271768764,1,0.0710000000000051
285,1000,"VI","mu_2",5,5.04239212611184,4.9179505459354,5.16683370628829,1,0.0710000000000051
285,1000,"VI","mu_3",10,10.0701091175095,9.94737419668906,10.1928440383299,1,0.0710000000000051
285,1000,"VI","mu_4",20,19.9543729670327,19.8286414953812,20.0801044386842,1,0.0710000000000051
