"sim_id","n","method","component","mu_true","estimate","lower","upper","covered","elapsed_seconds"
106,1000,"Gibbs","mu_1",0,-0.0269819300725022,-0.160799678086339,0.105082762599954,1,53.223
106,1000,"Gibbs","mu_2",5,4.97001120808762,4.83400462754561,5.10473871203499,1,53.223
106,1000,"Gibbs","mu_3",10,10.1233567024503,9.9969196178775,10.2452023478763,1,53.223
106,1000,"Gibbs","mu_4",20,19.9945229836351,19.8675077130496,20.1183996868476,1,53.223
106,1000,"VI","mu_1",0,-5.42154889533208e-16,-19.6,19.6,1,0.210999999999999
106,1000,"VI","mu_2",5,2.00285322119418,1.90807629087975,2.0976301515086,0,0.210999999999999
106,1000,"VI","mu_3",10,9.41906157956443,9.31056576012111,9.52755739900774,0,0.210999999999999
106,1000,"VI","mu_4",20,19.9936967743815,19.8687342784836,20.1186592702794,1,0.210999999999999
