"sim_id","n","method","component","mu_true","estimate","lower","upper","covered","elapsed_seconds"
229,1000,"Gibbs","mu_1",0,0.0990642834737217,-0.0359822968848127,0.23126707516771,1,52.988
229,1000,"Gibbs","mu_2",5,5.05084496012441,4.91712784235163,5.18735418856146,1,52.988
229,1000,"Gibbs","mu_3",10,9.83985663310226,9.70957940375442,9.97274016294082,0,52.988
229,1000,"Gibbs","mu_4",20,19.9863749565691,19.8705353541795,20.1009138374052,1,52.988
229,1000,"VI","mu_1",0,-2.79131466596792e-08,-19.5999999246899,19.5999998688636,1,0.0749999999999957
229,1000,"VI","mu_2",5,-2.79131466596792e-08,-19.5999999246899,19.5999998688636,1,0.0749999999999957
229,1000,"VI","mu_3",10,5.019034769613,4.9453860457848,5.0926834934412,0,0.0749999999999957
229,1000,"VI","mu_4",20,19.9424217389313,19.8276777836806,20.057165694182,1,0.0749999999999957
