"sim_id","n","method","component","mu_true","estimate","lower","upper","covered","elapsed_seconds"
21,1000,"Gibbs","mu_1",0,-0.0815463082630557,-0.211574960155013,0.045457101694497,1,53.294
21,1000,"Gibbs","mu_2",5,4.91572623142141,4.78237935092663,5.04521551400898,1,53.294
21,1000,"Gibbs","mu_3",10,10.0113208451633,9.88212663456254,10.1436242022608,1,53.294
21,1000,"Gibbs","mu_4",20,20.0308227901129,19.9051833989707,20.1569980786526,1,53.294
21,1000,"VI","mu_1",0,-0.0815413232291734,-0.206013432209622,0.0429307857512751,1,0.078000000000003
21,1000,"VI","mu_2",5,4.915961250085,4.79560010786938,5.03632239230062,1,0.078000000000003
21,1000,"VI","mu_3",10,10.0123767459888,9.88635674398291,10.1383967479947,1,0.078000000000003
21,1000,"VI","mu_4",20,20.0303665394716,19.9051492881609,20.1555837907822,1,0.078000000000003
