"sim_id","n","method","component","mu_true","estimate","lower","upper","covered","elapsed_seconds"
286,1000,"Gibbs","mu_1",0,0.00662107666417361,-0.107661334889519,0.125465118522099,1,52.766
286,1000,"Gibbs","mu_2",5,5.03029303417421,4.89544354268673,5.16838565047582,1,52.766
286,1000,"Gibbs","mu_3",10,9.97290668085857,9.84141560951901,10.1067450271361,1,52.766
286,1000,"Gibbs","mu_4",20,20.1312768066982,20.0107255502142,20.2511984292721,0,52.766
286,1000,"VI","mu_1",0,0.00681313652406197,-0.110182614253364,0.123808887301488,1,0.0750000000000028
286,1000,"VI","mu_2",5,5.03036778949504,4.90253906592463,5.15819651306545,1,0.0750000000000028
286,1000,"VI","mu_3",10,9.97380188400365,9.84435888778859,10.1032448802187,1,0.0750000000000028
286,1000,"VI","mu_4",20,20.1324983644374,20.0097608099784,20.2552359188965,0,0.0750000000000028
