"sim_id","n","method","component","mu_true","estimate","lower","upper","covered","elapsed_seconds"
466,1000,"Gibbs","mu_1",0,0.0339274655225356,-0.0909538996084864,0.158620940876393,1,52.786
466,1000,"Gibbs","mu_2",5,5.04586775938939,4.91467678416067,5.17514480296279,1,52.786
466,1000,"Gibbs","mu_3",10,10.1017688471587,9.97447134726747,10.2318292204648,1,52.786
466,1000,"Gibbs","mu_4",20,20.0640628802216,19.9406693011696,20.1860152135574,1,52.786
466,1000,"VI","mu_1",0,0.0347089714280703,-0.0882706685555176,0.157688611411658,1,0.0970000000000013
466,1000,"VI","mu_2",5,5.04634901642892,4.92256624470786,5.17013178814997,1,0.0970000000000013
466,1000,"VI","mu_3",10,10.101782218723,9.97560639309095,10.227958044355,1,0.0970000000000013
466,1000,"VI","mu_4",20,20.0649427247245,19.9419638077384,20.1879216417106,1,0.0970000000000013
