"sim_id","n","method","component","mu_true","estimate","lower","upper","covered","elapsed_seconds"
189,1000,"Gibbs","mu_1",0,0.890007841658645,0.7115973104652,1.06365496277957,0,52.991
189,1000,"Gibbs","mu_2",5,8.03429047124351,7.8918674623269,8.17583889880976,0,52.991
189,1000,"Gibbs","mu_3",10,19.7941071947415,19.5209203636263,20.0091766576374,0,52.991
189,1000,"Gibbs","mu_4",20,20.1096336858229,19.8977844368883,20.3874188061842,1,52.991
189,1000,"VI","mu_1",0,-8.06495125755371e-09,-19.599999975555,19.5999999594251,1,0.0859999999999985
189,1000,"VI","mu_2",5,-8.06495125755371e-09,-19.599999975555,19.5999999594251,1,0.0859999999999985
189,1000,"VI","mu_3",10,4.90065802537262,4.82920386202454,4.97211218872071,0,0.0859999999999985
189,1000,"VI","mu_4",20,19.8443366958572,19.7197775016514,19.9688958900631,0,0.0859999999999985
