"sim_id","n","method","component","mu_true","estimate","lower","upper","covered","elapsed_seconds"
485,1000,"Gibbs","mu_1",0,0.000115735028111034,-0.131640204319236,0.130193725051841,1,53.163
485,1000,"Gibbs","mu_2",5,5.0353428187567,4.89547791597942,5.17809566760942,1,53.163
485,1000,"Gibbs","mu_3",10,9.87156921569682,9.74549426279759,9.99489544479125,0,53.163
485,1000,"Gibbs","mu_4",20,20.0983873901331,19.9784541721444,20.2133209094817,1,53.163
485,1000,"VI","mu_1",0,-6.17778251088516e-07,-19.5999987137454,19.5999974781889,1,0.078000000000003
485,1000,"VI","mu_2",5,-6.17778251088516e-07,-19.5999987137454,19.5999974781889,1,0.078000000000003
485,1000,"VI","mu_3",10,5.12808226199152,5.05518821959091,5.20097630439214,0,0.078000000000003
485,1000,"VI","mu_4",20,20.0722033214612,19.9544462038761,20.1899604390462,1,0.078000000000003
