"sim_id","n","method","component","mu_true","estimate","lower","upper","covered","elapsed_seconds"
458,1000,"Gibbs","mu_1",0,-0.00795654894510181,-0.137661848322568,0.116012861227227,1,53.108
458,1000,"Gibbs","mu_2",5,4.88060589800035,4.74273201474032,5.01851338691637,1,53.108
458,1000,"Gibbs","mu_3",10,9.87198009040353,9.73992452282955,10.0024006732454,1,53.108
458,1000,"Gibbs","mu_4",20,19.9145208950814,19.7905687734976,20.0364198768781,1,53.108
458,1000,"VI","mu_1",0,-3.14055444903722e-08,-19.5999999288717,19.5999998660606,1,0.0820000000000007
458,1000,"VI","mu_2",5,-3.14055444903722e-08,-19.5999999288717,19.5999998660606,1,0.0820000000000007
458,1000,"VI","mu_3",10,4.78331944712327,4.71101640090436,4.85562249334218,0,0.0820000000000007
458,1000,"VI","mu_4",20,19.8831455825717,19.7627822429852,20.0035089221583,1,0.0820000000000007
