"sim_id","n","method","component","mu_true","estimate","lower","upper","covered","elapsed_seconds"
139,1000,"Gibbs","mu_1",0,0.000170189651715186,-0.136766929616997,0.134268652783696,1,53.491
139,1000,"Gibbs","mu_2",5,5.04887630958479,4.91924498070228,5.17592323169582,1,53.491
139,1000,"Gibbs","mu_3",10,9.93673137925473,9.81373545977079,10.0614374784777,1,53.491
139,1000,"Gibbs","mu_4",20,20.0296159743861,19.9068850785862,20.1553467041371,1,53.491
139,1000,"VI","mu_1",0,-2.29873110748755e-17,-19.6,19.6,1,0.289000000000001
139,1000,"VI","mu_2",5,1.10725270004021,0.997149116306001,1.21735628377441,0,0.289000000000001
139,1000,"VI","mu_3",10,8.09469181610315,8.00126622872487,8.18811740348144,0,0.289000000000001
139,1000,"VI","mu_4",20,20.0293315486363,19.903600077134,20.1550630201386,1,0.289000000000001
