"sim_id","n","method","component","mu_true","estimate","lower","upper","covered","elapsed_seconds"
252,1000,"Gibbs","mu_1",0,0.0225928959770712,-0.0949941654267281,0.145988488044273,1,53.303
252,1000,"Gibbs","mu_2",5,4.92595629976153,4.78707870007302,5.06874813267192,1,53.303
252,1000,"Gibbs","mu_3",10,10.0615011123128,9.93194439321409,10.1884651945549,1,53.303
252,1000,"Gibbs","mu_4",20,19.9049375006151,19.7833827425066,20.0298819898264,1,53.303
252,1000,"VI","mu_1",0,0.0232968890432028,-0.0953877207149084,0.141981498801314,1,0.0740000000000052
252,1000,"VI","mu_2",5,4.92668330377255,4.79637359084078,5.05699301670431,1,0.0740000000000052
252,1000,"VI","mu_3",10,10.0611579717115,9.93595647286019,10.1863594705629,1,0.0740000000000052
252,1000,"VI","mu_4",20,19.9046114182734,19.7821138107784,20.0271090257683,1,0.0740000000000052
