"sim_id","n","method","component","mu_true","estimate","lower","upper","covered","elapsed_seconds"
47,1000,"Gibbs","mu_1",0,-0.0171129184240263,-0.135059843962887,0.103137473585,1,52.428
47,1000,"Gibbs","mu_2",5,5.06139608520914,4.93108411595624,5.19370396623854,1,52.428
47,1000,"Gibbs","mu_3",10,10.0968471422436,9.9618124637864,10.2342311367983,1,52.428
47,1000,"Gibbs","mu_4",20,20.0570139658598,19.9297688730247,20.184246372264,1,52.428
47,1000,"VI","mu_1",0,-1.03389280516995e-08,-19.5999999768535,19.5999999561756,1,0.080999999999996
47,1000,"VI","mu_2",5,-1.03389280516995e-08,-19.5999999768535,19.5999999561756,1,0.080999999999996
47,1000,"VI","mu_3",10,4.71314460690156,4.64201321314937,4.78427600065375,0,0.080999999999996
47,1000,"VI","mu_4",20,19.9768761541329,19.8505590082829,20.103193299983,1,0.080999999999996
