"sim_id","n","method","component","mu_true","estimate","lower","upper","covered","elapsed_seconds"
18,1000,"Gibbs","mu_1",0,-0.0901536107973114,-0.216373148846051,0.0384532356101661,1,53.675
18,1000,"Gibbs","mu_2",5,4.98353818225499,4.84685906017066,5.11950372862229,1,53.675
18,1000,"Gibbs","mu_3",10,10.1132231471748,9.98256180251726,10.2455464657456,1,53.675
18,1000,"Gibbs","mu_4",20,20.081124262361,19.964452254148,20.198640981903,1,53.675
18,1000,"VI","mu_1",0,-4.62504547895748e-17,-19.6,19.6,1,0.177999999999997
18,1000,"VI","mu_2",5,1.30909080606865,1.20837489292529,1.40980671921201,0,0.177999999999997
18,1000,"VI","mu_3",10,8.77985672142261,8.67498568991684,8.88472775292838,0,0.177999999999997
18,1000,"VI","mu_4",20,20.0812888913917,19.9624486200401,20.2001291627433,1,0.177999999999997
