"sim_id","n","method","component","mu_true","estimate","lower","upper","covered","elapsed_seconds"
283,1000,"Gibbs","mu_1",0,0.107122939145361,-0.0314037609037812,0.244412843649954,1,52.848
283,1000,"Gibbs","mu_2",5,4.89179252279654,4.74981908123661,5.03592795478606,1,52.848
283,1000,"Gibbs","mu_3",10,10.0510347639189,9.92412073458527,10.1782039612829,1,52.848
283,1000,"Gibbs","mu_4",20,19.9459360497133,19.8315020851843,20.060167020856,1,52.848
283,1000,"VI","mu_1",0,0.107543211067924,-0.0214820817809829,0.236568503916831,1,0.0739999999999981
283,1000,"VI","mu_2",5,4.89190061343872,4.76284065662432,5.02096057025312,1,0.0739999999999981
283,1000,"VI","mu_3",10,10.0511904102768,9.92688828959657,10.1754925309571,1,0.0739999999999981
283,1000,"VI","mu_4",20,19.9448808390168,19.8297878663114,20.0599738117222,1,0.0739999999999981
