"sim_id","n","method","component","mu_true","estimate","lower","upper","covered","elapsed_seconds"
455,1000,"Gibbs","mu_1",0,0.906182000663118,0.712390970919218,1.09928358081325,0,53.028
455,1000,"Gibbs","mu_2",5,8.20463106250474,8.04763588953424,8.36806533238276,0,53.028
455,1000,"Gibbs","mu_3",10,19.9423511282811,19.6598802859959,20.1633094473972,0,53.028
455,1000,"Gibbs","mu_4",20,20.2859031631936,20.0652413654583,20.5651102265251,0,53.028
455,1000,"VI","mu_1",0,-9.41834448463423e-18,-19.6,19.6,1,0.161000000000001
455,1000,"VI","mu_2",5,0.907923211156683,0.800964830282265,1.0148815920311,0,0.161000000000001
455,1000,"VI","mu_3",10,8.20500266418813,8.107875151258,8.30213017711826,0,0.161000000000001
455,1000,"VI","mu_4",20,20.1142340692244,19.9919750069199,20.2364931315289,1,0.161000000000001
