"sim_id","n","method","component","mu_true","estimate","lower","upper","covered","elapsed_seconds"
173,1000,"Gibbs","mu_1",0,-0.0224653102323334,-0.147986540853038,0.105319609432434,1,53.301
173,1000,"Gibbs","mu_2",5,4.92991783164805,4.79686421892336,5.06334924314433,1,53.301
173,1000,"Gibbs","mu_3",10,10.0023829432287,9.87213821025848,10.1366298592013,1,53.301
173,1000,"Gibbs","mu_4",20,20.0089186916782,19.8836138233885,20.1348514515335,1,53.301
173,1000,"VI","mu_1",0,-5.64331224972254e-09,-19.5999999843423,19.5999999730556,1,0.0929999999999964
173,1000,"VI","mu_2",5,-5.64331224972254e-09,-19.5999999843423,19.5999999730556,1,0.0929999999999964
173,1000,"VI","mu_3",10,4.79643873255973,4.72481022655784,4.86806723856163,0,0.0929999999999964
173,1000,"VI","mu_4",20,19.9439481890567,19.8202990780373,20.067597300076,1,0.0929999999999964
