"sim_id","n","method","component","mu_true","estimate","lower","upper","covered","elapsed_seconds"
273,1000,"Gibbs","mu_1",0,-0.0512836400949582,-0.18444776655672,0.0816743767490183,1,53.062
273,1000,"Gibbs","mu_2",5,5.0268309341598,4.89511021448433,5.1559630230274,1,53.062
273,1000,"Gibbs","mu_3",10,9.9820674028001,9.85656088939969,10.108965584055,1,53.062
273,1000,"Gibbs","mu_4",20,19.9281611109362,19.8068358855605,20.0464900561021,1,53.062
273,1000,"VI","mu_1",0,-2.77806995939461e-17,-19.6,19.6,1,0.295999999999999
273,1000,"VI","mu_2",5,1.26331239639387,1.15738926872609,1.36923552406165,0,0.295999999999999
273,1000,"VI","mu_3",10,8.40578031806338,8.30723963576312,8.50432100036364,0,0.295999999999999
273,1000,"VI","mu_4",20,19.9282399962769,19.8071531026938,20.0493268898599,1,0.295999999999999
