"sim_id","n","method","component","mu_true","estimate","lower","upper","covered","elapsed_seconds"
457,1000,"Gibbs","mu_1",0,-0.0740963211436427,-0.196450925100408,0.0494597659675495,1,52.963
457,1000,"Gibbs","mu_2",5,5.01123994149168,4.88653217435977,5.13680067128465,1,52.963
457,1000,"Gibbs","mu_3",10,9.97953029726808,9.84839387092871,10.111035856267,1,52.963
457,1000,"Gibbs","mu_4",20,20.0174074255233,19.8969608521635,20.1385331271382,1,52.963
457,1000,"VI","mu_1",0,-3.00208575556838e-18,-19.6,19.6,1,0.102999999999994
457,1000,"VI","mu_2",5,0.476720290886848,0.362588071397064,0.590852510376631,0,0.102999999999994
457,1000,"VI","mu_3",10,7.66490760054433,7.57262563335178,7.75718956773687,0,0.102999999999994
457,1000,"VI","mu_4",20,20.0180516432691,19.8950727262931,20.1410305602452,1,0.102999999999994
