"sim_id","n","method","component","mu_true","estimate","lower","upper","covered","elapsed_seconds"
219,1000,"Gibbs","mu_1",0,-0.0743652224977936,-0.20314458557428,0.0515708654708947,1,53.134
219,1000,"Gibbs","mu_2",5,5.04440632269787,4.90301604782079,5.18171331932725,1,53.134
219,1000,"Gibbs","mu_3",10,10.056203726029,9.92454159774857,10.1868101269469,1,53.134
219,1000,"Gibbs","mu_4",20,19.9798670078272,19.8620657003552,20.0981723258471,1,53.134
219,1000,"VI","mu_1",0,-0.075004826984444,-0.200697253024982,0.0506875990560938,1,0.0869999999999962
219,1000,"VI","mu_2",5,5.04401783266574,4.91652781655968,5.17150784877181,1,0.0869999999999962
219,1000,"VI","mu_3",10,10.0568885390075,9.93280726484072,10.1809698131744,1,0.0869999999999962
219,1000,"VI","mu_4",20,19.9803803404057,19.8613210161627,20.0994396646486,1,0.0869999999999962
