"sim_id","n","method","component","mu_true","estimate","lower","upper","covered","elapsed_seconds"
363,1000,"Gibbs","mu_1",0,-0.0111974343786762,-0.147697350572714,0.123001166701275,1,52.879
363,1000,"Gibbs","mu_2",5,4.98549420236588,4.85151691160583,5.11718127380778,1,52.879
363,1000,"Gibbs","mu_3",10,9.93312611249981,9.80734842954944,10.058483227044,1,52.879
363,1000,"Gibbs","mu_4",20,19.9562080383726,19.8381735244279,20.0744934344648,1,52.879
363,1000,"VI","mu_1",0,-5.87410846328682e-08,-19.5999998227661,19.5999997052839,1,0.0760000000000005
363,1000,"VI","mu_2",5,-5.87410846328682e-08,-19.5999998227661,19.5999997052839,1,0.0760000000000005
363,1000,"VI","mu_3",10,5.18451207773836,5.11176990290691,5.25725425256982,0,0.0760000000000005
363,1000,"VI","mu_4",20,19.9554825284917,19.8370778506138,20.0738872063696,1,0.0760000000000005
