"sim_id","n","method","component","mu_true","estimate","lower","upper","covered","elapsed_seconds"
430,1000,"Gibbs","mu_1",0,0.0164400621419788,-0.121833389500803,0.156842905898553,1,52.776
430,1000,"Gibbs","mu_2",5,5.01043034580443,4.8716332712345,5.1445948511179,1,52.776
430,1000,"Gibbs","mu_3",10,9.99628754055948,9.86480890157835,10.1244538474505,1,52.776
430,1000,"Gibbs","mu_4",20,20.0132290036204,19.9006593752592,20.1284913915454,1,52.776
430,1000,"VI","mu_1",0,-8.51582466297521e-17,-19.6,19.6,1,0.350000000000001
430,1000,"VI","mu_2",5,1.51896246176167,1.41424161286655,1.62368331065679,0,0.350000000000001
430,1000,"VI","mu_3",10,8.60795837811937,8.50518627979438,8.71073047644435,0,0.350000000000001
430,1000,"VI","mu_4",20,20.012796797096,19.8969015936077,20.1286920005844,1,0.350000000000001
