"sim_id","n","method","component","mu_true","estimate","lower","upper","covered","elapsed_seconds"
11,1000,"Gibbs","mu_1",0,-0.0815689951537334,-0.201767891776492,0.0387731667533143,1,52.745
11,1000,"Gibbs","mu_2",5,5.11574591186398,4.98028559513294,5.25119247847641,1,52.745
11,1000,"Gibbs","mu_3",10,10.1951398551155,10.0640098328531,10.3282248603624,0,52.745
11,1000,"Gibbs","mu_4",20,19.9283769498253,19.7993889299368,20.0550831390767,1,52.745
11,1000,"VI","mu_1",0,-6.23505875387756e-18,-19.6,19.6,1,0.183
11,1000,"VI","mu_2",5,0.655618006910408,0.549198510262285,0.76203750355853,0,0.183
11,1000,"VI","mu_3",10,8.20742097451188,8.11198808447928,8.30285386454447,0,0.183
11,1000,"VI","mu_4",20,19.9283666154479,19.8015874071752,20.0551458237206,1,0.183
