"sim_id","n","method","component","mu_true","estimate","lower","upper","covered","elapsed_seconds"
34,1000,"Gibbs","mu_1",0,-0.0895647454448768,-0.214280734468957,0.0347644581956483,1,52.954
34,1000,"Gibbs","mu_2",5,4.97491999456369,4.84748219866714,5.1097212273974,1,52.954
34,1000,"Gibbs","mu_3",10,10.007423121316,9.88010669338247,10.1370706474327,1,52.954
34,1000,"Gibbs","mu_4",20,19.9594029081472,19.8265679894217,20.0890204825913,1,52.954
34,1000,"VI","mu_1",0,-6.56700788341511e-17,-19.6,19.6,1,0.113
34,1000,"VI","mu_2",5,1.51133461372326,1.41420259712271,1.60846663032382,0,0.113
34,1000,"VI","mu_3",10,8.75908056624634,8.65646686645034,8.86169426604233,0,0.113
34,1000,"VI","mu_4",20,19.9591034050099,19.8293020805076,20.0889047295123,1,0.113
