"sim_id","n","method","component","mu_true","estimate","lower","upper","covered","elapsed_seconds"
301,1000,"Gibbs","mu_1",0,-0.0693289041820264,-0.195892949322091,0.0605337263150824,1,53.132
301,1000,"Gibbs","mu_2",5,4.97164663411925,4.84285043084201,5.10266139525986,1,53.132
301,1000,"Gibbs","mu_3",10,10.0661537085958,9.93369707535705,10.1989546770966,1,53.132
301,1000,"Gibbs","mu_4",20,20.0806794822183,19.9569020198463,20.2076600956933,1,53.132
301,1000,"VI","mu_1",0,-1.01130603770188e-17,-19.6,19.6,1,0.241
301,1000,"VI","mu_2",5,0.903040520224074,0.796290515910219,1.00979052453793,0,0.241
301,1000,"VI","mu_3",10,8.15290361515756,8.05702614034027,8.24878108997484,0,0.241
301,1000,"VI","mu_4",20,20.081793115466,19.9565758641599,20.2070103667721,1,0.241
