"sim_id","n","method","component","mu_true","estimate","lower","upper","covered","elapsed_seconds"
330,1000,"Gibbs","mu_1",0,-0.0678984608489394,-0.194270682881977,0.0565930245597262,1,53.903
330,1000,"Gibbs","mu_2",5,4.97295557984982,4.83610713504512,5.11025394462427,1,53.903
330,1000,"Gibbs","mu_3",10,10.0329957092469,9.89756201579069,10.1642040234905,1,53.903
330,1000,"Gibbs","mu_4",20,19.899117436947,19.7765505641142,20.0229524424824,1,53.903
330,1000,"VI","mu_1",0,-0.0688093489666931,-0.190950604595997,0.0533319066626109,1,0.0989999999999966
330,1000,"VI","mu_2",5,4.97226348637396,4.84849624160549,5.09603073114244,1,0.0989999999999966
330,1000,"VI","mu_3",10,10.0348378058542,9.90798678980119,10.1616888219073,1,0.0989999999999966
330,1000,"VI","mu_4",20,19.8987390762692,19.7755173672183,20.0219607853201,1,0.0989999999999966
