"sim_id","n","method","component","mu_true","estimate","lower","upper","covered","elapsed_seconds"
37,1000,"Gibbs","mu_1",0,-0.0394812221634566,-0.162064153832537,0.0847081654214479,1,52.88
37,1000,"Gibbs","mu_2",5,5.05989899718433,4.93221615514421,5.18786342866557,1,52.88
37,1000,"Gibbs","mu_3",10,10.0577365455801,9.92831475718004,10.1928657991626,1,52.88
37,1000,"Gibbs","mu_4",20,20.0211450628909,19.8949455697693,20.1477715252699,1,52.88
37,1000,"VI","mu_1",0,-2.27007229868132e-18,-19.6,19.6,1,0.134999999999998
37,1000,"VI","mu_2",5,0.448372155634202,0.338100673192004,0.5586436380764,0,0.134999999999998
37,1000,"VI","mu_3",10,7.77569620043224,7.68258364087826,7.86880875998622,0,0.134999999999998
37,1000,"VI","mu_4",20,20.0200978443211,19.893845767182,20.1463499214602,1,0.134999999999998
