"sim_id","n","method","component","mu_true","estimate","lower","upper","covered","elapsed_seconds"
495,1000,"Gibbs","mu_1",0,0.00588137793637882,-0.125272039993587,0.137789376619779,1,52.717
495,1000,"Gibbs","mu_2",5,5.10137080994964,4.96584122907992,5.24089188382685,1,52.717
495,1000,"Gibbs","mu_3",10,9.89329661724889,9.76244701634083,10.0218973272661,1,52.717
495,1000,"Gibbs","mu_4",20,19.9989661839149,19.8792699896248,20.1195705451109,1,52.717
495,1000,"VI","mu_1",0,-6.56772041194409e-09,-19.5999999783694,19.599999965234,1,0.0799999999999983
495,1000,"VI","mu_2",5,-6.56772041194409e-09,-19.5999999783694,19.599999965234,1,0.0799999999999983
495,1000,"VI","mu_3",10,5.00901749362933,4.93650851743091,5.08152646982775,0,0.0799999999999983
495,1000,"VI","mu_4",20,19.9353582057332,19.815929834199,20.0547865772674,1,0.0799999999999983
