"sim_id","n","method","component","mu_true","estimate","lower","upper","covered","elapsed_seconds"
499,1000,"Gibbs","mu_1",0,0.103490752338581,-0.0275285642812191,0.234663923535005,1,52.872
499,1000,"Gibbs","mu_2",5,4.99732896648681,4.8697360826111,5.12239769419967,1,52.872
499,1000,"Gibbs","mu_3",10,10.0526722352031,9.92082065988694,10.1852321555413,1,52.872
499,1000,"Gibbs","mu_4",20,20.0745480499763,19.9499010600974,20.1944026358504,1,52.872
499,1000,"VI","mu_1",0,1.09511093191524,0.985392509394159,1.20482935443631,0,0.219000000000001
499,1000,"VI","mu_2",5,8.04506073368865,7.9099542871009,8.1801671802764,0,0.219000000000001
499,1000,"VI","mu_3",10,8.04506073368865,7.9099542871009,8.1801671802764,0,0.219000000000001
499,1000,"VI","mu_4",20,20.0745914210863,19.9530397187015,20.1961431234711,1,0.219000000000001
