"sim_id","n","method","component","mu_true","estimate","lower","upper","covered","elapsed_seconds"
375,1000,"Gibbs","mu_1",0,-0.0135583956558527,-0.141764323628088,0.11623658720254,1,53.039
375,1000,"Gibbs","mu_2",5,4.95972277304903,4.83450223077726,5.08386403695771,1,53.039
375,1000,"Gibbs","mu_3",10,9.98000143117456,9.85245247203333,10.1074495813863,1,53.039
375,1000,"Gibbs","mu_4",20,20.0815803018988,19.9512745857273,20.2097569844474,1,53.039
375,1000,"VI","mu_1",0,-1.17448756723423e-15,-19.6,19.6,1,0.128
375,1000,"VI","mu_2",5,2.24381472835155,2.15338544188428,2.33424401481883,0,0.128
375,1000,"VI","mu_3",10,9.44029755809522,9.32699341619935,9.5536016999911,0,0.128
375,1000,"VI","mu_4",20,20.0812473377967,19.9522915968087,20.2102030787847,1,0.128
