"sim_id","n","method","component","mu_true","estimate","lower","upper","covered","elapsed_seconds"
227,1000,"Gibbs","mu_1",0,-0.0595787342872848,-0.185181559414703,0.0638731649338485,1,53.288
227,1000,"Gibbs","mu_2",5,5.04044966763718,4.90861358205076,5.17593869067057,1,53.288
227,1000,"Gibbs","mu_3",10,10.0277582121725,9.89634941575427,10.1591417090112,1,53.288
227,1000,"Gibbs","mu_4",20,19.9541785039126,19.8321672972029,20.0745918438382,1,53.288
227,1000,"VI","mu_1",0,-6.50182428871647e-18,-19.6,19.6,1,0.112000000000002
227,1000,"VI","mu_2",5,0.699766664040591,0.589922642853584,0.809610685227598,0,0.112000000000002
227,1000,"VI","mu_3",10,8.01655719826321,7.92140402429751,8.11171037222891,0,0.112000000000002
227,1000,"VI","mu_4",20,19.945252905543,19.8230740065033,20.0674318045826,1,0.112000000000002
