"sim_id","n","method","component","mu_true","estimate","lower","upper","covered","elapsed_seconds"
179,1000,"Gibbs","mu_1",0,-0.0249933309871183,-0.15176622306265,0.100159982557579,1,53.201
179,1000,"Gibbs","mu_2",5,4.93020044407249,4.80286385813325,5.0548349324061,1,53.201
179,1000,"Gibbs","mu_3",10,10.0077135789151,9.8820645940376,10.1332326406849,1,53.201
179,1000,"Gibbs","mu_4",20,20.0516930103129,19.9198122374173,20.1821234090236,1,53.201
179,1000,"VI","mu_1",0,-0.0252251340246027,-0.147263181847407,0.0968129137982014,1,0.0850000000000009
179,1000,"VI","mu_2",5,4.93087720720524,4.81053180358972,5.05122261082075,1,0.0850000000000009
179,1000,"VI","mu_3",10,10.0066133630178,9.8826123016006,10.130614424435,1,0.0850000000000009
179,1000,"VI","mu_4",20,20.0527227783224,19.9226358745674,20.1828096820773,1,0.0850000000000009
