"sim_id","n","method","component","mu_true","estimate","lower","upper","covered","elapsed_seconds"
75,1000,"Gibbs","mu_1",0,-0.0827629722993363,-0.212527986632902,0.0486354282122635,1,52.942
75,1000,"Gibbs","mu_2",5,5.04513970974153,4.9069491313288,5.18389573193949,1,52.942
75,1000,"Gibbs","mu_3",10,9.94613210765868,9.81752647425018,10.0759410176733,1,52.942
75,1000,"Gibbs","mu_4",20,19.9789720021693,19.8577614716103,20.09957155308,1,52.942
75,1000,"VI","mu_1",0,-6.8479350206871e-06,-19.5999897834617,19.5999760875917,1,0.088000000000001
75,1000,"VI","mu_2",5,-6.8479350206871e-06,-19.5999897834617,19.5999760875917,1,0.088000000000001
75,1000,"VI","mu_3",10,4.99417246781531,4.92204821355777,5.06629672207286,0,0.088000000000001
75,1000,"VI","mu_4",20,19.9648987084703,19.8436988352299,20.0860985817107,1,0.088000000000001
