"sim_id","n","method","component","mu_true","estimate","lower","upper","covered","elapsed_seconds"
435,1000,"Gibbs","mu_1",0,-0.0389908816787083,-0.167169611746682,0.0899213709189503,1,52.931
435,1000,"Gibbs","mu_2",5,4.98606000182755,4.84770850998394,5.12431614929886,1,52.931
435,1000,"Gibbs","mu_3",10,9.89456690949431,9.76562203708133,10.024042996871,1,52.931
435,1000,"Gibbs","mu_4",20,20.0146924493779,19.8946835156783,20.1358129977482,1,52.931
435,1000,"VI","mu_1",0,-0.0401416630323641,-0.163416371327636,0.083133045262908,1,0.0830000000000055
435,1000,"VI","mu_2",5,4.98619771536878,4.85795521003909,5.11444022069848,1,0.0830000000000055
435,1000,"VI","mu_3",10,9.89475260223832,9.77192850958983,10.0175766948868,1,0.0830000000000055
435,1000,"VI","mu_4",20,20.0144359533729,19.8926498302974,20.1362220764484,1,0.0830000000000055
