"sim_id","n","method","component","mu_true","estimate","lower","upper","covered","elapsed_seconds"
80,1000,"Gibbs","mu_1",0,0.0381951607000182,-0.0841361372338617,0.164497674692215,1,53.317
80,1000,"Gibbs","mu_2",5,5.00799546460749,4.87551111472988,5.13971695171999,1,53.317
80,1000,"Gibbs","mu_3",10,10.0507694126507,9.92309767043288,10.1791357425681,1,53.317
80,1000,"Gibbs","mu_4",20,19.9329051047938,19.8060161761206,20.0580247600896,1,53.317
80,1000,"VI","mu_1",0,0.0382052179227951,-0.0829599648275234,0.159370400673114,1,0.0730000000000004
80,1000,"VI","mu_2",5,5.007450874197,4.88454626754467,5.13035548084933,1,0.0730000000000004
80,1000,"VI","mu_3",10,10.0507022458671,9.92574768040197,10.1756568113323,1,0.0730000000000004
80,1000,"VI","mu_4",20,19.9318094647493,19.8047642039229,20.0588547255758,1,0.0730000000000004
