"sim_id","n","method","component","mu_true","estimate","lower","upper","covered","elapsed_seconds"
1,1000,"Gibbs","mu_1",0,0.774367241750945,0.590933402547458,0.962922651291835,0,51.979
1,1000,"Gibbs","mu_2",5,8.04842331432349,7.91193578597616,8.1905234253436,0,51.979
1,1000,"Gibbs","mu_3",10,19.8756857033142,19.6356525538024,20.0641518679413,0,51.979
1,1000,"Gibbs","mu_4",20,20.1277016040079,19.9399276031089,20.3721783920684,1,51.979
1,1000,"VI","mu_1",0,0.0153579935229249,-0.109224850507435,0.139940837553284,1,0.0829999999999984
1,1000,"VI","mu_2",5,5.06144675782618,4.93781388399975,5.1850796316526,1,0.0829999999999984
1,1000,"VI","mu_3",10,10.0110782200609,9.8874105229303,10.1347459171915,1,0.0829999999999984
1,1000,"VI","mu_4",20,20.0017819348157,19.8778231296885,20.125740739943,1,0.0829999999999984
