"sim_id","n","method","component","mu_true","estimate","lower","upper","covered","elapsed_seconds"
345,1000,"Gibbs","mu_1",0,0.103344047289742,-0.0235199725066616,0.231099279083251,1,53.016
345,1000,"Gibbs","mu_2",5,5.0011837965979,4.86474538342828,5.13857909048019,1,53.016
345,1000,"Gibbs","mu_3",10,9.97207177912938,9.8451410123573,10.1036295046475,1,53.016
345,1000,"Gibbs","mu_4",20,19.9804425115909,19.8581167122991,20.1050698900413,1,53.016
345,1000,"VI","mu_1",0,-6.70683755356593e-08,-19.5999998396987,19.5999997055619,1,0.0900000000000034
345,1000,"VI","mu_2",5,-6.70683755356593e-08,-19.5999998396987,19.5999997055619,1,0.0900000000000034
345,1000,"VI","mu_3",10,4.99530721782212,4.92342292106281,5.06719151458144,0,0.0900000000000034
345,1000,"VI","mu_4",20,19.9060983195366,19.7837376040458,20.0284590350273,1,0.0900000000000034
