"sim_id","n","method","component","mu_true","estimate","lower","upper","covered","elapsed_seconds"
17,1000,"Gibbs","mu_1",0,-0.112743608928736,-0.246878443900147,0.0196569804371333,1,53.336
17,1000,"Gibbs","mu_2",5,4.96477274215264,4.83983191717191,5.0873963831167,1,53.336
17,1000,"Gibbs","mu_3",10,10.09809311028,9.97144457981798,10.2244444048545,1,53.336
17,1000,"Gibbs","mu_4",20,19.9664515586856,19.8352131054219,20.0967964659901,1,53.336
17,1000,"VI","mu_1",0,-1.01943437297584e-06,-19.5999977873766,19.5999957485079,1,0.112000000000002
17,1000,"VI","mu_2",5,-1.01943437297584e-06,-19.5999977873766,19.5999957485079,1,0.112000000000002
17,1000,"VI","mu_3",10,5.25392326883836,5.18314343089956,5.32470310677715,0,0.112000000000002
17,1000,"VI","mu_4",20,19.9315500371448,19.8032014437999,20.0598986304897,1,0.112000000000002
