"sim_id","n","method","component","mu_true","estimate","lower","upper","covered","elapsed_seconds"
270,1000,"Gibbs","mu_1",0,-0.0260893220895745,-0.151723347120976,0.0983055481514171,1,52.858
270,1000,"Gibbs","mu_2",5,4.96355454837985,4.83192885991209,5.09796523124749,1,52.858
270,1000,"Gibbs","mu_3",10,10.0019448397883,9.87233887976366,10.1310907580551,1,52.858
270,1000,"Gibbs","mu_4",20,20.0537276323407,19.9283359904992,20.1812585607783,1,52.858
270,1000,"VI","mu_1",0,0.553208964742201,0.441617246361741,0.66480068312266,0,0.139000000000003
270,1000,"VI","mu_2",5,7.83760835494057,7.70643568900017,7.96878102088096,0,0.139000000000003
270,1000,"VI","mu_3",10,7.83760835494057,7.70643568900017,7.96878102088096,0,0.139000000000003
270,1000,"VI","mu_4",20,20.0517215773138,19.9265043260026,20.1769388286249,1,0.139000000000003
