"sim_id","n","method","component","mu_true","estimate","lower","upper","covered","elapsed_seconds"
427,1000,"Gibbs","mu_1",0,-0.0400596934322051,-0.165403616138693,0.0893706090037472,1,52.889
427,1000,"Gibbs","mu_2",5,4.97535030690734,4.84565378058987,5.10352542633816,1,52.889
427,1000,"Gibbs","mu_3",10,9.98847112257761,9.86054469249922,10.1155769126889,1,52.889
427,1000,"Gibbs","mu_4",20,19.9666555205674,19.83489997325,20.0994257048337,1,52.889
427,1000,"VI","mu_1",0,-4.17523050990011e-17,-19.6,19.6,1,0.234999999999999
427,1000,"VI","mu_2",5,1.26480274574276,1.16538918068026,1.36421631080526,0,0.234999999999999
427,1000,"VI","mu_3",10,8.41291009059307,8.31370160766273,8.51211857352341,0,0.234999999999999
427,1000,"VI","mu_4",20,19.966563763708,19.8347228788992,20.0984046485169,1,0.234999999999999
