"sim_id","n","method","component","mu_true","estimate","lower","upper","covered","elapsed_seconds"
245,1000,"Gibbs","mu_1",0,0.107053460644246,-0.0251976804961909,0.238905038224815,1,53.293
245,1000,"Gibbs","mu_2",5,4.99282804416907,4.86870351076227,5.11695893527736,1,53.293
245,1000,"Gibbs","mu_3",10,9.98141663664692,9.8523067332154,10.1099479869958,1,53.293
245,1000,"Gibbs","mu_4",20,20.0954469518367,19.9673289453692,20.2233718955135,1,53.293
245,1000,"VI","mu_1",0,0.107082446631432,-0.0191660923881906,0.233330985651055,1,0.0839999999999961
245,1000,"VI","mu_2",5,4.9921546953099,4.87442591649732,5.10988347412249,1,0.0839999999999961
245,1000,"VI","mu_3",10,9.98160517682601,9.85659848357395,10.1066118700781,1,0.0839999999999961
245,1000,"VI","mu_4",20,20.0951830195593,19.9676005897871,20.2227654493316,1,0.0839999999999961
