"sim_id","n","method","component","mu_true","estimate","lower","upper","covered","elapsed_seconds"
397,1000,"Gibbs","mu_1",0,-0.121858364698055,-0.247276072056347,0.00292941809687089,1,53.236
397,1000,"Gibbs","mu_2",5,4.86759079061554,4.73297037912483,5.00179640496746,1,53.236
397,1000,"Gibbs","mu_3",10,10.0305747758387,9.90366098058881,10.1542677848027,1,53.236
397,1000,"Gibbs","mu_4",20,20.0223218707146,19.9007398939502,20.1498213267618,1,53.236
397,1000,"VI","mu_1",0,-2.4076051047613e-08,-19.5999999388635,19.5999998907114,1,0.116999999999997
397,1000,"VI","mu_2",5,-2.4076051047613e-08,-19.5999999388635,19.5999998907114,1,0.116999999999997
397,1000,"VI","mu_3",10,4.92675264614022,4.85493592132471,4.99856937095572,0,0.116999999999997
397,1000,"VI","mu_4",20,19.9592305225012,19.8365346993947,20.0819263456077,1,0.116999999999997
