"sim_id","n","method","component","mu_true","estimate","lower","upper","covered","elapsed_seconds"
172,1000,"Gibbs","mu_1",0,0.0115796627728868,-0.118670225136155,0.14568436520195,1,52.856
172,1000,"Gibbs","mu_2",5,4.95615401649163,4.83223568792382,5.08407783113398,1,52.856
172,1000,"Gibbs","mu_3",10,10.0250751040388,9.89158900300912,10.1541242867603,1,52.856
172,1000,"Gibbs","mu_4",20,20.0320612471315,19.9072978223161,20.1572154961807,1,52.856
172,1000,"VI","mu_1",0,-1.34505879803883e-16,-19.6,19.6,1,0.622
172,1000,"VI","mu_2",5,1.55039421613097,1.44957240043765,1.65121603182429,0,0.622
172,1000,"VI","mu_3",10,8.44935962561868,8.34788789005946,8.5508313611779,0,0.622
172,1000,"VI","mu_4",20,20.0312360618968,19.9070286036456,20.155443520148,1,0.622
