"sim_id","n","method","component","mu_true","estimate","lower","upper","covered","elapsed_seconds"
426,1000,"Gibbs","mu_1",0,-0.0623822521222107,-0.192444348492967,0.0670354233021623,1,52.933
426,1000,"Gibbs","mu_2",5,4.98119343988444,4.8544616043775,5.1083410848403,1,52.933
426,1000,"Gibbs","mu_3",10,10.0267022763451,9.90097252610244,10.1563152635001,1,52.933
426,1000,"Gibbs","mu_4",20,19.9443424708827,19.8183112930391,20.0718653767548,1,52.933
426,1000,"VI","mu_1",0,-4.844955565001e-18,-19.6,19.6,1,0.217999999999996
426,1000,"VI","mu_2",5,0.660643260226209,0.549882231190455,0.771404289261963,0,0.217999999999996
426,1000,"VI","mu_3",10,7.85279818057062,7.75987276737434,7.9457235937669,0,0.217999999999996
426,1000,"VI","mu_4",20,19.9447558888192,19.8187649201064,20.0707468575319,1,0.217999999999996
