"sim_id","n","method","component","mu_true","estimate","lower","upper","covered","elapsed_seconds"
43,1000,"Gibbs","mu_1",0,0.0302630681049493,-0.0947841553542309,0.154540016660389,1,52.602
43,1000,"Gibbs","mu_2",5,5.05028388601626,4.91193735590754,5.19033793253251,1,52.602
43,1000,"Gibbs","mu_3",10,9.86894947362523,9.74110469894079,9.9961987406188,0,52.602
43,1000,"Gibbs","mu_4",20,20.1095770680123,19.9819108528597,20.2331618715019,1,52.602
43,1000,"VI","mu_1",0,-3.82552129377629e-18,-19.6,19.6,1,0.109000000000002
43,1000,"VI","mu_2",5,0.666959650257479,0.555035536442281,0.778883764072678,0,0.109000000000002
43,1000,"VI","mu_3",10,7.96767553974773,7.87416759862534,8.06118348087012,0,0.109000000000002
43,1000,"VI","mu_4",20,20.1093291356588,19.9863502186843,20.2323080526334,1,0.109000000000002
