"sim_id","n","method","component","mu_true","estimate","lower","upper","covered","elapsed_seconds"
402,1000,"Gibbs","mu_1",0,-0.080736181096465,-0.205009788112722,0.0483147177717597,1,53.252
402,1000,"Gibbs","mu_2",5,5.06037539404999,4.92740993739108,5.19199035318735,1,53.252
402,1000,"Gibbs","mu_3",10,10.024633528449,9.89225020476207,10.1557241130918,1,53.252
402,1000,"Gibbs","mu_4",20,19.97791580232,19.8564304590384,20.0960681851872,1,53.252
402,1000,"VI","mu_1",0,-0.0812002932656765,-0.204231976069021,0.0418313895376678,1,0.0760000000000005
402,1000,"VI","mu_2",5,5.06306140402359,4.93825303933533,5.18786976871185,1,0.0760000000000005
402,1000,"VI","mu_3",10,10.0244704934289,9.8973209747195,10.1516200121384,1,0.0760000000000005
402,1000,"VI","mu_4",20,19.9777534438104,19.8566665501551,20.0988403374656,1,0.0760000000000005
