"sim_id","n","method","component","mu_true","estimate","lower","upper","covered","elapsed_seconds"
323,1000,"Gibbs","mu_1",0,0.0139599576845323,-0.113341050254362,0.137993067901041,1,52.998
323,1000,"Gibbs","mu_2",5,4.8952953880853,4.75692410394602,5.03367914407641,1,52.998
323,1000,"Gibbs","mu_3",10,10.1293554917347,10.0026508388467,10.2528141196756,0,52.998
323,1000,"Gibbs","mu_4",20,19.9684634845286,19.8467649676804,20.0895019047572,1,52.998
323,1000,"VI","mu_1",0,0.0154067154727887,-0.107370174390675,0.138183605336252,1,0.0730000000000004
323,1000,"VI","mu_2",5,4.89588446312671,4.76733397585006,5.02443495040336,1,0.0730000000000004
323,1000,"VI","mu_3",10,10.1295352341392,10.0069668848725,10.2521035834059,0,0.0730000000000004
323,1000,"VI","mu_4",20,19.9671532414065,19.8448941790982,20.0894123037148,1,0.0730000000000004
