"sim_id","n","method","component","mu_true","estimate","lower","upper","covered","elapsed_seconds"
393,1000,"Gibbs","mu_1",0,-0.0116380158294959,-0.142434938163233,0.114829748169593,1,53.339
393,1000,"Gibbs","mu_2",5,4.95546480682106,4.82934143448852,5.08326821163421,1,53.339
393,1000,"Gibbs","mu_3",10,10.0520158177225,9.92791761559249,10.1776597112304,1,53.339
393,1000,"Gibbs","mu_4",20,19.9309040791039,19.7995632128014,20.0646071700751,1,53.339
393,1000,"VI","mu_1",0,-6.15887069011093e-17,-19.6,19.6,1,0.223999999999997
393,1000,"VI","mu_2",5,1.53858015659409,1.44072030176423,1.63644001142396,0,0.223999999999997
393,1000,"VI","mu_3",10,8.77092209629365,8.66900912501607,8.87283506757123,0,0.223999999999997
393,1000,"VI","mu_4",20,19.9313283562768,19.8018107385451,20.0608459740085,1,0.223999999999997
