"sim_id","n","method","component","mu_true","estimate","lower","upper","covered","elapsed_seconds"
298,1000,"Gibbs","mu_1",0,-0.113002111656566,-0.246215089082613,0.0212102244311625,1,53.582
298,1000,"Gibbs","mu_2",5,5.02269229937024,4.88588351147549,5.15767885056174,1,53.582
298,1000,"Gibbs","mu_3",10,9.98590289700123,9.85783892869827,10.1147917209941,1,53.582
298,1000,"Gibbs","mu_4",20,19.9278710944777,19.8028096505278,20.051288750016,1,53.582
298,1000,"VI","mu_1",0,-0.114790264146515,-0.242144830341867,0.0125643020488372,1,0.0739999999999981
298,1000,"VI","mu_2",5,5.02285757649022,4.90106889686732,5.14464625611311,1,0.0739999999999981
298,1000,"VI","mu_3",10,9.98631687941296,9.86385887208192,10.108774886744,1,0.0739999999999981
298,1000,"VI","mu_4",20,19.9296486174544,19.8051909958855,20.0541062390233,1,0.0739999999999981
