"sim_id","n","method","component","mu_true","estimate","lower","upper","covered","elapsed_seconds"
236,1000,"Gibbs","mu_1",0,-0.0338472110278068,-0.156215533191067,0.0929206893002977,1,53.183
236,1000,"Gibbs","mu_2",5,4.96264893039045,4.82343000427712,5.09686127740839,1,53.183
236,1000,"Gibbs","mu_3",10,9.78083776921835,9.64963926329648,9.91457286857916,0,53.183
236,1000,"Gibbs","mu_4",20,20.0022392922114,19.871879625044,20.1326427963252,1,53.183
236,1000,"VI","mu_1",0,-0.0331373066606631,-0.153462547544733,0.087187934223407,1,0.0820000000000007
236,1000,"VI","mu_2",5,4.96319050101657,4.84012666943493,5.08625433259822,1,0.0820000000000007
236,1000,"VI","mu_3",10,9.78095024235,9.65699711309373,9.90490337160627,0,0.0820000000000007
236,1000,"VI","mu_4",20,20.0015547207617,19.8725989797692,20.1305104617542,1,0.0820000000000007
