"sim_id","n","method","component","mu_true","estimate","lower","upper","covered","elapsed_seconds"
131,1000,"Gibbs","mu_1",0,-0.0189915940827298,-0.15018236986637,0.109430299947152,1,52.813
131,1000,"Gibbs","mu_2",5,4.93345524656455,4.80062112517866,5.07000177430547,1,52.813
131,1000,"Gibbs","mu_3",10,9.96442960049143,9.84286868644728,10.0865400816889,1,52.813
131,1000,"Gibbs","mu_4",20,20.0573565251312,19.9323193380506,20.1837138845377,1,52.813
131,1000,"VI","mu_1",0,-0.0183930521446368,-0.145383615644951,0.108597511355677,1,0.0769999999999982
131,1000,"VI","mu_2",5,4.933706997582,4.80519931809229,5.06221467707172,1,0.0769999999999982
131,1000,"VI","mu_3",10,9.96472085540143,9.8459201497221,10.0835215610808,1,0.0769999999999982
131,1000,"VI","mu_4",20,20.0582885817984,19.9360295194932,20.1805476441037,1,0.0769999999999982
