"sim_id","n","method","component","mu_true","estimate","lower","upper","covered","elapsed_seconds"
254,1000,"Gibbs","mu_1",0,0.0304867265053339,-0.104066445755962,0.163085128037502,1,53.914
254,1000,"Gibbs","mu_2",5,4.90914306797209,4.78426057360167,5.03328610421086,1,53.914
254,1000,"Gibbs","mu_3",10,9.87866605440859,9.75275207117583,10.0014068797979,1,53.914
254,1000,"Gibbs","mu_4",20,20.0413258007435,19.9101896072955,20.1714299560099,1,53.914
254,1000,"VI","mu_1",0,0.0300542852693621,-0.0992215318433456,0.15933010238207,1,0.0749999999999957
254,1000,"VI","mu_2",5,4.90970769524011,4.79240847867622,5.02700691180399,1,0.0749999999999957
254,1000,"VI","mu_3",10,9.88011201325097,9.76059944627003,9.99962458023191,0,0.0749999999999957
254,1000,"VI","mu_4",20,20.0408947319932,19.9093511072459,20.1724383567405,1,0.0749999999999957
