"sim_id","n","method","component","mu_true","estimate","lower","upper","covered","elapsed_seconds"
392,1000,"Gibbs","mu_1",0,-0.17998863778684,-0.309423523247201,-0.0515300848418454,0,53.183
392,1000,"Gibbs","mu_2",5,4.9686987481412,4.8339233226034,5.09871757244559,1,53.183
392,1000,"Gibbs","mu_3",10,9.8992607760282,9.76963865768988,10.0333018415996,1,53.183
392,1000,"Gibbs","mu_4",20,19.9470833664339,19.8272568677629,20.0647857346823,1,53.183
392,1000,"VI","mu_1",0,-2.15106025953907e-17,-19.6,19.6,1,0.174999999999997
392,1000,"VI","mu_2",5,1.09578460426694,0.990185769884006,1.20138343864987,0,0.174999999999997
392,1000,"VI","mu_3",10,8.36039572326383,8.2596529783648,8.46113846816287,0,0.174999999999997
392,1000,"VI","mu_4",20,19.9466691248938,19.828906264006,20.0644319857815,1,0.174999999999997
