"sim_id","n","method","component","mu_true","estimate","lower","upper","covered","elapsed_seconds"
39,1000,"Gibbs","mu_1",0,0.152494403052833,0.0213082859998668,0.283169914695582,0,52.909
39,1000,"Gibbs","mu_2",5,5.03612640405629,4.89694428109708,5.17511379147775,1,52.909
39,1000,"Gibbs","mu_3",10,10.0027562128564,9.88229434818945,10.1254935914535,1,52.909
39,1000,"Gibbs","mu_4",20,20.012694460002,19.8874893905634,20.1374366412991,1,52.909
39,1000,"VI","mu_1",0,-1.11281905308004e-08,-19.5999999543305,19.5999999320741,1,0.0910000000000011
39,1000,"VI","mu_2",5,-1.11281905308004e-08,-19.5999999543305,19.5999999320741,1,0.0910000000000011
39,1000,"VI","mu_3",10,5.27572377286444,5.20429352895173,5.34715401677716,0,0.0910000000000011
39,1000,"VI","mu_4",20,20.0100278356628,19.8853416783879,20.1347139929378,1,0.0910000000000011
