"sim_id","n","method","component","mu_true","estimate","lower","upper","covered","elapsed_seconds"
141,1000,"Gibbs","mu_1",0,1.53298112855324,1.29291595716011,1.78723529706589,0,53.175
141,1000,"Gibbs","mu_2",5,8.62268720002004,8.40866407196871,8.86206622319025,0,53.175
141,1000,"Gibbs","mu_3",10,19.6966416636076,19.3975798829536,20.0339461500779,0,53.175
141,1000,"Gibbs","mu_4",20,20.3997856049719,20.0663246304745,20.6986812138397,0,53.175
141,1000,"VI","mu_1",0,-7.19408982321329e-17,-19.6,19.6,1,0.262
141,1000,"VI","mu_2",5,1.52579782353606,1.42209019107501,1.62950545599712,0,0.262
141,1000,"VI","mu_3",10,8.61375845928052,8.51461633951464,8.71290057904639,0,0.262
141,1000,"VI","mu_4",20,20.0502580235392,19.9267920787238,20.1737239683546,1,0.262
