"sim_id","n","method","component","mu_true","estimate","lower","upper","covered","elapsed_seconds"
97,1000,"Gibbs","mu_1",0,-0.0949047881384307,-0.224238521604485,0.0408197670359161,1,53.176
97,1000,"Gibbs","mu_2",5,5.04037726330441,4.90870729143217,5.17205622354614,1,53.176
97,1000,"Gibbs","mu_3",10,9.99009361609061,9.86007104744407,10.1178692857935,1,53.176
97,1000,"Gibbs","mu_4",20,19.9359372723875,19.8144794206872,20.0543708610885,1,53.176
97,1000,"VI","mu_1",0,-0.0954280413241769,-0.221816368819235,0.0309602861708813,1,0.080999999999996
97,1000,"VI","mu_2",5,5.03993938633184,4.9155496448608,5.16432912780287,1,0.080999999999996
97,1000,"VI","mu_3",10,9.98989025009254,9.86599303229307,10.113787467892,1,0.080999999999996
97,1000,"VI","mu_4",20,19.9363051260899,19.8149864958782,20.0576237563015,1,0.080999999999996
