"sim_id","n","method","component","mu_true","estimate","lower","upper","covered","elapsed_seconds"
13,1000,"Gibbs","mu_1",0,0.00737623641584239,-0.112396638577794,0.133406859927977,1,53.084
13,1000,"Gibbs","mu_2",5,5.04476681458164,4.91298858560064,5.17799673857361,1,53.084
13,1000,"Gibbs","mu_3",10,9.94430134313136,9.81562688760608,10.0751577098485,1,53.084
13,1000,"Gibbs","mu_4",20,20.0362760680519,19.9105263207138,20.1614435285226,1,53.084
13,1000,"VI","mu_1",0,-1.46626925965223e-17,-19.6,19.6,1,0.292000000000002
13,1000,"VI","mu_2",5,1.09146808963736,0.987571841177741,1.19536433809697,0,0.292000000000002
13,1000,"VI","mu_3",10,8.28765780746292,8.19028058402904,8.38503503089679,0,0.292000000000002
13,1000,"VI","mu_4",20,20.0377463578456,19.9109671495414,20.1645255661498,1,0.292000000000002
