"sim_id","n","method","component","mu_true","estimate","lower","upper","covered","elapsed_seconds"
284,1000,"Gibbs","mu_1",0,-0.0418919420869451,-0.166632566170056,0.0841582582530053,1,52.842
284,1000,"Gibbs","mu_2",5,5.05173667889649,4.92256560532635,5.17875830167426,1,52.842
284,1000,"Gibbs","mu_3",10,10.0401805792436,9.91154456883162,10.1688614435085,1,52.842
284,1000,"Gibbs","mu_4",20,19.9511895913597,19.8276545454697,20.0756430336532,1,52.842
284,1000,"VI","mu_1",0,-2.79723300908475e-08,-19.5999999259111,19.5999998699665,1,0.0960000000000036
284,1000,"VI","mu_2",5,-2.79723300908475e-08,-19.5999999259111,19.5999998699665,1,0.0960000000000036
284,1000,"VI","mu_3",10,4.95020800461603,4.8789122314997,5.02150377773237,0,0.0960000000000036
284,1000,"VI","mu_4",20,19.9126519553057,19.7872423101712,20.0380616004401,1,0.0960000000000036
