"sim_id","n","method","component","mu_true","estimate","lower","upper","covered","elapsed_seconds"
280,1000,"Gibbs","mu_1",0,-0.00809700544170272,-0.135814561354674,0.118715710727377,1,53.038
280,1000,"Gibbs","mu_2",5,5.00620200852245,4.87405698916704,5.13946611588196,1,53.038
280,1000,"Gibbs","mu_3",10,9.96460193065857,9.83298282172416,10.0983541738519,1,53.038
280,1000,"Gibbs","mu_4",20,19.9797834860692,19.8577614611052,20.1001946034632,1,53.038
280,1000,"VI","mu_1",0,-1.44311910416007e-09,-19.5999999951539,19.5999999922677,1,0.0830000000000055
280,1000,"VI","mu_2",5,-1.44311910416007e-09,-19.5999999951539,19.5999999922677,1,0.0830000000000055
280,1000,"VI","mu_3",10,4.81867326424466,4.74650824764369,4.89083828084563,0,0.0830000000000055
280,1000,"VI","mu_4",20,19.9171420060008,19.7961349368873,20.0381490751142,1,0.0830000000000055
