"sim_id","n","method","component","mu_true","estimate","lower","upper","covered","elapsed_seconds"
183,1000,"Gibbs","mu_1",0,-0.111991147494642,-0.23464480043636,0.0127396976936043,1,53.077
183,1000,"Gibbs","mu_2",5,4.88888843867053,4.754042460738,5.02418360343368,1,53.077
183,1000,"Gibbs","mu_3",10,9.94108735718856,9.80780739699203,10.0740141846947,1,53.077
183,1000,"Gibbs","mu_4",20,19.9947694532713,19.8675491566996,20.1201771576938,1,53.077
183,1000,"VI","mu_1",0,-0.111173541103452,-0.231764414419096,0.00941733221219125,1,0.0919999999999987
183,1000,"VI","mu_2",5,4.88956902766802,4.7639638296289,5.01517422570713,1,0.0919999999999987
183,1000,"VI","mu_3",10,9.94050395556533,9.81408162049639,10.0669262906343,1,0.0919999999999987
183,1000,"VI","mu_4",20,19.995517993258,19.8720520484397,20.1189839380762,1,0.0919999999999987
