"sim_id","n","method","component","mu_true","estimate","lower","upper","covered","elapsed_seconds"
174,1000,"Gibbs","mu_1",0,0.000663617794538443,-0.126862531840345,0.122316644037137,1,53.357
174,1000,"Gibbs","mu_2",5,4.9072636543733,4.77629862493256,5.03998427343985,1,53.357
174,1000,"Gibbs","mu_3",10,9.92673119261201,9.79659581979729,10.0579186924806,1,53.357
174,1000,"Gibbs","mu_4",20,20.0106861678471,19.8816649834602,20.1343487744998,1,53.357
174,1000,"VI","mu_1",0,-7.61250602768575e-17,-19.6,19.6,1,0.146999999999998
174,1000,"VI","mu_2",5,1.51317023959019,1.41590166847671,1.61043881070367,0,0.146999999999998
174,1000,"VI","mu_3",10,8.75000121820663,8.64538142069587,8.85462101571738,0,0.146999999999998
174,1000,"VI","mu_4",20,20.0106090422673,19.8848775706915,20.136340513843,1,0.146999999999998
