"sim_id","n","method","component","mu_true","estimate","lower","upper","covered","elapsed_seconds"
406,1000,"Gibbs","mu_1",0,0.126807380500396,0.00310026654689931,0.250021221460948,0,53.229
406,1000,"Gibbs","mu_2",5,5.00311239724096,4.86688042085159,5.14383155266971,1,53.229
406,1000,"Gibbs","mu_3",10,9.94103879068488,9.81093174268853,10.0685355091141,1,53.229
406,1000,"Gibbs","mu_4",20,20.1672338526249,20.0412611538486,20.2906715881215,0,53.229
406,1000,"VI","mu_1",0,0.127292447642142,0.00862166300364994,0.245963232280634,0,0.0670000000000002
406,1000,"VI","mu_2",5,5.00396420608869,4.87572558543394,5.13220282674344,1,0.0670000000000002
406,1000,"VI","mu_3",10,9.94113002997762,9.81581853156714,10.0664415283881,1,0.0670000000000002
406,1000,"VI","mu_4",20,20.1661902084463,20.0419827494437,20.2903976674489,0,0.0670000000000002
