"sim_id","n","method","component","mu_true","estimate","lower","upper","covered","elapsed_seconds"
325,1000,"Gibbs","mu_1",0,-0.024536431447037,-0.149591522017716,0.101999624116294,1,52.813
325,1000,"Gibbs","mu_2",5,4.98550445768357,4.85335922848266,5.11461890160433,1,52.813
325,1000,"Gibbs","mu_3",10,10.0861179873814,9.95736995404925,10.2149526790733,1,52.813
325,1000,"Gibbs","mu_4",20,19.9822299748398,19.8557962367213,20.1048125609072,1,52.813
325,1000,"VI","mu_1",0,-0.0241825657937807,-0.145207542245441,0.0968424106578795,1,0.0760000000000005
325,1000,"VI","mu_2",5,4.98586901026541,4.86170825823089,5.11002976229992,1,0.0760000000000005
325,1000,"VI","mu_3",10,10.0859741729703,9.95826843618064,10.2136799097599,1,0.0760000000000005
325,1000,"VI","mu_4",20,19.9830576334395,19.8598359243885,20.1062793424904,1,0.0760000000000005
