"sim_id","n","method","component","mu_true","estimate","lower","upper","covered","elapsed_seconds"
463,1000,"Gibbs","mu_1",0,0.013245789426649,-0.114420400360575,0.139143247670332,1,52.299
463,1000,"Gibbs","mu_2",5,4.90740252230499,4.7792043501379,5.03197611983012,1,52.299
463,1000,"Gibbs","mu_3",10,10.1172184257175,9.98225432173748,10.2523474375518,1,52.299
463,1000,"Gibbs","mu_4",20,19.9688007858352,19.8501061409217,20.0889022038399,1,52.299
463,1000,"VI","mu_1",0,0.0117572679872984,-0.112377914664746,0.135892450639343,1,0.0740000000000052
463,1000,"VI","mu_2",5,4.90615611728576,4.78424018698682,5.02807204758469,1,0.0740000000000052
463,1000,"VI","mu_3",10,10.1171493577841,9.98508755934101,10.2492111562273,1,0.0740000000000052
463,1000,"VI","mu_4",20,19.9688947528141,19.8500544811031,20.0877350245252,1,0.0740000000000052
