"sim_id","n","method","component","mu_true","estimate","lower","upper","covered","elapsed_seconds"
377,1000,"Gibbs","mu_1",0,0.0109616619539429,-0.118941206322156,0.141575639037492,1,52.996
377,1000,"Gibbs","mu_2",5,4.9025726164883,4.77176787504083,5.03803956282944,1,52.996
377,1000,"Gibbs","mu_3",10,10.0404570837609,9.90877739203781,10.1715902283425,1,52.996
377,1000,"Gibbs","mu_4",20,20.0253756457686,19.9080720783349,20.1438676850723,1,52.996
377,1000,"VI","mu_1",0,0.012047883508443,-0.111951417966605,0.136047184983491,1,0.0739999999999981
377,1000,"VI","mu_2",5,4.90248523549097,4.77766641261079,5.02730405837116,1,0.0739999999999981
377,1000,"VI","mu_3",10,10.0402080347549,9.9111395535429,10.1692765159668,1,0.0739999999999981
377,1000,"VI","mu_4",20,20.0250557668372,19.9064333429851,20.1436781906894,1,0.0739999999999981
