"sim_id","n","method","component","mu_true","estimate","lower","upper","covered","elapsed_seconds"
387,1000,"Gibbs","mu_1",0,0.0276993919122826,-0.108580409175501,0.16013397496064,1,53.195
387,1000,"Gibbs","mu_2",5,5.14191171288737,5.013791424941,5.26995282664477,0,53.195
387,1000,"Gibbs","mu_3",10,10.0098651416186,9.88329020668064,10.1382352970264,1,53.195
387,1000,"Gibbs","mu_4",20,20.0371338074069,19.9159217120853,20.1603896903428,1,53.195
387,1000,"VI","mu_1",0,0.0286421186328936,-0.101512199605099,0.158796436870886,1,0.0750000000000028
387,1000,"VI","mu_2",5,5.14183405633152,5.02118044533846,5.26248766732458,0,0.0750000000000028
387,1000,"VI","mu_3",10,10.009945608571,9.88705130630753,10.1328399108345,1,0.0750000000000028
387,1000,"VI","mu_4",20,20.036664850603,19.913927296145,20.159402405061,1,0.0750000000000028
