"sim_id","n","method","component","mu_true","estimate","lower","upper","covered","elapsed_seconds"
30,1000,"Gibbs","mu_1",0,-0.0150605552436722,-0.139612911716639,0.107431489477067,1,53.63
30,1000,"Gibbs","mu_2",5,5.09957947880224,4.96263902932678,5.23689518606252,1,53.63
30,1000,"Gibbs","mu_3",10,9.99746140980605,9.8687969037669,10.1237561426137,1,53.63
30,1000,"Gibbs","mu_4",20,19.97383818037,19.8517891486828,20.0981097496337,1,53.63
30,1000,"VI","mu_1",0,-4.44146720001433e-18,-19.6,19.6,1,0.110999999999997
30,1000,"VI","mu_2",5,0.649772980210069,0.539349949634258,0.76019601078588,0,0.110999999999997
30,1000,"VI","mu_3",10,8.06659897616939,7.97251166495868,8.1606862873801,0,0.110999999999997
30,1000,"VI","mu_4",20,19.9740462502452,19.8503346116067,20.0977578888837,1,0.110999999999997
