"sim_id","n","method","component","mu_true","estimate","lower","upper","covered","elapsed_seconds"
445,1000,"Gibbs","mu_1",0,-0.0866198787781816,-0.212878488276501,0.0433523249072259,1,52.699
445,1000,"Gibbs","mu_2",5,5.11623581160412,4.98757996951077,5.24802133637176,1,52.699
445,1000,"Gibbs","mu_3",10,9.98700497387736,9.85520600546889,10.1183867075394,1,52.699
445,1000,"Gibbs","mu_4",20,20.089404356133,19.964720694545,20.2128899922309,1,52.699
445,1000,"VI","mu_1",0,-9.5629725386188e-09,-19.599999972927,19.599999953801,1,0.0900000000000034
445,1000,"VI","mu_2",5,-9.5629725386188e-09,-19.599999972927,19.599999953801,1,0.0900000000000034
445,1000,"VI","mu_3",10,4.91809020937478,4.84631334617199,4.98986707257756,0,0.0900000000000034
445,1000,"VI","mu_4",20,20.0497089138509,19.9268136623673,20.1726041653345,1,0.0900000000000034
