"sim_id","n","method","component","mu_true","estimate","lower","upper","covered","elapsed_seconds"
321,1000,"Gibbs","mu_1",0,0.143115605964047,0.0195195677749827,0.268055407257054,0,53.016
321,1000,"Gibbs","mu_2",5,5.06190718093939,4.93276011412342,5.19249732745741,1,53.016
321,1000,"Gibbs","mu_3",10,10.0271166817794,9.89793427922278,10.154877749382,1,53.016
321,1000,"Gibbs","mu_4",20,20.0063360901852,19.8800134376959,20.1297541399701,1,53.016
321,1000,"VI","mu_1",0,-2.42281955744873e-17,-19.6,19.6,1,0.206000000000003
321,1000,"VI","mu_2",5,1.37924356937978,1.27865761854517,1.47982952021439,0,0.206000000000003
321,1000,"VI","mu_3",10,8.48564104820245,8.38447060638632,8.58681149001857,0,0.206000000000003
321,1000,"VI","mu_4",20,20.0053260844991,19.8801088331945,20.1305433358037,1,0.206000000000003
