"sim_id","n","method","component","mu_true","estimate","lower","upper","covered","elapsed_seconds"
343,1000,"Gibbs","mu_1",0,-0.0344626054813931,-0.163615999298643,0.0911561898578641,1,53.106
343,1000,"Gibbs","mu_2",5,5.00474873245212,4.87401161194971,5.13474864734718,1,53.106
343,1000,"Gibbs","mu_3",10,10.086065741571,9.95844026975608,10.2138287751941,1,53.106
343,1000,"Gibbs","mu_4",20,20.0435864511688,19.9171955343671,20.1694202372589,1,53.106
343,1000,"VI","mu_1",0,-2.29783891287258e-16,-19.6,19.6,1,0.167999999999999
343,1000,"VI","mu_2",5,1.89163574991489,1.79666063096392,1.98661086886587,0,0.167999999999999
343,1000,"VI","mu_3",10,9.11845972690983,9.01009382878136,9.22682562503831,0,0.167999999999999
343,1000,"VI","mu_4",20,20.0432553666719,19.9185460775827,20.167964655761,1,0.167999999999999
