"sim_id","n","method","component","mu_true","estimate","lower","upper","covered","elapsed_seconds"
332,1000,"Gibbs","mu_1",0,0.0431519676699287,-0.0854847034506048,0.17165689857767,1,53.396
332,1000,"Gibbs","mu_2",5,4.98216787680599,4.85344721329664,5.11400659618144,1,53.396
332,1000,"Gibbs","mu_3",10,10.0072424845824,9.87585932564271,10.1413912632153,1,53.396
332,1000,"Gibbs","mu_4",20,20.0255669430524,19.9054460743312,20.1468606224526,1,53.396
332,1000,"VI","mu_1",0,0.0441738775290773,-0.080784427185332,0.169132182243487,1,0.0840000000000032
332,1000,"VI","mu_2",5,4.98169333920971,4.85985195956266,5.10353471885677,1,0.0840000000000032
332,1000,"VI","mu_3",10,10.0073077406921,9.87813328213283,10.1364821992513,1,0.0840000000000032
332,1000,"VI","mu_4",20,20.0265144994119,19.9061149281785,20.1469140706454,1,0.0840000000000032
