"sim_id","n","method","component","mu_true","estimate","lower","upper","covered","elapsed_seconds"
95,1000,"Gibbs","mu_1",0,0.0164605278627202,-0.107735331577139,0.140830625353106,1,53.08
95,1000,"Gibbs","mu_2",5,4.90967157652002,4.76540012001963,5.05724077219138,1,53.08
95,1000,"Gibbs","mu_3",10,9.96094643991866,9.8338006485839,10.0896529318953,1,53.08
95,1000,"Gibbs","mu_4",20,20.0046514052669,19.8839877920884,20.1254719916342,1,53.08
95,1000,"VI","mu_1",0,0.0162025369412331,-0.105124012879905,0.137529086762371,1,0.0830000000000055
95,1000,"VI","mu_2",5,4.9076104842246,4.77594854430649,5.03927242414272,1,0.0830000000000055
95,1000,"VI","mu_3",10,9.96145684322534,9.83834041668225,10.0845732697684,1,0.0830000000000055
95,1000,"VI","mu_4",20,20.00577974521,19.8851523685702,20.1264071218499,1,0.0830000000000055
