"sim_id","n","method","component","mu_true","estimate","lower","upper","covered","elapsed_seconds"
99,1000,"Gibbs","mu_1",0,-0.0773713688479831,-0.201541387073245,0.0501181820906719,1,53.178
99,1000,"Gibbs","mu_2",5,5.01799766364883,4.88529933840964,5.15188137698901,1,53.178
99,1000,"Gibbs","mu_3",10,10.075407102435,9.94225476915459,10.2098119746023,1,53.178
99,1000,"Gibbs","mu_4",20,19.9748473173104,19.8567217266543,20.0939019392693,1,53.178
99,1000,"VI","mu_1",0,-3.59114891477416e-18,-19.6,19.6,1,0.122999999999998
99,1000,"VI","mu_2",5,0.509365822521829,0.395725990979185,0.623005654064473,0,0.122999999999998
99,1000,"VI","mu_3",10,7.85440403680589,7.76027163183569,7.9485364417761,0,0.122999999999998
99,1000,"VI","mu_4",20,19.9744830834032,19.8549819955608,20.0939841712457,1,0.122999999999998
