"sim_id","n","method","component","mu_true","estimate","lower","upper","covered","elapsed_seconds"
69,1000,"Gibbs","mu_1",0,0.0997023219037938,-0.0248163480233851,0.222328153211653,1,52.917
69,1000,"Gibbs","mu_2",5,5.01776339163299,4.88203471224505,5.1483970187283,1,52.917
69,1000,"Gibbs","mu_3",10,9.90887998305254,9.77932317895947,10.0407356346536,1,52.917
69,1000,"Gibbs","mu_4",20,19.8694506411814,19.7480387193543,19.9927116800276,0,52.917
69,1000,"VI","mu_1",0,0.0985806870569572,-0.0222376378477194,0.219399011961634,1,0.0850000000000009
69,1000,"VI","mu_2",5,5.01932804649694,4.89429052148416,5.14436557150972,1,0.0850000000000009
69,1000,"VI","mu_3",10,9.90862096064697,9.7824026566896,10.0348392646043,1,0.0850000000000009
69,1000,"VI","mu_4",20,19.8698506942337,19.7458918890332,19.9938094994342,0,0.0850000000000009
