"sim_id","n","method","component","mu_true","estimate","lower","upper","covered","elapsed_seconds"
468,1000,"Gibbs","mu_1",0,-0.0441878128208309,-0.175266576246634,0.090625957189548,1,52.452
468,1000,"Gibbs","mu_2",5,4.93146287350532,4.79427643801579,5.06478135979351,1,52.452
468,1000,"Gibbs","mu_3",10,9.931976782801,9.81224824302672,10.0507010858294,1,52.452
468,1000,"Gibbs","mu_4",20,20.0729008576988,19.9443853271335,20.198504305218,1,52.452
468,1000,"VI","mu_1",0,-3.85883829791057e-16,-19.6,19.6,1,0.119
468,1000,"VI","mu_2",5,1.82200134052224,1.72373150819367,1.9202711728508,0,0.119
468,1000,"VI","mu_3",10,9.17858113463633,9.07516705851401,9.28199521075865,0,0.119
468,1000,"VI","mu_4",20,20.0730451028977,19.9473136313149,20.1987765744805,1,0.119
