"sim_id","n","method","component","mu_true","estimate","lower","upper","covered","elapsed_seconds"
192,1000,"Gibbs","mu_1",0,-0.0687240990212845,-0.197727068775524,0.0594574083480818,1,53.166
192,1000,"Gibbs","mu_2",5,5.01979168849261,4.888178913408,5.15218392336792,1,53.166
192,1000,"Gibbs","mu_3",10,10.0862754759096,9.96345393409531,10.2083819428387,1,53.166
192,1000,"Gibbs","mu_4",20,20.0009379906567,19.8732160154766,20.1306753700341,1,53.166
192,1000,"VI","mu_1",0,-0.0697060313029063,-0.194244797772222,0.0548327351664092,1,0.0640000000000001
192,1000,"VI","mu_2",5,5.01939151130914,4.89729495964461,5.14148806297367,1,0.0640000000000001
192,1000,"VI","mu_3",10,10.084623689014,9.96504222447123,10.2042051535568,1,0.0640000000000001
192,1000,"VI","mu_4",20,20.0013797245747,19.8710053483278,20.1317541008216,1,0.0640000000000001
