"sim_id","n","method","component","mu_true","estimate","lower","upper","covered","elapsed_seconds"
115,1000,"Gibbs","mu_1",0,0.0277195171524081,-0.103440149404999,0.15805678900618,1,53.37
115,1000,"Gibbs","mu_2",5,4.9757983702411,4.84740486179419,5.10815628461857,1,53.37
115,1000,"Gibbs","mu_3",10,9.9839518721306,9.85207390649593,10.1163715337832,1,53.37
115,1000,"Gibbs","mu_4",20,19.9945574160401,19.8724034090046,20.117402031051,1,53.37
115,1000,"VI","mu_1",0,-3.75290345834568e-17,-19.6,19.6,1,0.198999999999998
115,1000,"VI","mu_2",5,1.36969644716635,1.26743691584097,1.47195597849173,0,0.198999999999998
115,1000,"VI","mu_3",10,8.43593603590193,8.33494389044431,8.53692818135956,0,0.198999999999998
115,1000,"VI","mu_4",20,19.994340208535,19.8718426401281,20.1168377769419,1,0.198999999999998
