"sim_id","n","method","component","mu_true","estimate","lower","upper","covered","elapsed_seconds"
355,1000,"Gibbs","mu_1",0,-0.0589684167975063,-0.189333650942878,0.0706590437890848,1,53.39
355,1000,"Gibbs","mu_2",5,4.94761205256507,4.81984145038449,5.07432840184272,1,53.39
355,1000,"Gibbs","mu_3",10,10.041554867437,9.91187095155088,10.1695419170259,1,53.39
355,1000,"Gibbs","mu_4",20,19.9599953878752,19.8368795973826,20.0835498149048,1,53.39
355,1000,"VI","mu_1",0,-0.0599224910679574,-0.185548084567348,0.0657031024314334,1,0.0700000000000003
355,1000,"VI","mu_2",5,4.9472957573276,4.82516298966172,5.06942852499348,1,0.0700000000000003
355,1000,"VI","mu_3",10,10.0430701885356,9.92034668471124,10.16579369236,1,0.0700000000000003
355,1000,"VI","mu_4",20,19.961355043674,19.8358814724932,20.0868286148548,1,0.0700000000000003
