"sim_id","n","method","component","mu_true","estimate","lower","upper","covered","elapsed_seconds"
268,1000,"Gibbs","mu_1",0,0.0412870536133242,-0.0829142484229395,0.164387699794539,1,52.763
268,1000,"Gibbs","mu_2",5,4.95993048788842,4.82689044443163,5.09365578704776,1,52.763
268,1000,"Gibbs","mu_3",10,9.9715899861749,9.84247216015556,10.1041165371181,1,52.763
268,1000,"Gibbs","mu_4",20,20.0878452952592,19.9644012084788,20.2126522071885,1,52.763
268,1000,"VI","mu_1",0,-1.79906149062482e-17,-19.6,19.6,1,0.189999999999998
268,1000,"VI","mu_2",5,1.2102980570319,1.1087981510603,1.31179796300349,0,0.189999999999998
268,1000,"VI","mu_3",10,8.35886087093734,8.25833217234571,8.45938956952897,0,0.189999999999998
268,1000,"VI","mu_4",20,20.0873481859048,19.9626388968157,20.212057474994,1,0.189999999999998
