"sim_id","n","method","component","mu_true","estimate","lower","upper","covered","elapsed_seconds"
314,1000,"Gibbs","mu_1",0,0.00983308638677826,-0.121519769914813,0.139730672083953,1,52.664
314,1000,"Gibbs","mu_2",5,4.97396485415574,4.83856523300887,5.11124773216312,1,52.664
314,1000,"Gibbs","mu_3",10,10.044237337065,9.921209336886,10.1702712524795,1,52.664
314,1000,"Gibbs","mu_4",20,20.0434976577332,19.9205009758369,20.1640099307663,1,52.664
314,1000,"VI","mu_1",0,-1.08537691890615e-15,-19.6,19.6,1,0.143999999999998
314,1000,"VI","mu_2",5,2.1436901696634,2.04932376676883,2.23805657255798,0,0.143999999999998
314,1000,"VI","mu_3",10,9.58114072149122,9.47046502321222,9.69181641977021,0,0.143999999999998
314,1000,"VI","mu_4",20,20.0441462933527,19.9214087388968,20.1668838478087,1,0.143999999999998
