"sim_id","n","method","component","mu_true","estimate","lower","upper","covered","elapsed_seconds"
429,1000,"Gibbs","mu_1",0,-0.0809297620293412,-0.208658009503591,0.0434931444543221,1,52.903
429,1000,"Gibbs","mu_2",5,4.992262403311,4.86894393527746,5.1216304897162,1,52.903
429,1000,"Gibbs","mu_3",10,10.0330886824559,9.90925530693305,10.1578592307708,1,52.903
429,1000,"Gibbs","mu_4",20,19.9920516271691,19.8555185552252,20.124350965412,1,52.903
429,1000,"VI","mu_1",0,-6.10540262583866e-17,-19.6,19.6,1,0.247
429,1000,"VI","mu_2",5,1.45414404308446,1.35575275095831,1.5525353352106,0,0.247
429,1000,"VI","mu_3",10,8.6756753876759,8.57606809275219,8.77528268259962,0,0.247
429,1000,"VI","mu_4",20,19.9923738453299,19.8590158529794,20.1257318376803,1,0.247
