"sim_id","n","method","component","mu_true","estimate","lower","upper","covered","elapsed_seconds"
409,1000,"Gibbs","mu_1",0,0.058210773914169,-0.066136819603364,0.179343852390849,1,53.12
409,1000,"Gibbs","mu_2",5,4.98954878040749,4.85260873513918,5.12443267283424,1,53.12
409,1000,"Gibbs","mu_3",10,10.0010108703006,9.869538734729,10.131196459278,1,53.12
409,1000,"Gibbs","mu_4",20,20.0109519225559,19.8835696926126,20.1358357152255,1,53.12
409,1000,"VI","mu_1",0,-3.11368855599232e-10,-19.5999999985121,19.5999999978893,1,0.095000000000006
409,1000,"VI","mu_2",5,-3.11368855599232e-10,-19.5999999985121,19.5999999978893,1,0.095000000000006
409,1000,"VI","mu_3",10,4.83561871492578,4.76423707473355,4.90700035511801,0,0.095000000000006
409,1000,"VI","mu_4",20,19.9487691360376,19.8238233959928,20.0737148760825,1,0.095000000000006
