"sim_id","n","method","component","mu_true","estimate","lower","upper","covered","elapsed_seconds"
470,1000,"Gibbs","mu_1",0,-0.00382216123272645,-0.132185840497449,0.123401619979795,1,53.017
470,1000,"Gibbs","mu_2",5,4.99010932025974,4.85854218909072,5.12242302195534,1,53.017
470,1000,"Gibbs","mu_3",10,9.94335711076279,9.80966949988457,10.074338681751,1,53.017
470,1000,"Gibbs","mu_4",20,19.9777159772046,19.8625197585061,20.1000112706868,1,53.017
470,1000,"VI","mu_1",0,-0.00272177053338934,-0.127315610727559,0.121872069660781,1,0.0829999999999984
470,1000,"VI","mu_2",5,4.99037137806519,4.86705310951519,5.11368964661519,1,0.0829999999999984
470,1000,"VI","mu_3",10,9.94478430479602,9.81608960258856,10.0734790070035,1,0.0829999999999984
470,1000,"VI","mu_4",20,19.9773198647712,19.8575960429346,20.0970436866078,1,0.0829999999999984
