"sim_id","n","method","component","mu_true","estimate","lower","upper","covered","elapsed_seconds"
82,1000,"Gibbs","mu_1",0,-0.0262530006352686,-0.161762254777406,0.109958409458131,1,53.124
82,1000,"Gibbs","mu_2",5,4.99845224349247,4.86481940632074,5.1278729308006,1,53.124
82,1000,"Gibbs","mu_3",10,9.95891785125816,9.83486188031636,10.0818340486399,1,53.124
82,1000,"Gibbs","mu_4",20,19.9518882272733,19.8254962748624,20.0774405436807,1,53.124
82,1000,"VI","mu_1",0,-4.6689966013137e-16,-19.6,19.6,1,0.167999999999999
82,1000,"VI","mu_2",5,2.03593686374458,1.93894947212357,2.1329242553656,0,0.167999999999999
82,1000,"VI","mu_3",10,9.17216560734431,9.06627748610874,9.27805372857988,0,0.167999999999999
82,1000,"VI","mu_4",20,19.9515236305883,19.8273161715874,20.0757310895891,1,0.167999999999999
