"sim_id","n","method","component","mu_true","estimate","lower","upper","covered","elapsed_seconds"
74,1000,"Gibbs","mu_1",0,-0.0293931691587682,-0.162812359075119,0.10608602196731,1,52.896
74,1000,"Gibbs","mu_2",5,4.99504149562867,4.86005095803891,5.12949263336393,1,52.896
74,1000,"Gibbs","mu_3",10,10.0933373813004,9.96105707063901,10.2225171338982,1,52.896
74,1000,"Gibbs","mu_4",20,20.101697103628,19.9761060110171,20.2252063931341,1,52.896
74,1000,"VI","mu_1",0,1.63647379089845,1.53793753535553,1.73501004644137,0,0.517000000000003
74,1000,"VI","mu_2",5,8.82362801766901,8.72009112169168,8.92716491364634,0,0.517000000000003
74,1000,"VI","mu_3",10,20.1011624349541,19.9244423701656,20.2778824997427,0,0.517000000000003
74,1000,"VI","mu_4",20,20.1011624349541,19.9244423701656,20.2778824997427,1,0.517000000000003
