"sim_id","n","method","component","mu_true","estimate","lower","upper","covered","elapsed_seconds"
190,1000,"Gibbs","mu_1",0,-0.0328315183874064,-0.159940755379685,0.0910024683459676,1,52.98
190,1000,"Gibbs","mu_2",5,4.91353558603068,4.78479610951987,5.04222151805583,1,52.98
190,1000,"Gibbs","mu_3",10,10.0515311403635,9.92463876081892,10.1797263014136,1,52.98
190,1000,"Gibbs","mu_4",20,19.9877289150626,19.8582577252848,20.113685477233,1,52.98
190,1000,"VI","mu_1",0,0.814418056772014,0.707550613404176,0.921285500139852,0,0.161999999999999
190,1000,"VI","mu_2",5,8.05827897245658,7.92361111665928,8.19294682825388,0,0.161999999999999
190,1000,"VI","mu_3",10,8.05827897245658,7.92361111665928,8.19294682825388,0,0.161999999999999
190,1000,"VI","mu_4",20,19.9873699723552,19.8608551520783,20.113884792632,1,0.161999999999999
