"sim_id","n","method","component","mu_true","estimate","lower","upper","covered","elapsed_seconds"
335,1000,"Gibbs","mu_1",0,-0.0861601748214235,-0.221955757592065,0.048586332285845,1,53.131
335,1000,"Gibbs","mu_2",5,4.9518113069695,4.81197757091942,5.08626913841503,1,53.131
335,1000,"Gibbs","mu_3",10,10.0078533935442,9.88453266366972,10.1335698790319,1,53.131
335,1000,"Gibbs","mu_4",20,20.0353186416657,19.9176829467265,20.1519948779035,1,53.131
335,1000,"VI","mu_1",0,-0.0861482313305352,-0.214765263518721,0.042468800857651,1,0.0739999999999981
335,1000,"VI","mu_2",5,4.9499941730619,4.82247501398414,5.07751333213965,1,0.0739999999999981
335,1000,"VI","mu_3",10,10.0067955026647,9.88346343822953,10.1301275670999,1,0.0739999999999981
335,1000,"VI","mu_4",20,20.035310781701,19.9179707538932,20.1526508095089,1,0.0739999999999981
