"sim_id","n","method","component","mu_true","estimate","lower","upper","covered","elapsed_seconds"
453,1000,"Gibbs","mu_1",0,0.0114734595390243,-0.117778881424297,0.139206725925209,1,53.009
453,1000,"Gibbs","mu_2",5,4.97781235409493,4.84612034088182,5.10769691453495,1,53.009
453,1000,"Gibbs","mu_3",10,9.94170847777109,9.80384579632877,10.0789520317409,1,53.009
453,1000,"Gibbs","mu_4",20,19.9893566537514,19.8658919787823,20.1150228895878,1,53.009
453,1000,"VI","mu_1",0,0.0106952592399305,-0.112399420348907,0.133789938828768,1,0.0889999999999986
453,1000,"VI","mu_2",5,4.97783115055477,4.85787321411048,5.09778908699906,1,0.0889999999999986
453,1000,"VI","mu_3",10,9.94126627537525,9.81104237895054,10.0714901718,1,0.0889999999999986
453,1000,"VI","mu_4",20,19.9893728659465,19.8661511568947,20.1125945749982,1,0.0889999999999986
