"sim_id","n","method","component","mu_true","estimate","lower","upper","covered","elapsed_seconds"
444,1000,"Gibbs","mu_1",0,-0.0295412555102426,-0.156735720941732,0.0969151095852271,1,52.978
444,1000,"Gibbs","mu_2",5,4.9328853940143,4.79484471584494,5.07050672689952,1,52.978
444,1000,"Gibbs","mu_3",10,10.0421910422814,9.91328110388104,10.1683786546125,1,52.978
444,1000,"Gibbs","mu_4",20,19.9744910158369,19.8473920996266,20.0990229356338,1,52.978
444,1000,"VI","mu_1",0,-4.92710984385671e-09,-19.5999999841535,19.5999999742993,1,0.105000000000004
444,1000,"VI","mu_2",5,-4.92710984385671e-09,-19.5999999841535,19.5999999742993,1,0.105000000000004
444,1000,"VI","mu_3",10,4.86159577180171,4.79021636007936,4.93297518352407,0,0.105000000000004
444,1000,"VI","mu_4",20,19.8249332672548,19.6999755737339,19.9498909607757,0,0.105000000000004
