"sim_id","n","method","component","mu_true","estimate","lower","upper","covered","elapsed_seconds"
217,1000,"Gibbs","mu_1",0,0.0222227347151212,-0.105701221782961,0.151360475039077,1,53.08
217,1000,"Gibbs","mu_2",5,5.05801451275682,4.93273076510163,5.18242252648806,1,53.08
217,1000,"Gibbs","mu_3",10,10.0569164537364,9.92558808651599,10.1862126532673,1,53.08
217,1000,"Gibbs","mu_4",20,19.9866825131331,19.8578836899978,20.1161549178862,1,53.08
217,1000,"VI","mu_1",0,-5.11584579049876e-09,-19.5999999831642,19.5999999729325,1,0.0910000000000011
217,1000,"VI","mu_2",5,-5.11584579049876e-09,-19.5999999831642,19.5999999729325,1,0.0910000000000011
217,1000,"VI","mu_3",10,4.93110241002104,4.86002924524418,5.0021755747979,0,0.0910000000000011
217,1000,"VI","mu_4",20,19.8797879551121,19.7531430436145,20.0064328666097,1,0.0910000000000011
