"sim_id","n","method","component","mu_true","estimate","lower","upper","covered","elapsed_seconds"
186,1000,"Gibbs","mu_1",0,-0.0254942090633644,-0.149633373806056,0.0997818939722501,1,53.203
186,1000,"Gibbs","mu_2",5,4.99716653325031,4.86142738682763,5.1288161674955,1,53.203
186,1000,"Gibbs","mu_3",10,10.0135437603088,9.88210476959768,10.1450418306537,1,53.203
186,1000,"Gibbs","mu_4",20,19.9527635970147,19.829733838231,20.0779656778047,1,53.203
186,1000,"VI","mu_1",0,-0.0239146381335949,-0.146155693321811,0.0983264170546209,1,0.0750000000000028
186,1000,"VI","mu_2",5,4.9964738240281,4.87115084956322,5.12179679849298,1,0.0750000000000028
186,1000,"VI","mu_3",10,10.0133069307965,9.88608448074559,10.1405293808474,1,0.0750000000000028
186,1000,"VI","mu_4",20,19.9521592631123,19.8308406329261,20.0734778932986,1,0.0750000000000028
