"sim_id","n","method","component","mu_true","estimate","lower","upper","covered","elapsed_seconds"
193,1000,"Gibbs","mu_1",0,-0.0728581676512495,-0.202618657884789,0.0532033401317852,1,53.08
193,1000,"Gibbs","mu_2",5,4.92968883980917,4.79778130063341,5.06296878873751,1,53.08
193,1000,"Gibbs","mu_3",10,9.94539124253902,9.81981244548356,10.0686268024842,1,53.08
193,1000,"Gibbs","mu_4",20,20.0313182937617,19.9019955597208,20.1630849354715,1,53.08
193,1000,"VI","mu_1",0,-0.0733007983818196,-0.194246841828016,0.0476452450643772,1,0.0760000000000005
193,1000,"VI","mu_2",5,4.93108855964766,4.80920917234389,5.05296794695143,1,0.0760000000000005
193,1000,"VI","mu_3",10,9.9440318658783,9.82358356935882,10.0644801623978,1,0.0760000000000005
193,1000,"VI","mu_4",20,20.0305949287433,19.8966152173753,20.1645746401112,1,0.0760000000000005
