"sim_id","n","method","component","mu_true","estimate","lower","upper","covered","elapsed_seconds"
168,1000,"Gibbs","mu_1",0,0.0147932044273764,-0.112151965455933,0.14287970114882,1,53.085
168,1000,"Gibbs","mu_2",5,4.8826501132613,4.75049614334054,5.01440937186522,1,53.085
168,1000,"Gibbs","mu_3",10,9.93108559605995,9.80423774393195,10.0616051696077,1,53.085
168,1000,"Gibbs","mu_4",20,19.8653053805303,19.7408426496927,19.9932684101687,0,53.085
168,1000,"VI","mu_1",0,-8.82027074849352e-09,-19.5999999762888,19.5999999586483,1,0.088000000000001
168,1000,"VI","mu_2",5,-8.82027074849352e-09,-19.5999999762888,19.5999999586483,1,0.088000000000001
168,1000,"VI","mu_3",10,4.80500694946124,4.73368916447761,4.87632473444487,0,0.088000000000001
168,1000,"VI","mu_4",20,19.755922755653,19.6306326842526,19.8812128270534,0,0.088000000000001
