"sim_id","n","method","component","mu_true","estimate","lower","upper","covered","elapsed_seconds"
209,1000,"Gibbs","mu_1",0,0.0186026315653027,-0.106138597244045,0.143407779966106,1,52.853
209,1000,"Gibbs","mu_2",5,4.94799546695058,4.81316596678887,5.0825086069415,1,52.853
209,1000,"Gibbs","mu_3",10,10.0547816089296,9.92468601062182,10.1863247746449,1,52.853
209,1000,"Gibbs","mu_4",20,20.1023918462278,19.97605621287,20.2266530658476,1,52.853
209,1000,"VI","mu_1",0,0.0179988708246015,-0.10050460484675,0.136502346495953,1,0.0829999999999984
209,1000,"VI","mu_2",5,4.94874414359114,4.82307472371857,5.07441356346372,1,0.0829999999999984
209,1000,"VI","mu_3",10,10.0558032015826,9.92960651242479,10.1819998907405,1,0.0829999999999984
209,1000,"VI","mu_4",20,20.1015962633573,19.9756052945313,20.2275872321834,1,0.0829999999999984
