"sim_id","n","method","component","mu_true","estimate","lower","upper","covered","elapsed_seconds"
304,1000,"Gibbs","mu_1",0,-0.0613207293043398,-0.187337831004926,0.0637085752119086,1,53.129
304,1000,"Gibbs","mu_2",5,4.88315376143772,4.74526002761968,5.0201839066156,1,53.129
304,1000,"Gibbs","mu_3",10,9.95761261253106,9.83619365658669,10.0826364240616,1,53.129
304,1000,"Gibbs","mu_4",20,19.9198076407501,19.7867423264833,20.0514374597367,1,53.129
304,1000,"VI","mu_1",0,-0.0604815074636431,-0.180607729123439,0.0596447141961527,1,0.0829999999999984
304,1000,"VI","mu_2",5,4.88371153208835,4.7576089542619,5.0098141099148,1,0.0829999999999984
304,1000,"VI","mu_3",10,9.95911921721233,9.84032713512537,10.0779112992993,1,0.0829999999999984
304,1000,"VI","mu_4",20,19.9209413222946,19.7888011591941,20.0530814853951,1,0.0829999999999984
