"sim_id","n","method","component","mu_true","estimate","lower","upper","covered","elapsed_seconds"
405,1000,"Gibbs","mu_1",0,-0.0981174586278442,-0.228257685488062,0.034901860719648,1,53.404
405,1000,"Gibbs","mu_2",5,4.91461463973126,4.780742286989,5.04437466627792,1,53.404
405,1000,"Gibbs","mu_3",10,9.98610795280199,9.86229905460377,10.1083527308406,1,53.404
405,1000,"Gibbs","mu_4",20,20.1574665180766,20.0297176221849,20.2875951589959,0,53.404
405,1000,"VI","mu_1",0,-3.37137363891686e-16,-19.6,19.6,1,0.146999999999998
405,1000,"VI","mu_2",5,1.9496060183887,1.85536391543922,2.04384812133819,0,0.146999999999998
405,1000,"VI","mu_3",10,9.25457533464563,9.1467599295608,9.36239073973046,0,0.146999999999998
405,1000,"VI","mu_4",20,20.1575105524369,20.0301975579567,20.2848235469171,0,0.146999999999998
