"sim_id","n","method","component","mu_true","estimate","lower","upper","covered","elapsed_seconds"
498,1000,"Gibbs","mu_1",0,-0.116180318040164,-0.246066076099822,0.0123702356197547,1,52.836
498,1000,"Gibbs","mu_2",5,5.04305951644395,4.9097877809123,5.17395981701932,1,52.836
498,1000,"Gibbs","mu_3",10,10.0516814623287,9.92776735033089,10.1787542685677,1,52.836
498,1000,"Gibbs","mu_4",20,19.8776936305772,19.7465959097353,20.0052869829547,1,52.836
498,1000,"VI","mu_1",0,-1.75173046900863e-08,-19.5999999458869,19.5999999108523,1,0.112000000000002
498,1000,"VI","mu_2",5,-1.75173046900863e-08,-19.5999999458869,19.5999999108523,1,0.112000000000002
498,1000,"VI","mu_3",10,5.03527902841468,4.96431460958945,5.1062434472399,0,0.112000000000002
498,1000,"VI","mu_4",20,19.6577099317449,19.5304438032428,19.784976060247,0,0.112000000000002
