"sim_id","n","method","component","mu_true","estimate","lower","upper","covered","elapsed_seconds"
114,1000,"Gibbs","mu_1",0,-0.0183068160115009,-0.146711903275134,0.110841262844044,1,53.111
114,1000,"Gibbs","mu_2",5,5.08648462777573,4.96291150234539,5.21291841947412,1,53.111
114,1000,"Gibbs","mu_3",10,9.95574315001733,9.83148298940074,10.0802909225495,1,53.111
114,1000,"Gibbs","mu_4",20,19.959983801472,19.8306673703883,20.0905253677622,1,53.111
114,1000,"VI","mu_1",0,-5.93452677237555e-18,-19.6,19.6,1,0.170000000000002
114,1000,"VI","mu_2",5,0.738509540396925,0.627354740573431,0.849664340220419,0,0.170000000000002
114,1000,"VI","mu_3",10,7.90689477837599,7.81551866209068,7.99827089466129,0,0.170000000000002
114,1000,"VI","mu_4",20,19.9602042599153,19.8306868586327,20.0897216611979,1,0.170000000000002
