"sim_id","n","method","component","mu_true","estimate","lower","upper","covered","elapsed_seconds"
272,1000,"Gibbs","mu_1",0,-0.0243554726092481,-0.155602913690058,0.105386905336214,1,52.802
272,1000,"Gibbs","mu_2",5,5.02878315950789,4.89684222216358,5.1685386166151,1,52.802
272,1000,"Gibbs","mu_3",10,9.97992121980805,9.8499073985058,10.113016110815,1,52.802
272,1000,"Gibbs","mu_4",20,20.0105624691873,19.8927156218074,20.1293221101054,1,52.802
272,1000,"VI","mu_1",0,-0.0229216332649617,-0.148265182915355,0.102421916385432,1,0.0919999999999987
272,1000,"VI","mu_2",5,5.02918117441064,4.90417300485295,5.15418934396834,1,0.0919999999999987
272,1000,"VI","mu_3",10,9.97964631728982,9.85143029768075,10.1078623368989,1,0.0919999999999987
272,1000,"VI","mu_4",20,20.010042445049,19.8920664462519,20.1280184438462,1,0.0919999999999987
