"sim_id","n","method","component","mu_true","estimate","lower","upper","covered","elapsed_seconds"
145,1000,"Gibbs","mu_1",0,-0.108735123102356,-0.231833691931405,0.013499716555022,1,53.002
145,1000,"Gibbs","mu_2",5,4.96406408873208,4.8226305823054,5.10506164334669,1,53.002
145,1000,"Gibbs","mu_3",10,9.98046870940744,9.85819447665728,10.1022992615783,1,53.002
145,1000,"Gibbs","mu_4",20,20.0476342576575,19.9171484350784,20.1802974196341,1,53.002
145,1000,"VI","mu_1",0,-1.49597195688161e-17,-19.6,19.6,1,0.123000000000005
145,1000,"VI","mu_2",5,0.97183994301405,0.868809948274027,1.07486993775407,0,0.123000000000005
145,1000,"VI","mu_3",10,8.52736793233264,8.4303481157018,8.62438774896348,0,0.123000000000005
145,1000,"VI","mu_4",20,20.0483605927212,19.9191248293805,20.1775963560619,1,0.123000000000005
