"sim_id","n","method","component","mu_true","estimate","lower","upper","covered","elapsed_seconds"
437,1000,"Gibbs","mu_1",0,0.0129514951715603,-0.124112801337616,0.147766258477558,1,52.992
437,1000,"Gibbs","mu_2",5,4.96886222844434,4.83447509744263,5.10429358584366,1,52.992
437,1000,"Gibbs","mu_3",10,10.0680442973718,9.94766665279104,10.1869248529319,1,52.992
437,1000,"Gibbs","mu_4",20,20.0333289229696,19.9160652710727,20.1518157138679,1,52.992
437,1000,"VI","mu_1",0,-3.23511999219777e-06,-19.5999921471857,19.5999856769457,1,0.0860000000000056
437,1000,"VI","mu_2",5,-3.23511999219777e-06,-19.5999921471857,19.5999856769457,1,0.0860000000000056
437,1000,"VI","mu_3",10,5.4932787913645,5.42067788291931,5.5658796998097,0,0.0860000000000056
437,1000,"VI","mu_4",20,20.0279863382742,19.9089658729434,20.1470068036051,1,0.0860000000000056
