"sim_id","n","method","component","mu_true","estimate","lower","upper","covered","elapsed_seconds"
64,1000,"Gibbs","mu_1",0,-0.0535446006601641,-0.185053161581037,0.079531755181404,1,52.942
64,1000,"Gibbs","mu_2",5,4.89736193417648,4.76993913564882,5.02772044850053,1,52.942
64,1000,"Gibbs","mu_3",10,9.93849506482792,9.80917878087922,10.0659131147815,1,52.942
64,1000,"Gibbs","mu_4",20,20.0046656927231,19.8819938884329,20.1285088075674,1,52.942
64,1000,"VI","mu_1",0,-3.97688260931301e-16,-19.6,19.6,1,0.229999999999997
64,1000,"VI","mu_2",5,2.08409160713905,1.99076536417069,2.1774178501074,0,0.229999999999997
64,1000,"VI","mu_3",10,9.22475854330061,9.11252061946677,9.33699646713445,0,0.229999999999997
64,1000,"VI","mu_4",20,20.0054981601959,19.8825192432142,20.1284770771776,1,0.229999999999997
