"sim_id","n","method","component","mu_true","estimate","lower","upper","covered","elapsed_seconds"
55,1000,"Gibbs","mu_1",0,0.13245046698978,-0.00348604319286237,0.269330999991774,1,52.859
55,1000,"Gibbs","mu_2",5,4.9497167444687,4.82476097342343,5.07500265133405,1,52.859
55,1000,"Gibbs","mu_3",10,10.0194658736563,9.88479703308294,10.1511771097093,1,52.859
55,1000,"Gibbs","mu_4",20,19.9927632066862,19.8697705178395,20.1161489399352,1,52.859
55,1000,"VI","mu_1",0,-3.90793293040969e-16,-19.6,19.6,1,0.286000000000001
55,1000,"VI","mu_2",5,2.24647248381561,2.15341078378942,2.3395341838418,0,0.286000000000001
55,1000,"VI","mu_3",10,9.16592339939901,9.05359128857627,9.27825551022176,0,0.286000000000001
55,1000,"VI","mu_4",20,19.9930328100553,19.8695668652372,20.1164987548733,1,0.286000000000001
