"sim_id","n","method","component","mu_true","estimate","lower","upper","covered","elapsed_seconds"
102,1000,"Gibbs","mu_1",0,-0.12619774756899,-0.257424038901869,0.00561576770930953,1,53.053
102,1000,"Gibbs","mu_2",5,5.03318450773236,4.89581419090141,5.17311912565296,1,53.053
102,1000,"Gibbs","mu_3",10,10.0087460815769,9.88264396098685,10.1310937609363,1,53.053
102,1000,"Gibbs","mu_4",20,19.9001417937768,19.7774975232985,20.0225197197431,1,53.053
102,1000,"VI","mu_1",0,-1.76636868786829e-16,-19.6,19.6,1,0.475000000000001
102,1000,"VI","mu_2",5,1.74622060623723,1.64714612496598,1.84529508750848,0,0.475000000000001
102,1000,"VI","mu_3",10,9.08904762851454,8.98422866460237,9.19386659242671,0,0.475000000000001
102,1000,"VI","mu_4",20,19.9005933411179,19.7788072180511,20.0223794641848,1,0.475000000000001
