"sim_id","n","method","component","mu_true","estimate","lower","upper","covered","elapsed_seconds"
320,1000,"Gibbs","mu_1",0,0.0363036825122131,-0.100103566942325,0.17217946522039,1,53.039
320,1000,"Gibbs","mu_2",5,5.00999630249175,4.8798631205283,5.13921196441249,1,53.039
320,1000,"Gibbs","mu_3",10,10.0258763219413,9.89738592575082,10.1600442288009,1,53.039
320,1000,"Gibbs","mu_4",20,20.1258888639955,19.9987618536632,20.2503198961629,1,53.039
320,1000,"VI","mu_1",0,-2.05939782783188e-16,-19.6,19.6,1,0.457000000000001
320,1000,"VI","mu_2",5,1.85213821729733,1.75467999997745,1.9495964346172,0,0.457000000000001
320,1000,"VI","mu_3",10,8.85908935620653,8.7534992002135,8.96467951219956,0,0.457000000000001
320,1000,"VI","mu_4",20,20.1257443127542,20.0020326746481,20.2494559508603,0,0.457000000000001
