"sim_id","n","method","component","mu_true","estimate","lower","upper","covered","elapsed_seconds"
87,1000,"Gibbs","mu_1",0,-0.0625886214776673,-0.194115846926288,0.0664443608321861,1,53.154
87,1000,"Gibbs","mu_2",5,4.8917349991722,4.7575902898605,5.02749081531639,1,53.154
87,1000,"Gibbs","mu_3",10,9.94564254405097,9.8220190144257,10.0696900228216,1,53.154
87,1000,"Gibbs","mu_4",20,19.8405981085144,19.7155437671326,19.9661866524906,0,53.154
87,1000,"VI","mu_1",0,-1.59632186282192e-16,-19.6,19.6,1,0.255000000000003
87,1000,"VI","mu_2",5,1.71334096173967,1.61657090509579,1.81011101838355,0,0.255000000000003
87,1000,"VI","mu_3",10,8.9812152148258,8.87504216408324,9.08738826556837,0,0.255000000000003
87,1000,"VI","mu_4",20,19.8409461801952,19.7167387212188,19.9651536391716,0,0.255000000000003
