"sim_id","n","method","component","mu_true","estimate","lower","upper","covered","elapsed_seconds"
464,1000,"Gibbs","mu_1",0,0.0522482315637642,-0.0743782869984881,0.176505172088856,1,52.771
464,1000,"Gibbs","mu_2",5,4.90390823936119,4.7685759898569,5.03695853344632,1,52.771
464,1000,"Gibbs","mu_3",10,9.99250848868521,9.87130121419949,10.1141201639773,1,52.771
464,1000,"Gibbs","mu_4",20,20.0772844328652,19.9474438021643,20.2053699154103,1,52.771
464,1000,"VI","mu_1",0,0.0520143619827607,-0.0698352274117521,0.173863951377273,1,0.0870000000000033
464,1000,"VI","mu_2",5,4.9028203619242,4.77772095165461,5.02791977219378,1,0.0870000000000033
464,1000,"VI","mu_3",10,9.99168685976993,9.86938209023456,10.1139916293053,1,0.0870000000000033
464,1000,"VI","mu_4",20,20.0780030216313,19.951223813327,20.2047822299356,1,0.0870000000000033
