"sim_id","n","method","component","mu_true","estimate","lower","upper","covered","elapsed_seconds"
479,1000,"Gibbs","mu_1",0,1.99973537246657,1.87296579729061,2.12546862439014,0,53.305
479,1000,"Gibbs","mu_2",5,9.28896066908288,9.13604383616443,9.4397684502086,0,53.305
479,1000,"Gibbs","mu_3",10,19.5855294464304,19.2844190248702,19.8955864919499,0,53.305
479,1000,"Gibbs","mu_4",20,20.1911182306746,19.8856537336745,20.4804086501238,1,53.305
479,1000,"VI","mu_1",0,-5.30960701552775e-16,-19.6,19.6,1,0.120000000000005
479,1000,"VI","mu_2",5,2.00035040797871,1.90337587946933,2.09732493648809,0,0.120000000000005
479,1000,"VI","mu_3",10,9.28948026689497,9.18050988080588,9.39845065298407,0,0.120000000000005
479,1000,"VI","mu_4",20,19.8892262503199,19.7695024284833,20.0089500721564,1,0.120000000000005
