"sim_id","n","method","component","mu_true","estimate","lower","upper","covered","elapsed_seconds"
170,1000,"Gibbs","mu_1",0,0.117321197402641,-0.0175458492124535,0.253352426337948,1,53.076
170,1000,"Gibbs","mu_2",5,4.98973202421729,4.85091439387514,5.12493562367868,1,53.076
170,1000,"Gibbs","mu_3",10,10.0189376955334,9.89761742981057,10.1391206568805,1,53.076
170,1000,"Gibbs","mu_4",20,20.0481771586134,19.927324847328,20.1679153319987,1,53.076
170,1000,"VI","mu_1",0,-4.33048553832824e-08,-19.5999998489011,19.5999997622914,1,0.0859999999999985
170,1000,"VI","mu_2",5,-4.33048553832824e-08,-19.5999998489011,19.5999997622914,1,0.0859999999999985
170,1000,"VI","mu_3",10,5.32882885859965,5.25663025171833,5.40102746548097,0,0.0859999999999985
170,1000,"VI","mu_4",20,20.0475571116703,19.9267079896399,20.1684062337007,1,0.0859999999999985
