"sim_id","n","method","component","mu_true","estimate","lower","upper","covered","elapsed_seconds"
404,1000,"Gibbs","mu_1",0,-0.0327023803378939,-0.164050477346596,0.0985975727626742,1,53.273
404,1000,"Gibbs","mu_2",5,4.99987104032697,4.86988407357701,5.12906349239851,1,53.273
404,1000,"Gibbs","mu_3",10,10.041378665529,9.91905144767024,10.1669705781016,1,53.273
404,1000,"Gibbs","mu_4",20,19.9796791166265,19.8568799242708,20.1044664665718,1,53.273
404,1000,"VI","mu_1",0,-4.1504493437422e-16,-19.6,19.6,1,0.185000000000002
404,1000,"VI","mu_2",5,1.91577447203656,1.82013013450758,2.01141880956554,0,0.185000000000002
404,1000,"VI","mu_3",10,9.21582558411658,9.10728351569652,9.32436765253665,0,0.185000000000002
404,1000,"VI","mu_4",20,19.9802540295599,19.8572751126023,20.1032329465175,1,0.185000000000002
