"sim_id","n","method","component","mu_true","estimate","lower","upper","covered","elapsed_seconds"
197,1000,"Gibbs","mu_1",0,-0.0733672053644131,-0.200187131401276,0.0566150262214142,1,52.835
197,1000,"Gibbs","mu_2",5,5.07100497847436,4.94016609206032,5.19795804700289,1,52.835
197,1000,"Gibbs","mu_3",10,9.9515464376034,9.8240484751238,10.0798327690359,1,52.835
197,1000,"Gibbs","mu_4",20,19.9700111178177,19.8388479209585,20.0987764510547,1,52.835
197,1000,"VI","mu_1",0,-0.0731750455257432,-0.197523312203808,0.0511732211523212,1,0.0790000000000006
197,1000,"VI","mu_2",5,5.07030595635803,4.94913129601477,5.1914806167013,1,0.0790000000000006
197,1000,"VI","mu_3",10,9.95254193807962,9.83026932358507,10.0748145525742,1,0.0790000000000006
197,1000,"VI","mu_4",20,19.9683693835531,19.8399682696237,20.0967704974825,1,0.0790000000000006
