"sim_id","n","method","component","mu_true","estimate","lower","upper","covered","elapsed_seconds"
449,1000,"Gibbs","mu_1",0,-0.0560274813528864,-0.18612179093819,0.0702015924520926,1,53.487
449,1000,"Gibbs","mu_2",5,4.85765584360316,4.73433640031246,4.98204436922557,0,53.487
449,1000,"Gibbs","mu_3",10,9.98011479619136,9.85196218035779,10.1089399645322,1,53.487
449,1000,"Gibbs","mu_4",20,19.9935686867964,19.8665448921068,20.1189417770256,1,53.487
449,1000,"VI","mu_1",0,-7.21931756215004e-17,-19.6,19.6,1,0.189
449,1000,"VI","mu_2",5,1.3643120592152,1.26457524662518,1.46404887180522,0,0.189
449,1000,"VI","mu_3",10,8.3992688276134,8.29803189523631,8.5005057599905,0,0.189
449,1000,"VI","mu_4",20,19.9942240478948,19.8674448397054,20.1210032560841,1,0.189
