"sim_id","n","method","component","mu_true","estimate","lower","upper","covered","elapsed_seconds"
361,1000,"Gibbs","mu_1",0,-0.024354118673596,-0.149441829685481,0.102458228111543,1,52.764
361,1000,"Gibbs","mu_2",5,4.93064735913475,4.78835110822182,5.07110041270571,1,52.764
361,1000,"Gibbs","mu_3",10,10.0845669461589,9.95808692425982,10.2119795377982,1,52.764
361,1000,"Gibbs","mu_4",20,20.0531364285001,19.9306778490499,20.175662866381,1,52.764
361,1000,"VI","mu_1",0,-8.03226764171938e-17,-19.6,19.6,1,0.171999999999997
361,1000,"VI","mu_2",5,1.6245855871365,1.52830445019852,1.72086672407448,0,0.171999999999997
361,1000,"VI","mu_3",10,9.20604252780277,9.09857231555651,9.31351274004902,0,0.171999999999997
361,1000,"VI","mu_4",20,20.0540448432641,19.9308231343323,20.1772665521959,1,0.171999999999997
