"sim_id","n","method","component","mu_true","estimate","lower","upper","covered","elapsed_seconds"
477,1000,"Gibbs","mu_1",0,0.0695720929532182,-0.0652381838030492,0.20421674109505,1,53.083
477,1000,"Gibbs","mu_2",5,4.88217566664059,4.75169606048254,5.01223152493522,1,53.083
477,1000,"Gibbs","mu_3",10,9.89521769545077,9.76844765451351,10.0206809010093,1,53.083
477,1000,"Gibbs","mu_4",20,19.9430218710562,19.8171865172423,20.0683438132548,1,53.083
477,1000,"VI","mu_1",0,0.0695673981707253,-0.0566520558943315,0.195786852235782,1,0.0949999999999989
477,1000,"VI","mu_2",5,4.8814463524969,4.76096638573921,5.00192631925458,1,0.0949999999999989
477,1000,"VI","mu_3",10,9.8943171348211,9.77163464110377,10.0169996285384,1,0.0949999999999989
477,1000,"VI","mu_4",20,19.9436323481905,19.8168531398396,20.0704115565414,1,0.0949999999999989
