"sim_id","n","method","component","mu_true","estimate","lower","upper","covered","elapsed_seconds"
160,1000,"Gibbs","mu_1",0,-0.0102666005444133,-0.146366903288943,0.127043201799544,1,52.242
160,1000,"Gibbs","mu_2",5,4.98074570364116,4.8455205676002,5.11684178303287,1,52.242
160,1000,"Gibbs","mu_3",10,9.99436443406412,9.86534028341599,10.1164364717491,1,52.242
160,1000,"Gibbs","mu_4",20,19.9602183333378,19.844611842758,20.0761127015493,1,52.242
160,1000,"VI","mu_1",0,-2.30393348209163e-07,-19.599999391334,19.5999989305473,1,0.0829999999999984
160,1000,"VI","mu_2",5,-2.30393348209163e-07,-19.599999391334,19.5999989305473,1,0.0829999999999984
160,1000,"VI","mu_3",10,5.27110262415162,5.19845978015103,5.34374546815221,0,0.0829999999999984
160,1000,"VI","mu_4",20,19.9349120960711,19.816075808014,20.0537483841283,1,0.0829999999999984
