"sim_id","n","method","component","mu_true","estimate","lower","upper","covered","elapsed_seconds"
386,1000,"Gibbs","mu_1",0,-0.00192336470388612,-0.128402765978682,0.129317347352602,1,53.377
386,1000,"Gibbs","mu_2",5,4.99110959292403,4.86110471257676,5.11928862204168,1,53.377
386,1000,"Gibbs","mu_3",10,9.9791522331083,9.84678079121304,10.1100220407777,1,53.377
386,1000,"Gibbs","mu_4",20,19.9936521771193,19.8671320923442,20.1216214882299,1,53.377
386,1000,"VI","mu_1",0,-9.23440866319965e-18,-19.6,19.6,1,0.144000000000005
386,1000,"VI","mu_2",5,0.946596865652147,0.840212646942292,1.052981084362,0,0.144000000000005
386,1000,"VI","mu_3",10,8.12320560259306,8.02682842740097,8.21958277778516,0,0.144000000000005
386,1000,"VI","mu_4",20,19.9947904304535,19.8700811693121,20.1194996915949,1,0.144000000000005
