"sim_id","n","method","component","mu_true","estimate","lower","upper","covered","elapsed_seconds"
331,1000,"Gibbs","mu_1",0,-0.048872103087719,-0.172636594261678,0.074470622215794,1,53.112
331,1000,"Gibbs","mu_2",5,4.89519842317727,4.76515797752903,5.02534129744009,1,53.112
331,1000,"Gibbs","mu_3",10,10.0061336913963,9.87326485007502,10.1361451452635,1,53.112
331,1000,"Gibbs","mu_4",20,20.0148814681055,19.8943575020764,20.1373423762049,1,53.112
331,1000,"VI","mu_1",0,-3.58851784001822e-08,-19.5999999267735,19.5999998550031,1,0.103000000000002
331,1000,"VI","mu_2",5,-3.58851784001822e-08,-19.5999999267735,19.5999998550031,1,0.103000000000002
331,1000,"VI","mu_3",10,4.73359385962332,4.66167554365218,4.80551217559446,0,0.103000000000002
331,1000,"VI","mu_4",20,19.919108764124,19.7969153688665,20.0413021593815,1,0.103000000000002
