"sim_id","n","method","component","mu_true","estimate","lower","upper","covered","elapsed_seconds"
438,1000,"Gibbs","mu_1",0,-0.146617619731462,-0.269752803409112,-0.0214035339303498,0,52.967
438,1000,"Gibbs","mu_2",5,4.96053650495463,4.83104363081613,5.09327575452783,1,52.967
438,1000,"Gibbs","mu_3",10,10.0433414952106,9.91868110842398,10.1687726655639,1,52.967
438,1000,"Gibbs","mu_4",20,20.0464480397963,19.9173227402102,20.175927077035,1,52.967
438,1000,"VI","mu_1",0,-3.25725651524999e-17,-19.6,19.6,1,0.278999999999996
438,1000,"VI","mu_2",5,1.24629650804483,1.14569581205768,1.34689720403199,0,0.278999999999996
438,1000,"VI","mu_3",10,8.58865189592031,8.48945861633491,8.68784517550571,0,0.278999999999996
438,1000,"VI","mu_4",20,20.0455202757029,19.91628451236,20.1747560390458,1,0.278999999999996
