"sim_id","n","method","component","mu_true","estimate","lower","upper","covered","elapsed_seconds"
346,1000,"Gibbs","mu_1",0,0.0630068022323754,-0.0643717465179825,0.190586872178611,1,52.896
346,1000,"Gibbs","mu_2",5,4.99896434124198,4.86365934817041,5.13188633646026,1,52.896
346,1000,"Gibbs","mu_3",10,9.94093871045515,9.81335330340537,10.0670164071106,1,52.896
346,1000,"Gibbs","mu_4",20,20.0138419012104,19.8866942453803,20.1412931972013,1,52.896
346,1000,"VI","mu_1",0,4.95528562981503,4.83244677827568,5.07812448135439,0,0.0900000000000034
346,1000,"VI","mu_2",5,4.95528562981503,4.83244677827568,5.07812448135439,1,0.0900000000000034
346,1000,"VI","mu_3",10,4.95528562981503,4.83244677827568,5.07812448135439,0,0.0900000000000034
346,1000,"VI","mu_4",20,20.0055269917264,19.8780151083927,20.1330388750602,1,0.0900000000000034
