"sim_id","n","method","component","mu_true","estimate","lower","upper","covered","elapsed_seconds"
452,1000,"Gibbs","mu_1",0,0.0201981636343193,-0.110364553982233,0.153770335224602,1,53.105
452,1000,"Gibbs","mu_2",5,5.03001183377337,4.89982412047679,5.159464146973,1,53.105
452,1000,"Gibbs","mu_3",10,10.1052169144413,9.97722887420484,10.2358823499166,1,53.105
452,1000,"Gibbs","mu_4",20,20.0707994517739,19.9493340742749,20.1926630332784,1,53.105
452,1000,"VI","mu_1",0,0.0199103505804369,-0.105909515472973,0.145730216633847,1,0.0759999999999934
452,1000,"VI","mu_2",5,5.03007335368677,4.90909126405911,5.15105544331442,1,0.0759999999999934
452,1000,"VI","mu_3",10,10.1058040777624,9.98081292053982,10.230795234985,1,0.0759999999999934
452,1000,"VI","mu_4",20,20.0712918843077,19.9470844253066,20.1954993433087,1,0.0759999999999934
