"sim_id","n","method","component","mu_true","estimate","lower","upper","covered","elapsed_seconds"
422,1000,"Gibbs","mu_1",0,0.096288972599258,-0.035283036290705,0.232239953169205,1,52.829
422,1000,"Gibbs","mu_2",5,5.04744758805131,4.91939191762533,5.17436113094262,1,52.829
422,1000,"Gibbs","mu_3",10,9.99353703133825,9.86436977955171,10.1252857716879,1,52.829
422,1000,"Gibbs","mu_4",20,20.0139531931271,19.8864596163992,20.1400158113102,1,52.829
422,1000,"VI","mu_1",0,-9.76493311047881e-16,-19.6,19.6,1,0.174999999999997
422,1000,"VI","mu_2",5,2.32206679884082,2.2295496148629,2.41458398281875,0,0.174999999999997
422,1000,"VI","mu_3",10,9.29796081727319,9.18756325086434,9.40835838368204,0,0.174999999999997
422,1000,"VI","mu_4",20,20.0140303328668,19.8864479029915,20.1416127627421,1,0.174999999999997
