"sim_id","n","method","component","mu_true","estimate","lower","upper","covered","elapsed_seconds"
279,1000,"Gibbs","mu_1",0,0.0442182916644036,-0.0946194418211677,0.185368840503479,1,52.87
279,1000,"Gibbs","mu_2",5,5.00177395532444,4.86016876012989,5.14369070944653,1,52.87
279,1000,"Gibbs","mu_3",10,9.89831987137874,9.77483010710957,10.0198459142092,1,52.87
279,1000,"Gibbs","mu_4",20,20.0113362088747,19.8909256128748,20.1314200009217,1,52.87
279,1000,"VI","mu_1",0,0.0448038390930737,-0.0839008047696319,0.173508482955779,1,0.104000000000006
279,1000,"VI","mu_2",5,5.00184118006533,4.8753315745336,5.12835078559706,1,0.104000000000006
279,1000,"VI","mu_3",10,9.89856611582175,9.77841066836384,10.0187215632797,1,0.104000000000006
279,1000,"VI","mu_4",20,20.0108390910593,19.8897521974657,20.131925984653,1,0.104000000000006
