"sim_id","n","method","component","mu_true","estimate","lower","upper","covered","elapsed_seconds"
46,1000,"Gibbs","mu_1",0,0.0384113755299417,-0.0858646117729065,0.161569135949079,1,50.927
46,1000,"Gibbs","mu_2",5,5.08868301147161,4.95155147516115,5.22610278988143,1,50.927
46,1000,"Gibbs","mu_3",10,9.79372832151306,9.66989466826166,9.92685873368547,0,50.927
46,1000,"Gibbs","mu_4",20,20.0201090897423,19.8972378716838,20.1482717009748,1,50.927
46,1000,"VI","mu_1",0,0.0384595785886503,-0.0822508087568276,0.159169965934128,1,0.0690000000000026
46,1000,"VI","mu_2",5,5.08854482720518,4.96197956675212,5.21511008765823,1,0.0690000000000026
46,1000,"VI","mu_3",10,9.79348433915415,9.66941488156283,9.91755379674546,0,0.0690000000000026
46,1000,"VI","mu_4",20,20.0184846341818,19.8937753450918,20.1431939232717,1,0.0690000000000026
