"sim_id","n","method","component","mu_true","estimate","lower","upper","covered","elapsed_seconds"
425,1000,"Gibbs","mu_1",0,-0.0823293932107995,-0.207351689576345,0.0471079883411839,1,53.129
425,1000,"Gibbs","mu_2",5,5.0514966779586,4.91998055246236,5.18429627871291,1,53.129
425,1000,"Gibbs","mu_3",10,9.93952113420995,9.81814663495539,10.0643906987257,1,53.129
425,1000,"Gibbs","mu_4",20,20.0150976443483,19.8896331990494,20.1417853336232,1,53.129
425,1000,"VI","mu_1",0,0.493158142366703,0.37952978364122,0.606786501092186,0,0.125
425,1000,"VI","mu_2",5,7.9533259120108,7.82471413214353,8.08193769187806,0,0.125
425,1000,"VI","mu_3",10,7.9533259120108,7.82471413214353,8.08193769187806,0,0.125
425,1000,"VI","mu_4",20,20.0140728399299,19.887027581454,20.1411180984057,1,0.125
