"sim_id","n","method","component","mu_true","estimate","lower","upper","covered","elapsed_seconds"
251,1000,"Gibbs","mu_1",0,-0.0901166468123617,-0.220355580973411,0.0424216939223114,1,53.244
251,1000,"Gibbs","mu_2",5,4.94393144456421,4.81625659902428,5.07598455672558,1,53.244
251,1000,"Gibbs","mu_3",10,9.9592888391252,9.82687910485036,10.093786355283,1,53.244
251,1000,"Gibbs","mu_4",20,19.986704904734,19.8703257699438,20.1036687286678,1,53.244
251,1000,"VI","mu_1",0,-0.0913583472063322,-0.218332031623994,0.0356153372113292,1,0.0700000000000003
251,1000,"VI","mu_2",5,4.94458200227883,4.82201869345622,5.06714531110143,1,0.0700000000000003
251,1000,"VI","mu_3",10,9.95946768866641,9.83215630122745,10.0867790761054,1,0.0700000000000003
251,1000,"VI","mu_4",20,19.9859437783405,19.8664426904035,20.1054448662775,1,0.0700000000000003
