"sim_id","n","method","component","mu_true","estimate","lower","upper","covered","elapsed_seconds"
19,1000,"Gibbs","mu_1",0,0.0352336647928536,-0.0951459656278329,0.166047229125402,1,53.163
19,1000,"Gibbs","mu_2",5,4.87316236448499,4.73381062821388,5.01003576811667,1,53.163
19,1000,"Gibbs","mu_3",10,10.0890373599525,9.96109947237406,10.2154481825193,1,53.163
19,1000,"Gibbs","mu_4",20,20.0418984036429,19.9193254444651,20.1651251263129,1,53.163
19,1000,"VI","mu_1",0,0.0357957095989687,-0.0880829903296013,0.159674409527539,1,0.0750000000000028
19,1000,"VI","mu_2",5,4.87475116920576,4.74656783533152,5.00293450308001,1,0.0750000000000028
19,1000,"VI","mu_3",10,10.0901302820053,9.96784365150167,10.2124169125089,1,0.0750000000000028
19,1000,"VI","mu_4",20,20.0416863617243,19.9199002387662,20.1634724846824,1,0.0750000000000028
