"sim_id","n","method","component","mu_true","estimate","lower","upper","covered","elapsed_seconds"
462,1000,"Gibbs","mu_1",0,-0.0848035058679713,-0.204991283325408,0.0392985370138665,1,53.007
462,1000,"Gibbs","mu_2",5,4.91398488191142,4.78040572529254,5.0502907199348,1,53.007
462,1000,"Gibbs","mu_3",10,10.029854791008,9.90078471707679,10.1573061527179,1,53.007
462,1000,"Gibbs","mu_4",20,20.101007129868,19.9756894193273,20.2288249617746,1,53.007
462,1000,"VI","mu_1",0,-3.23396305292335e-18,-19.6,19.6,1,0.112000000000002
462,1000,"VI","mu_2",5,0.447489745361546,0.33890936813138,0.556070122591713,0,0.112000000000002
462,1000,"VI","mu_3",10,7.88694037731998,7.79254979234849,7.98133096229147,0,0.112000000000002
462,1000,"VI","mu_4",20,20.1006767841971,19.9749453130771,20.2264082553171,1,0.112000000000002
