"sim_id","n","method","component","mu_true","estimate","lower","upper","covered","elapsed_seconds"
500,1000,"Gibbs","mu_1",0,0.07756295385359,-0.0518215258948588,0.213807664948582,1,52.707
500,1000,"Gibbs","mu_2",5,4.91890946686722,4.79210568403311,5.04457850561818,1,52.707
500,1000,"Gibbs","mu_3",10,9.92092226861153,9.78863687847158,10.053138608078,1,52.707
500,1000,"Gibbs","mu_4",20,19.9172805121044,19.7932388492302,20.041728270004,1,52.707
500,1000,"VI","mu_1",0,-2.21795448887979e-16,-19.6,19.6,1,0.242000000000004
500,1000,"VI","mu_2",5,1.91469676206941,1.81851831830178,2.01087520583705,0,0.242000000000004
500,1000,"VI","mu_3",10,8.82589745464965,8.71828390965761,8.93351099964169,0,0.242000000000004
500,1000,"VI","mu_4",20,19.9170039300801,19.7937822210292,20.0402256391311,1,0.242000000000004
