"sim_id","n","method","component","mu_true","estimate","lower","upper","covered","elapsed_seconds"
489,1000,"Gibbs","mu_1",0,-0.0482270106472573,-0.177443814478525,0.0861493182283837,1,53.08
489,1000,"Gibbs","mu_2",5,5.0789879586573,4.94532522841348,5.2150104818731,1,53.08
489,1000,"Gibbs","mu_3",10,9.85252124705227,9.71816291514508,9.98507469162096,0,53.08
489,1000,"Gibbs","mu_4",20,20.040153130709,19.9214209938189,20.1582087761148,1,53.08
489,1000,"VI","mu_1",0,-0.0499295359457003,-0.174864171289797,0.0750050993983963,1,0.070999999999998
489,1000,"VI","mu_2",5,5.07657035089622,4.95277677799522,5.20036392379722,1,0.070999999999998
489,1000,"VI","mu_3",10,9.85138746006528,9.72304758631056,9.97972733381999,0,0.070999999999998
489,1000,"VI","mu_4",20,20.03948229905,19.9202027065098,20.1587618915902,1,0.070999999999998
