"sim_id","n","method","component","mu_true","estimate","lower","upper","covered","elapsed_seconds"
178,1000,"Gibbs","mu_1",0,-0.0371428626523826,-0.168648142915543,0.0932440564381862,1,53.305
178,1000,"Gibbs","mu_2",5,4.93411445650796,4.7997252258419,5.06606579007058,1,53.305
178,1000,"Gibbs","mu_3",10,10.0826490562365,9.96366219938626,10.2025523167616,1,53.305
178,1000,"Gibbs","mu_4",20,20.015849077574,19.8870769985071,20.1449713132441,1,53.305
178,1000,"VI","mu_1",0,-3.22622221592917e-16,-19.6,19.6,1,0.131
178,1000,"VI","mu_2",5,2.01029509561971,1.9164023655364,2.10418782570303,0,0.131
178,1000,"VI","mu_3",10,9.44386019194894,9.33665534562667,9.5510650382712,0,0.131
178,1000,"VI","mu_4",20,20.0142110822166,19.8849753188738,20.1434468455594,1,0.131
