"sim_id","n","method","component","mu_true","estimate","lower","upper","covered","elapsed_seconds"
78,1000,"Gibbs","mu_1",0,0.0822089915357188,-0.045959397162342,0.211696393381832,1,53.392
78,1000,"Gibbs","mu_2",5,5.06900316519632,4.94023516027746,5.19867521777438,1,53.392
78,1000,"Gibbs","mu_3",10,10.0384206044931,9.91256089519074,10.165009022391,1,53.392
78,1000,"Gibbs","mu_4",20,20.0038037999459,19.880779550879,20.1273595448871,1,53.392
78,1000,"VI","mu_1",0,-2.5414411885722e-17,-19.6,19.6,1,0.173999999999999
78,1000,"VI","mu_2",5,1.28766791090847,1.18383287232852,1.39150294948842,0,0.173999999999999
78,1000,"VI","mu_3",10,8.48722871362558,8.38807086190437,8.58638656534679,0,0.173999999999999
78,1000,"VI","mu_4",20,20.0032074954535,19.8799857864037,20.1264292045033,1,0.173999999999999
