"sim_id","n","method","component","mu_true","estimate","lower","upper","covered","elapsed_seconds"
23,1000,"Gibbs","mu_1",0,0.0825343472625577,-0.0394852468461249,0.208444491748902,1,53.187
23,1000,"Gibbs","mu_2",5,4.91519386377903,4.78442502807029,5.04985577819503,1,53.187
23,1000,"Gibbs","mu_3",10,10.0704869428134,9.94082646250091,10.1988191125878,1,53.187
23,1000,"Gibbs","mu_4",20,19.9668406812319,19.8440742990789,20.089432542415,1,53.187
23,1000,"VI","mu_1",0,1.95143355674816,1.85941484041585,2.04345227308046,0,0.187999999999995
23,1000,"VI","mu_2",5,9.42273649285067,9.30829636935788,9.53717661634347,0,0.187999999999995
23,1000,"VI","mu_3",10,19.6123620146306,19.4380656074648,19.7866584217965,0,0.187999999999995
23,1000,"VI","mu_4",20,20.3197258101433,20.1455054811628,20.4939461391238,0,0.187999999999995
