"sim_id","n","method","component","mu_true","estimate","lower","upper","covered","elapsed_seconds"
124,1000,"Gibbs","mu_1",0,0.00387542638449994,-0.114610258540537,0.1261106134139,1,52.836
124,1000,"Gibbs","mu_2",5,5.09356335440843,4.96000007848324,5.22702771243542,1,52.836
124,1000,"Gibbs","mu_3",10,10.0482486104847,9.9183786150495,10.179744396013,1,52.836
124,1000,"Gibbs","mu_4",20,20.0083742475267,19.8788855318031,20.1347135217092,1,52.836
124,1000,"VI","mu_1",0,-3.48673899993022e-18,-19.6,19.6,1,0.105000000000004
124,1000,"VI","mu_2",5,0.570617776093453,0.461919433731584,0.679316118455322,0,0.105000000000004
124,1000,"VI","mu_3",10,7.95936365165486,7.86664201136408,8.05208529194563,0,0.105000000000004
124,1000,"VI","mu_4",20,20.0060143779957,19.8762259296785,20.1358028263128,1,0.105000000000004
