"sim_id","n","method","component","mu_true","estimate","lower","upper","covered","elapsed_seconds"
382,1000,"Gibbs","mu_1",0,-0.0810543488862601,-0.216667570050556,0.0538859384108583,1,53.934
382,1000,"Gibbs","mu_2",5,4.87700745602952,4.75286295662557,4.99929958820633,0,53.934
382,1000,"Gibbs","mu_3",10,9.97851203829467,9.84531476012117,10.1133682289616,1,53.934
382,1000,"Gibbs","mu_4",20,20.0517664961233,19.9300793265463,20.1724437132971,1,53.934
382,1000,"VI","mu_1",0,-1.22499622843187e-07,-19.5999997502457,19.5999995052464,1,0.0779999999999959
382,1000,"VI","mu_2",5,-1.22499622843187e-07,-19.5999997502457,19.5999995052464,1,0.0779999999999959
382,1000,"VI","mu_3",10,4.89341279723687,4.82120756148784,4.96561803298591,0,0.0779999999999959
382,1000,"VI","mu_4",20,20.0482926808528,19.9274746298826,20.1691107318229,1,0.0779999999999959
