"sim_id","n","method","component","mu_true","estimate","lower","upper","covered","elapsed_seconds"
200,1000,"Gibbs","mu_1",0,0.00359040749614998,-0.117881231944725,0.127171026735396,1,53.236
200,1000,"Gibbs","mu_2",5,4.93527600627875,4.80974129675761,5.0654425405808,1,53.236
200,1000,"Gibbs","mu_3",10,10.0901974638518,9.96269937315821,10.2146146931768,1,53.236
200,1000,"Gibbs","mu_4",20,20.0232890733198,19.8900254010807,20.1538033635444,1,53.236
200,1000,"VI","mu_1",0,-4.14064743608749e-16,-19.6,19.6,1,0.213999999999999
200,1000,"VI","mu_2",5,1.834149866786,1.74016296780072,1.92813676577128,0,0.213999999999999
200,1000,"VI","mu_3",10,9.07632237424112,8.97004706574814,9.18259768273411,0,0.213999999999999
200,1000,"VI","mu_4",20,20.0241067235848,19.8934429605254,20.1547704866441,1,0.213999999999999
