"sim_id","n","method","component","mu_true","estimate","lower","upper","covered","elapsed_seconds"
473,1000,"Gibbs","mu_1",0,-0.0668516218473258,-0.188901097921384,0.0526801073225154,1,52.761
473,1000,"Gibbs","mu_2",5,4.95339550625743,4.81750728384961,5.09233236212686,1,52.761
473,1000,"Gibbs","mu_3",10,10.0624542384349,9.93871227702097,10.1862409457386,1,52.761
473,1000,"Gibbs","mu_4",20,20.0863137575651,19.9632639637038,20.2140044677419,1,52.761
473,1000,"VI","mu_1",0,-1.12308315670053e-17,-19.6,19.6,1,0.146000000000001
473,1000,"VI","mu_2",5,0.908565165754063,0.804952575679268,1.01217775582886,0,0.146000000000001
473,1000,"VI","mu_3",10,8.51578907210778,8.41768864973646,8.61388949447911,0,0.146000000000001
473,1000,"VI","mu_4",20,20.086844759976,19.9611132888029,20.2125762311492,1,0.146000000000001
