"sim_id","n","method","component","mu_true","estimate","lower","upper","covered","elapsed_seconds"
469,1000,"Gibbs","mu_1",0,-0.0822764736179198,-0.205791792090719,0.0400487136807728,1,52.953
469,1000,"Gibbs","mu_2",5,4.99520070441118,4.85968973852094,5.13006101911176,1,52.953
469,1000,"Gibbs","mu_3",10,9.92081944606548,9.79715872736419,10.0435265832994,1,52.953
469,1000,"Gibbs","mu_4",20,19.9499027246336,19.822844926584,20.0773752466645,1,52.953
469,1000,"VI","mu_1",0,-0.0833730319313071,-0.203054114862887,0.0363080510002733,1,0.0779999999999959
469,1000,"VI","mu_2",5,4.99519823510532,4.86659838864885,5.1237980815618,1,0.0779999999999959
469,1000,"VI","mu_3",10,9.9215547585905,9.80150083067516,10.0416086865058,1,0.0779999999999959
469,1000,"VI","mu_4",20,19.9503064339489,19.8219053200205,20.0787075478772,1,0.0779999999999959
