"sim_id","n","method","component","mu_true","estimate","lower","upper","covered","elapsed_seconds"
465,1000,"Gibbs","mu_1",0,0.00413394466291654,-0.122834337144415,0.131524973514289,1,52.883
465,1000,"Gibbs","mu_2",5,4.9222642573865,4.79359070588137,5.05217852711124,1,52.883
465,1000,"Gibbs","mu_3",10,10.0406729720762,9.91138452593397,10.1693684377751,1,52.883
465,1000,"Gibbs","mu_4",20,20.1352055915774,20.0101501792976,20.2615096343868,0,52.883
465,1000,"VI","mu_1",0,-2.67932273932293e-09,-19.5999999915363,19.5999999861777,1,0.0959999999999965
465,1000,"VI","mu_2",5,-2.67932273932293e-09,-19.5999999915363,19.5999999861777,1,0.0959999999999965
465,1000,"VI","mu_3",10,4.80586248384643,4.73481948705891,4.87690548063395,0,0.0959999999999965
465,1000,"VI","mu_4",20,20.0468206839603,19.9200046335225,20.1736367343981,1,0.0959999999999965
