"sim_id","n","method","component","mu_true","estimate","lower","upper","covered","elapsed_seconds"
196,1000,"Gibbs","mu_1",0,0.00611187845116505,-0.120509639517749,0.131399492337711,1,52.925
196,1000,"Gibbs","mu_2",5,5.04539712170751,4.91221080318791,5.17845814349511,1,52.925
196,1000,"Gibbs","mu_3",10,9.99738818687746,9.86789609507831,10.1274199983017,1,52.925
196,1000,"Gibbs","mu_4",20,20.0199460102658,19.8987487986383,20.1435671307855,1,52.925
196,1000,"VI","mu_1",0,0.00559242146421419,-0.115376534605289,0.126561377533717,1,0.0889999999999986
196,1000,"VI","mu_2",5,5.04578496719734,4.91994655293908,5.17162338145559,1,0.0889999999999986
196,1000,"VI","mu_3",10,9.99835697746829,9.87101767150115,10.1256962834354,1,0.0889999999999986
196,1000,"VI","mu_4",20,20.0202776772282,19.8982556910356,20.1422996634209,1,0.0889999999999986
