"sim_id","n","method","component","mu_true","estimate","lower","upper","covered","elapsed_seconds"
368,1000,"Gibbs","mu_1",0,0.0451609622600241,-0.0795801727400774,0.170760153103766,1,53
368,1000,"Gibbs","mu_2",5,5.07017326020331,4.93413795656035,5.20597718920158,1,53
368,1000,"Gibbs","mu_3",10,9.99452565092725,9.86916861490959,10.120715701939,1,53
368,1000,"Gibbs","mu_4",20,20.1328603343847,20.0091837357449,20.2593353820316,0,53
368,1000,"VI","mu_1",0,-8.54324410721888e-18,-19.6,19.6,1,0.156999999999996
368,1000,"VI","mu_2",5,0.840531757836442,0.731672791011808,0.949390724661076,0,0.156999999999996
368,1000,"VI","mu_3",10,8.16802365154353,8.07236743420734,8.26367986887973,0,0.156999999999996
368,1000,"VI","mu_4",20,20.1330313998653,20.0105337924632,20.2555290072673,0,0.156999999999996
