"sim_id","n","method","component","mu_true","estimate","lower","upper","covered","elapsed_seconds"
436,1000,"Gibbs","mu_1",0,0.0214893131990305,-0.113174072204493,0.156048155427849,1,53.303
436,1000,"Gibbs","mu_2",5,4.94679693193407,4.80500422901188,5.08521283866625,1,53.303
436,1000,"Gibbs","mu_3",10,10.0693931465698,9.94872081277643,10.1922334735142,1,53.303
436,1000,"Gibbs","mu_4",20,20.1682687262746,20.049911341564,20.2870274765731,0,53.303
436,1000,"VI","mu_1",0,-2.24824726715175e-16,-19.6,19.6,1,0.117000000000004
436,1000,"VI","mu_2",5,1.87816876059614,1.78044072902364,1.97589679216863,0,0.117000000000004
436,1000,"VI","mu_3",10,9.38461083351194,9.27534876639186,9.49387290063202,0,0.117000000000004
436,1000,"VI","mu_4",20,20.1677470252526,20.0497710264555,20.2857230240496,0,0.117000000000004
