"sim_id","n","method","component","mu_true","estimate","lower","upper","covered","elapsed_seconds"
207,1000,"Gibbs","mu_1",0,-0.0385469028083748,-0.166477810104916,0.089707406646563,1,52.735
207,1000,"Gibbs","mu_2",5,5.01549775272192,4.88298913839821,5.14880521565198,1,52.735
207,1000,"Gibbs","mu_3",10,9.85268716915111,9.72524800355627,9.97940261125897,0,52.735
207,1000,"Gibbs","mu_4",20,19.9350409924765,19.8106819732889,20.0594743582151,1,52.735
207,1000,"VI","mu_1",0,-7.05558596048333e-18,-19.6,19.6,1,0.149000000000001
207,1000,"VI","mu_2",5,0.74616569562636,0.635182726029504,0.857148665223215,0,0.149000000000001
207,1000,"VI","mu_3",10,7.88938724664552,7.79669605339606,7.98207843989498,0,0.149000000000001
207,1000,"VI","mu_4",20,19.9364725882093,19.8102205090363,20.0627246673823,1,0.149000000000001
