"sim_id","n","method","component","mu_true","estimate","lower","upper","covered","elapsed_seconds"
490,1000,"Gibbs","mu_1",0,-0.099461298410222,-0.237036692629649,0.0395505365163858,1,52.995
490,1000,"Gibbs","mu_2",5,4.90070207044438,4.76972688185355,5.0298860113563,1,52.995
490,1000,"Gibbs","mu_3",10,9.98063193761748,9.85143936982589,10.1083711706501,1,52.995
490,1000,"Gibbs","mu_4",20,20.0426505406574,19.9249172096676,20.1592977505708,1,52.995
490,1000,"VI","mu_1",0,-0.0981553919208611,-0.231021303443393,0.0347105196016702,1,0.0900000000000034
490,1000,"VI","mu_2",5,4.9014016773573,4.77778560194111,5.0250177527735,1,0.0900000000000034
490,1000,"VI","mu_3",10,9.98158677619069,9.85812295613048,10.1050505962509,1,0.0900000000000034
490,1000,"VI","mu_4",20,20.0418545767677,19.9245145489218,20.1591946046135,1,0.0900000000000034
