"sim_id","n","method","component","mu_true","estimate","lower","upper","covered","elapsed_seconds"
476,1000,"Gibbs","mu_1",0,0.0817742374160028,-0.0527173185426713,0.212359441141171,1,51.077
476,1000,"Gibbs","mu_2",5,4.9680616789598,4.82658832452529,5.10918603175734,1,51.077
476,1000,"Gibbs","mu_3",10,9.97573699913535,9.85273846257778,10.1005187484517,1,51.077
476,1000,"Gibbs","mu_4",20,20.0131382002433,19.8913702276871,20.1366010790104,1,51.077
476,1000,"VI","mu_1",0,0.0814915823078054,-0.0436831647369151,0.206666329352526,1,0.0749999999999957
476,1000,"VI","mu_2",5,4.9682677795126,4.8399900866582,5.09654547236701,1,0.0749999999999957
476,1000,"VI","mu_3",10,9.97523293757513,9.85469341648952,10.0957724586607,1,0.0749999999999957
476,1000,"VI","mu_4",20,20.0134899415938,19.8912308792855,20.135749003902,1,0.0749999999999957
