"sim_id","n","method","component","mu_true","estimate","lower","upper","covered","elapsed_seconds"
15,1000,"Gibbs","mu_1",0,-0.0597055921252658,-0.19160143834245,0.0696442325705196,1,52.888
15,1000,"Gibbs","mu_2",5,5.0705580228545,4.93560873356447,5.20690142522305,1,52.888
15,1000,"Gibbs","mu_3",10,10.1125745430214,9.99639386455892,10.2309496563139,1,52.888
15,1000,"Gibbs","mu_4",20,19.9627932556661,19.8361897395124,20.090458031298,1,52.888
15,1000,"VI","mu_1",0,-1.66757649125252e-07,-19.5999995141401,19.5999991806248,1,0.113999999999997
15,1000,"VI","mu_2",5,-1.66757649125252e-07,-19.5999995141401,19.5999991806248,1,0.113999999999997
15,1000,"VI","mu_3",10,5.29089143227098,5.21918793392127,5.36259493062069,0,0.113999999999997
15,1000,"VI","mu_4",20,19.8584250562485,19.7351593232144,19.9816907892827,0,0.113999999999997
