"sim_id","n","method","component","mu_true","estimate","lower","upper","covered","elapsed_seconds"
333,1000,"Gibbs","mu_1",0,0.0523988275107094,-0.0688356220191607,0.174562832697047,1,53.337
333,1000,"Gibbs","mu_2",5,5.00719929348555,4.87546264356159,5.13797031514573,1,53.337
333,1000,"Gibbs","mu_3",10,9.9817154601256,9.8462156034314,10.1192135833424,1,53.337
333,1000,"Gibbs","mu_4",20,20.0206047024907,19.8962392665763,20.1448138350492,1,53.337
333,1000,"VI","mu_1",0,0.053287319230579,-0.0668756177972552,0.173450256258413,1,0.0820000000000007
333,1000,"VI","mu_2",5,5.0058434524183,4.88250811616018,5.12917878867642,1,0.0820000000000007
333,1000,"VI","mu_3",10,9.98248298416503,9.85222992071241,10.1127360476177,1,0.0820000000000007
333,1000,"VI","mu_4",20,20.0207052208934,19.8979676664119,20.143442775375,1,0.0820000000000007
