"sim_id","n","method","component","mu_true","estimate","lower","upper","covered","elapsed_seconds"
349,1000,"Gibbs","mu_1",0,-0.0458351279133181,-0.176901312355678,0.0842581930896189,1,53.053
349,1000,"Gibbs","mu_2",5,5.00576034435741,4.8732260142501,5.13919663013177,1,53.053
349,1000,"Gibbs","mu_3",10,9.91711005481944,9.78753278112356,10.048421938442,1,53.053
349,1000,"Gibbs","mu_4",20,20.0205262872416,19.8929830895378,20.1462942151273,1,53.053
349,1000,"VI","mu_1",0,-0.0461983953356951,-0.169345189745212,0.0769483990738219,1,0.0810000000000031
349,1000,"VI","mu_2",5,5.00675215319749,4.88458396831464,5.12892033808034,1,0.0810000000000031
349,1000,"VI","mu_3",10,9.91716972480658,9.79426567817554,10.0400737714376,1,0.0810000000000031
349,1000,"VI","mu_4",20,20.0213057994468,19.8934522175532,20.1491593813405,1,0.0810000000000031
