"sim_id","n","method","component","mu_true","estimate","lower","upper","covered","elapsed_seconds"
454,1000,"Gibbs","mu_1",0,-0.0332958921416099,-0.160061371961107,0.0897945851803147,1,53.704
454,1000,"Gibbs","mu_2",5,5.01662161004201,4.88200751777593,5.15046541465283,1,53.704
454,1000,"Gibbs","mu_3",10,10.0442032953722,9.92023608851365,10.1671318587801,1,53.704
454,1000,"Gibbs","mu_4",20,19.9632330030549,19.8355336863733,20.0891585467074,1,53.704
454,1000,"VI","mu_1",0,-6.80542918449176e-18,-19.6,19.6,1,0.179000000000002
454,1000,"VI","mu_2",5,0.827583775849515,0.720358044280881,0.934809507418149,0,0.179000000000002
454,1000,"VI","mu_3",10,8.31194788125673,8.21763544370443,8.40626031880902,0,0.179000000000002
454,1000,"VI","mu_4",20,19.962312060946,19.8341855903993,20.0904385314928,1,0.179000000000002
