"sim_id","n","method","component","mu_true","estimate","lower","upper","covered","elapsed_seconds"
431,1000,"Gibbs","mu_1",0,0.0449157172974079,-0.084832478597234,0.176185852453763,1,52.754
431,1000,"Gibbs","mu_2",5,5.09509657908729,4.96211869591552,5.22508126972904,1,52.754
431,1000,"Gibbs","mu_3",10,9.94482574060271,9.81116179201303,10.0806809733309,1,52.754
431,1000,"Gibbs","mu_4",20,19.9667640413,19.8447664400257,20.0905806474212,1,52.754
431,1000,"VI","mu_1",0,-6.17820159202379e-09,-19.5999999800617,19.5999999677053,1,0.0800000000000054
431,1000,"VI","mu_2",5,-6.17820159202379e-09,-19.5999999800617,19.5999999677053,1,0.0800000000000054
431,1000,"VI","mu_3",10,4.9666617795618,4.89490594170764,5.03841761741595,0,0.0800000000000054
431,1000,"VI","mu_4",20,19.9114106477064,19.7884096789258,20.034411616487,1,0.0800000000000054
