"sim_id","n","method","component","mu_true","estimate","lower","upper","covered","elapsed_seconds"
138,1000,"Gibbs","mu_1",0,-0.0279593804640747,-0.157183233345572,0.0999822062471363,1,52.713
138,1000,"Gibbs","mu_2",5,4.88107143059863,4.74692674356724,5.01021494216426,1,52.713
138,1000,"Gibbs","mu_3",10,9.93495844010135,9.81013837925711,10.0629966632989,1,52.713
138,1000,"Gibbs","mu_4",20,20.0372370549717,19.9109828933639,20.1678372598115,1,52.713
138,1000,"VI","mu_1",0,-1.9469404448499e-09,-19.5999999925196,19.5999999886257,1,0.088000000000001
138,1000,"VI","mu_2",5,-1.9469404448499e-09,-19.5999999925196,19.5999999886257,1,0.088000000000001
138,1000,"VI","mu_3",10,4.968074335339,4.89669510976288,5.03945356091511,0,0.088000000000001
138,1000,"VI","mu_4",20,20.0079761864866,19.8830174942743,20.1329348786988,1,0.088000000000001
