"sim_id","n","method","component","mu_true","estimate","lower","upper","covered","elapsed_seconds"
440,1000,"Gibbs","mu_1",0,-0.0715971188019303,-0.191517994111564,0.0514068890483565,1,53.087
440,1000,"Gibbs","mu_2",5,4.99330009451908,4.86035840453092,5.12672587679912,1,53.087
440,1000,"Gibbs","mu_3",10,9.96212483267081,9.83792108712397,10.0898620912846,1,53.087
440,1000,"Gibbs","mu_4",20,20.0616435377921,19.9304016917116,20.1912598586546,1,53.087
440,1000,"VI","mu_1",0,-0.0717700771769271,-0.190793104330983,0.0472529499771288,1,0.070999999999998
440,1000,"VI","mu_2",5,4.99315743186658,4.8679529811521,5.11836188258105,1,0.070999999999998
440,1000,"VI","mu_3",10,9.96214003969528,9.84006716270078,10.0842129166898,1,0.070999999999998
440,1000,"VI","mu_4",20,20.0613192184829,19.9309448422132,20.1916935947525,1,0.070999999999998
