"sim_id","n","method","component","mu_true","estimate","lower","upper","covered","elapsed_seconds"
258,1000,"Gibbs","mu_1",0,0.0814201376117793,-0.0452044239440099,0.210567585913674,1,52.985
258,1000,"Gibbs","mu_2",5,5.01017800310011,4.87864003382218,5.14055062734308,1,52.985
258,1000,"Gibbs","mu_3",10,9.92022566510564,9.79446910891978,10.0451051890889,1,52.985
258,1000,"Gibbs","mu_4",20,19.9903629552681,19.865310979985,20.1181601574263,1,52.985
258,1000,"VI","mu_1",0,-8.59204502703364e-09,-19.5999999715959,19.5999999544118,1,0.0960000000000036
258,1000,"VI","mu_2",5,-8.59204502703364e-09,-19.5999999715959,19.5999999544118,1,0.0960000000000036
258,1000,"VI","mu_3",10,5.03257566479499,4.96174859004212,5.10340273954786,0,0.0960000000000036
258,1000,"VI","mu_4",20,19.9831677455063,19.8550996085707,20.1112358824418,1,0.0960000000000036
