"sim_id","n","method","component","mu_true","estimate","lower","upper","covered","elapsed_seconds"
195,1000,"Gibbs","mu_1",0,-0.0239315092844759,-0.150635942475193,0.103436137271147,1,53.149
195,1000,"Gibbs","mu_2",5,4.99174773422949,4.85940554496145,5.12341303188444,1,53.149
195,1000,"Gibbs","mu_3",10,9.91186977560463,9.77742703826794,10.04964155202,1,53.149
195,1000,"Gibbs","mu_4",20,19.9998851193342,19.8800996634776,20.1211049439487,1,53.149
195,1000,"VI","mu_1",0,-1.66685377029329e-08,-19.5999999652214,19.5999999318844,1,0.0820000000000007
195,1000,"VI","mu_2",5,-1.66685377029329e-08,-19.5999999652214,19.5999999318844,1,0.0820000000000007
195,1000,"VI","mu_3",10,4.67947472737651,4.60711093230547,4.75183852244755,0,0.0820000000000007
195,1000,"VI","mu_4",20,19.9366527841915,19.8165683726751,20.0567371957079,1,0.0820000000000007
