"sim_id","n","method","component","mu_true","estimate","lower","upper","covered","elapsed_seconds"
104,1000,"Gibbs","mu_1",0,0.0409182415185084,-0.0832486071463305,0.165061856366904,1,53.079
104,1000,"Gibbs","mu_2",5,4.88037742847818,4.73621564094071,5.02142437161119,1,53.079
104,1000,"Gibbs","mu_3",10,9.99158236172897,9.86692716096392,10.1160195366218,1,53.079
104,1000,"Gibbs","mu_4",20,20.0319057942554,19.9123362248651,20.1572410341652,1,53.079
104,1000,"VI","mu_1",0,-4.4825566355578e-09,-19.5999999868026,19.5999999778375,1,0.957000000000001
104,1000,"VI","mu_2",5,-4.4825566355578e-09,-19.5999999868026,19.5999999778375,1,0.957000000000001
104,1000,"VI","mu_3",10,4.86009062591536,4.78832679036942,4.9318544614613,0,0.957000000000001
104,1000,"VI","mu_4",20,20.0288128535142,19.9058521409256,20.1517735661029,1,0.957000000000001
