"sim_id","n","method","component","mu_true","estimate","lower","upper","covered","elapsed_seconds"
290,1000,"Gibbs","mu_1",0,-0.0155154090669519,-0.149635638123955,0.121704882388208,1,52.841
290,1000,"Gibbs","mu_2",5,4.94144799907302,4.81495476270029,5.07027294714116,1,52.841
290,1000,"Gibbs","mu_3",10,9.98445175279639,9.8573351616273,10.1156653861802,1,52.841
290,1000,"Gibbs","mu_4",20,20.133998727542,20.0090138570638,20.2573664793011,0,52.841
290,1000,"VI","mu_1",0,-9.17258191187002e-16,-19.6,19.6,1,0.181000000000004
290,1000,"VI","mu_2",5,2.29004206359961,2.19748054681491,2.38260358038431,0,0.181000000000004
290,1000,"VI","mu_3",10,9.41697170270535,9.30297868399177,9.53096472141893,0,0.181000000000004
290,1000,"VI","mu_4",20,20.1341893103983,20.0116917029063,20.2566869178903,0,0.181000000000004
