"sim_id","n","method","component","mu_true","estimate","lower","upper","covered","elapsed_seconds"
269,1000,"Gibbs","mu_1",0,-0.00255864050934541,-0.134409981391202,0.126700392779507,1,53.136
269,1000,"Gibbs","mu_2",5,4.98252877705035,4.85167323072903,5.116561779724,1,53.136
269,1000,"Gibbs","mu_3",10,10.0165227356558,9.89779351871637,10.1356516474128,1,53.136
269,1000,"Gibbs","mu_4",20,19.976093755538,19.8514207946858,20.1000399413449,1,53.136
269,1000,"VI","mu_1",0,-0.00339572947458905,-0.130747827412294,0.123956368463116,1,0.0760000000000005
269,1000,"VI","mu_2",5,4.98168695938626,4.85613054797479,5.10724337079772,1,0.0760000000000005
269,1000,"VI","mu_3",10,10.0162682512713,9.89731146373131,10.1352250388113,1,0.0760000000000005
269,1000,"VI","mu_4",20,19.9761565142178,19.8516988989583,20.1006141294773,1,0.0760000000000005
