"sim_id","n","method","component","mu_true","estimate","lower","upper","covered","elapsed_seconds"
26,1000,"Gibbs","mu_1",0,-0.097731168903594,-0.221468874297152,0.0236429401351206,1,53.147
26,1000,"Gibbs","mu_2",5,4.97414826241321,4.84005083463726,5.11308420853625,1,53.147
26,1000,"Gibbs","mu_3",10,9.8867227659683,9.74868920282067,10.0271865028038,1,53.147
26,1000,"Gibbs","mu_4",20,19.9666559486792,19.8476654035332,20.0884273317375,1,53.147
26,1000,"VI","mu_1",0,-1.95445654797688e-10,-19.599999999284,19.5999999988931,1,0.100999999999999
26,1000,"VI","mu_2",5,-1.95445654797688e-10,-19.599999999284,19.5999999988931,1,0.100999999999999
26,1000,"VI","mu_3",10,4.519975856439,4.44745826708305,4.59249344579495,0,0.100999999999999
26,1000,"VI","mu_4",20,19.8940621504383,19.7746722400654,20.0134520608113,1,0.100999999999999
