"sim_id","n","method","component","mu_true","estimate","lower","upper","covered","elapsed_seconds"
79,1000,"Gibbs","mu_1",0,-0.0827756319383594,-0.206552770044406,0.0417743847169924,1,53.37
79,1000,"Gibbs","mu_2",5,4.93840138774505,4.79979048745861,5.07608086493764,1,53.37
79,1000,"Gibbs","mu_3",10,9.93968383240537,9.80559964801173,10.0679440688001,1,53.37
79,1000,"Gibbs","mu_4",20,19.9568526278215,19.8331605685237,20.0823960014508,1,53.37
79,1000,"VI","mu_1",0,-0.0832005580702315,-0.202576774928348,0.0361756587878854,1,0.0729999999999933
79,1000,"VI","mu_2",5,4.93717517004487,4.81023648180523,5.06411385828452,1,0.0729999999999933
79,1000,"VI","mu_3",10,9.93964840030479,9.8159459045336,10.063350896076,1,0.0729999999999933
79,1000,"VI","mu_4",20,19.9572467634791,19.8309946840163,20.0834988429419,1,0.0729999999999933
