"sim_id","n","method","component","mu_true","estimate","lower","upper","covered","elapsed_seconds"
143,1000,"Gibbs","mu_1",0,0.131669676562804,0.0066929082674267,0.253929970628067,0,53.485
143,1000,"Gibbs","mu_2",5,5.04053476241967,4.90467284423422,5.17698264638127,1,53.485
143,1000,"Gibbs","mu_3",10,9.97812515096773,9.84356065120626,10.1111612675914,1,53.485
143,1000,"Gibbs","mu_4",20,19.9672779541382,19.8471422082541,20.0860990218384,1,53.485
143,1000,"VI","mu_1",0,-3.31398009037367e-17,-19.6,19.6,1,0.227000000000004
143,1000,"VI","mu_2",5,1.4659958518757,1.36608623445468,1.56590546929672,0,0.227000000000004
143,1000,"VI","mu_3",10,8.56308525636736,8.45834348040648,8.66782703232824,0,0.227000000000004
143,1000,"VI","mu_4",20,19.968078994975,19.8476794237444,20.0884785662055,1,0.227000000000004
