"sim_id","n","method","component","mu_true","estimate","lower","upper","covered","elapsed_seconds"
9,1000,"Gibbs","mu_1",0,0.0782021869789386,-0.0540604434449699,0.209961760043336,1,52.96
9,1000,"Gibbs","mu_2",5,5.02218830196445,4.88645993077265,5.16014696175959,1,52.96
9,1000,"Gibbs","mu_3",10,9.92156141770223,9.7961123323399,10.0504483008974,1,52.96
9,1000,"Gibbs","mu_4",20,20.0408841159321,19.9226550832466,20.1600970991146,1,52.96
9,1000,"VI","mu_1",0,-3.33600802437845e-08,-19.5999999027094,19.5999998359892,1,0.0820000000000007
9,1000,"VI","mu_2",5,-3.33600802437845e-08,-19.5999999027094,19.5999998359892,1,0.0820000000000007
9,1000,"VI","mu_3",10,5.06372655905739,4.99139094978567,5.1360621683291,0,0.0820000000000007
9,1000,"VI","mu_4",20,19.9896683552777,19.869454857541,20.1098818530144,1,0.0820000000000007
