"sim_id","n","method","component","mu_true","estimate","lower","upper","covered","elapsed_seconds"
72,1000,"Gibbs","mu_1",0,-0.115392178641219,-0.23478575981145,0.00589036998004244,1,53.043
72,1000,"Gibbs","mu_2",5,5.01630677818997,4.88032793267932,5.14926962918382,1,53.043
72,1000,"Gibbs","mu_3",10,10.1053543088006,9.97489207403721,10.2323793487238,1,53.043
72,1000,"Gibbs","mu_4",20,20.0399564902596,19.9105148477529,20.1690908268916,1,53.043
72,1000,"VI","mu_1",0,-5.20230147764596e-15,-19.6,19.6,1,0.097999999999999
72,1000,"VI","mu_2",5,-5.20230147764596e-15,-19.6,19.6,1,0.097999999999999
72,1000,"VI","mu_3",10,2.61242864048114,2.52848840698847,2.69636887397381,0,0.097999999999999
72,1000,"VI","mu_4",20,15.2278596376073,15.1359532165752,15.3197660586395,0,0.097999999999999
