"sim_id","n","method","component","mu_true","estimate","lower","upper","covered","elapsed_seconds"
230,1000,"Gibbs","mu_1",0,0.0158934344007881,-0.107555492947225,0.142227199162838,1,52.965
230,1000,"Gibbs","mu_2",5,5.05084128435364,4.91993608927005,5.18158296663331,1,52.965
230,1000,"Gibbs","mu_3",10,9.93661818369283,9.80852045843436,10.0634650553794,1,52.965
230,1000,"Gibbs","mu_4",20,19.9262597479051,19.7982121674738,20.0513210438128,1,52.965
230,1000,"VI","mu_1",0,-1.40682718113892e-17,-19.6,19.6,1,0.190000000000005
230,1000,"VI","mu_2",5,1.01295486664613,0.907293664048238,1.11861606924402,0,0.190000000000005
230,1000,"VI","mu_3",10,8.19995334562695,8.10373178818493,8.29617490306897,0,0.190000000000005
230,1000,"VI","mu_4",20,19.9258869362589,19.799634856795,20.0521390157228,1,0.190000000000005
