"sim_id","n","method","component","mu_true","estimate","lower","upper","covered","elapsed_seconds"
166,1000,"Gibbs","mu_1",0,0.153553800377429,0.0227691429466317,0.283139646835023,0,52.723
166,1000,"Gibbs","mu_2",5,5.00116023776503,4.86660099355194,5.13295928067778,1,52.723
166,1000,"Gibbs","mu_3",10,10.1624944791742,10.0391432203781,10.2868374267386,0,52.723
166,1000,"Gibbs","mu_4",20,20.0989169278964,19.9712951007408,20.2216805904871,1,52.723
166,1000,"VI","mu_1",0,-3.30501920425679e-09,-19.5999999866726,19.5999999800626,1,0.0940000000000012
166,1000,"VI","mu_2",5,-3.30501920425679e-09,-19.5999999866726,19.5999999800626,1,0.0940000000000012
166,1000,"VI","mu_3",10,5.14973027912278,5.07809378848442,5.22136676976115,0,0.0940000000000012
166,1000,"VI","mu_4",20,19.9470327092163,19.8234246452095,20.0706407732231,1,0.0940000000000012
