"sim_id","n","method","component","mu_true","estimate","lower","upper","covered","elapsed_seconds"
448,1000,"Gibbs","mu_1",0,0.0874307897594133,-0.0282872089510926,0.202920417570021,1,53.178
448,1000,"Gibbs","mu_2",5,5.02233387407656,4.89539394532961,5.14842607728624,1,53.178
448,1000,"Gibbs","mu_3",10,9.92923158120891,9.78691715605488,10.0655134803754,1,53.178
448,1000,"Gibbs","mu_4",20,20.116788287243,19.9861600397932,20.2451114844092,1,53.178
448,1000,"VI","mu_1",0,-1.17064974916453e-09,-19.5999999970055,19.5999999946642,1,0.0910000000000011
448,1000,"VI","mu_2",5,-1.17064974916453e-09,-19.5999999970055,19.5999999946642,1,0.0910000000000011
448,1000,"VI","mu_3",10,4.461223521763,4.39061098134551,4.53183606218049,0,0.0910000000000011
448,1000,"VI","mu_4",20,20.0972351868037,19.9678736297747,20.2265967438327,1,0.0910000000000011
