"sim_id","n","method","component","mu_true","estimate","lower","upper","covered","elapsed_seconds"
394,1000,"Gibbs","mu_1",0,-0.113738153429359,-0.247734193642227,0.0222148915890809,1,53.332
394,1000,"Gibbs","mu_2",5,4.97034922364717,4.83738587939898,5.10873550028574,1,53.332
394,1000,"Gibbs","mu_3",10,9.99448259819874,9.86874319108374,10.122187926487,1,53.332
394,1000,"Gibbs","mu_4",20,20.0151320353118,19.8942564037742,20.1358899316968,1,53.332
394,1000,"VI","mu_1",0,-5.39671891648201e-17,-19.6,19.6,1,0.257000000000005
394,1000,"VI","mu_2",5,1.43499556315658,1.33090360517176,1.5390875211414,0,0.257000000000005
394,1000,"VI","mu_3",10,8.68864040488412,8.58694662794221,8.79033418182602,0,0.257000000000005
394,1000,"VI","mu_4",20,20.0146373849375,19.8962316290084,20.1330431408666,1,0.257000000000005
