"sim_id","n","method","component","mu_true","estimate","lower","upper","covered","elapsed_seconds"
158,1000,"Gibbs","mu_1",0,-0.00232582308881825,-0.127633198004692,0.124098103027741,1,52.631
158,1000,"Gibbs","mu_2",5,5.01614324399603,4.87624443681163,5.15720972131306,1,52.631
158,1000,"Gibbs","mu_3",10,10.0978483338324,9.97487271847897,10.2267742149099,1,52.631
158,1000,"Gibbs","mu_4",20,19.9692944935778,19.8509548022223,20.0904069558012,1,52.631
158,1000,"VI","mu_1",0,-0.0025928295837663,-0.124915855780464,0.119730196612932,1,0.0840000000000032
158,1000,"VI","mu_2",5,5.01573713848296,4.8846013893475,5.14687288761841,1,0.0840000000000032
158,1000,"VI","mu_3",10,10.0977992092542,9.97405935006035,10.2215390684481,1,0.0840000000000032
158,1000,"VI","mu_4",20,19.9691630646429,19.8496619767196,20.0886641525663,1,0.0840000000000032
