"sim_id","n","method","component","mu_true","estimate","lower","upper","covered","elapsed_seconds"
68,1000,"Gibbs","mu_1",0,1.32076892462807,1.0670893051491,1.54657799883678,0,52.925
68,1000,"Gibbs","mu_2",5,8.54429547880027,8.31570225250842,8.7608351858223,0,52.925
68,1000,"Gibbs","mu_3",10,19.7145972280914,19.4279545683069,19.9963766917429,0,52.925
68,1000,"Gibbs","mu_4",20,20.2554614323621,19.9703126773133,20.5398663625583,1,52.925
68,1000,"VI","mu_1",0,-2.8103952727705e-07,-19.5999993899845,19.5999988279054,1,0.0850000000000009
68,1000,"VI","mu_2",5,-2.8103952727705e-07,-19.5999993899845,19.5999988279054,1,0.0850000000000009
68,1000,"VI","mu_3",10,5.05140528739317,4.97812042425041,5.12469015053593,0,0.0850000000000009
68,1000,"VI","mu_4",20,19.9155942442443,19.7994383508101,20.0317501376785,1,0.0850000000000009
