"sim_id","n","method","component","mu_true","estimate","lower","upper","covered","elapsed_seconds"
142,1000,"Gibbs","mu_1",0,0.0306794692779256,-0.0968271307696681,0.161690191234767,1,52.987
142,1000,"Gibbs","mu_2",5,4.93408790755889,4.80020815161199,5.06750207366322,1,52.987
142,1000,"Gibbs","mu_3",10,9.9841236273765,9.86288437062216,10.1099196579114,1,52.987
142,1000,"Gibbs","mu_4",20,20.0291572242156,19.9045600466421,20.1541557158737,1,52.987
142,1000,"VI","mu_1",0,0.0300645494054227,-0.0947518632903177,0.154880962101163,1,0.0840000000000032
142,1000,"VI","mu_2",5,4.93461547790192,4.80818886679601,5.06104208900783,1,0.0840000000000032
142,1000,"VI","mu_3",10,9.9838452946629,9.86458530668614,10.1031052826397,1,0.0840000000000032
142,1000,"VI","mu_4",20,20.0287454375191,19.9030139659359,20.1544769091023,1,0.0840000000000032
