"sim_id","n","method","component","mu_true","estimate","lower","upper","covered","elapsed_seconds"
302,1000,"Gibbs","mu_1",0,0.114589470172813,-0.0154209197464441,0.247092558847461,1,53.461
302,1000,"Gibbs","mu_2",5,4.99432180879386,4.86147099313474,5.13025561819194,1,53.461
302,1000,"Gibbs","mu_3",10,9.97358446297873,9.84769878019026,10.1059213200763,1,53.461
302,1000,"Gibbs","mu_4",20,19.9469784495786,19.8237252167055,20.0688709828678,1,53.461
302,1000,"VI","mu_1",0,-1.42295772559856e-07,-19.5999996619107,19.5999993773192,1,0.0799999999999983
302,1000,"VI","mu_2",5,-1.42295772559856e-07,-19.5999996619107,19.5999993773192,1,0.0799999999999983
302,1000,"VI","mu_3",10,5.12069049670395,5.04877332779096,5.19260766561695,0,0.0799999999999983
302,1000,"VI","mu_4",20,19.9115409972781,19.7893419753628,20.0337400191934,1,0.0799999999999983
