"sim_id","n","method","component","mu_true","estimate","lower","upper","covered","elapsed_seconds"
388,1000,"Gibbs","mu_1",0,-0.0367938332961033,-0.158257452714554,0.084089716041573,1,53.517
388,1000,"Gibbs","mu_2",5,4.96184722105187,4.82364253593408,5.09349090514264,1,53.517
388,1000,"Gibbs","mu_3",10,9.90730873367038,9.77919129738416,10.0388902998311,1,53.517
388,1000,"Gibbs","mu_4",20,19.9944921451697,19.8684231062163,20.1235089976997,1,53.517
388,1000,"VI","mu_1",0,-4.30313814306468e-08,-19.5999999096823,19.5999998236195,1,0.0799999999999983
388,1000,"VI","mu_2",5,-4.30313814306468e-08,-19.5999999096823,19.5999998236195,1,0.0799999999999983
388,1000,"VI","mu_3",10,4.81847324439921,4.74715305163071,4.88979343716771,0,0.0799999999999983
388,1000,"VI","mu_4",20,19.9406249723579,19.8153479531734,20.0659019915424,1,0.0799999999999983
