"sim_id","n","method","component","mu_true","estimate","lower","upper","covered","elapsed_seconds"
135,1000,"Gibbs","mu_1",0,-0.0733849044400058,-0.204342048815424,0.0588758394194588,1,52.669
135,1000,"Gibbs","mu_2",5,5.04888788630306,4.9169193108017,5.17817867445557,1,52.669
135,1000,"Gibbs","mu_3",10,9.95392428432571,9.82810383782725,10.0812276632696,1,52.669
135,1000,"Gibbs","mu_4",20,19.9525457434743,19.8294541341324,20.0781221013383,1,52.669
135,1000,"VI","mu_1",0,-3.39730943305608e-16,-19.6,19.6,1,0.634
135,1000,"VI","mu_2",5,1.87976090505559,1.78210611482825,1.97741569528292,0,0.634
135,1000,"VI","mu_3",10,8.98064131935363,8.8767887995119,9.08449383919537,0,0.634
135,1000,"VI","mu_4",20,19.9537425428874,19.827490463434,20.0799946223407,1,0.634
