"sim_id","n","method","component","mu_true","estimate","lower","upper","covered","elapsed_seconds"
385,1000,"Gibbs","mu_1",0,0.0120895651432522,-0.118479521195073,0.14223651227169,1,52.91
385,1000,"Gibbs","mu_2",5,4.92330057249927,4.79058122913914,5.05320491276693,1,52.91
385,1000,"Gibbs","mu_3",10,9.96040563827937,9.83686491196132,10.0857344226145,1,52.91
385,1000,"Gibbs","mu_4",20,19.9049861488048,19.7799448192796,20.0287945149064,1,52.91
385,1000,"VI","mu_1",0,-4.0648307534091e-17,-19.6,19.6,1,0.289000000000001
385,1000,"VI","mu_2",5,1.40763138271084,1.30637862813889,1.50888413728279,0,0.289000000000001
385,1000,"VI","mu_3",10,8.5477900052137,8.44715235483009,8.64842765559731,0,0.289000000000001
385,1000,"VI","mu_4",20,19.9049396412526,19.7799771453548,20.0299021371504,1,0.289000000000001
