"sim_id","n","method","component","mu_true","estimate","lower","upper","covered","elapsed_seconds"
24,1000,"Gibbs","mu_1",0,-0.0147126949600331,-0.141613998401667,0.109513508269138,1,53.162
24,1000,"Gibbs","mu_2",5,5.03432238994949,4.90152941755139,5.16634794741162,1,53.162
24,1000,"Gibbs","mu_3",10,9.92178170179282,9.79658347172989,10.0483637085115,1,53.162
24,1000,"Gibbs","mu_4",20,20.0639334211246,19.9417731057585,20.1893300023602,1,53.162
24,1000,"VI","mu_1",0,-5.930089063093e-07,-19.5999989388775,19.5999977528597,1,0.0829999999999984
24,1000,"VI","mu_2",5,-5.930089063093e-07,-19.5999989388775,19.5999977528597,1,0.0829999999999984
24,1000,"VI","mu_3",10,4.95377836657382,4.88234871431266,5.02520801883499,0,0.0829999999999984
24,1000,"VI","mu_4",20,20.0607948998772,19.9361055956056,20.1854842041487,1,0.0829999999999984
