"sim_id","n","method","component","mu_true","estimate","lower","upper","covered","elapsed_seconds"
491,1000,"Gibbs","mu_1",0,0.0436506502278187,-0.0837418555250132,0.169965346517594,1,52.972
491,1000,"Gibbs","mu_2",5,5.0970572735938,4.96619071290227,5.22904978974983,1,52.972
491,1000,"Gibbs","mu_3",10,9.91903195642778,9.78834826153126,10.0486093939691,1,52.972
491,1000,"Gibbs","mu_4",20,19.8993150918401,19.7777788930806,20.0212134319984,1,52.972
491,1000,"VI","mu_1",0,0.0439920631665189,-0.0809544628135606,0.168938589146598,1,0.088000000000001
491,1000,"VI","mu_2",5,5.09762293362906,4.97393781717666,5.22130805008146,1,0.088000000000001
491,1000,"VI","mu_3",10,9.92084528898891,9.79480990169842,10.0468806762794,1,0.088000000000001
491,1000,"VI","mu_4",20,19.8996646135397,19.7783459833479,20.0209832437314,1,0.088000000000001
