"sim_id","n","method","component","mu_true","estimate","lower","upper","covered","elapsed_seconds"
378,1000,"Gibbs","mu_1",0,-0.0716118749167785,-0.195732763937311,0.05619284929061,1,53.026
378,1000,"Gibbs","mu_2",5,4.97556528426594,4.83813252093087,5.11400788372445,1,53.026
378,1000,"Gibbs","mu_3",10,10.034759802199,9.90906969291239,10.1613813091982,1,53.026
378,1000,"Gibbs","mu_4",20,20.0768375008995,19.9539090510607,20.1971518528587,1,53.026
378,1000,"VI","mu_1",0,-1.36006250838427e-08,-19.5999999620761,19.5999999348748,1,0.0820000000000007
378,1000,"VI","mu_2",5,-1.36006250838427e-08,-19.5999999620761,19.5999999348748,1,0.0820000000000007
378,1000,"VI","mu_3",10,4.88590386521243,4.81372996840123,4.95807776202362,0,0.0820000000000007
378,1000,"VI","mu_4",20,19.978861085482,19.8578958542696,20.0998263166944,1,0.0820000000000007
