"sim_id","n","method","component","mu_true","estimate","lower","upper","covered","elapsed_seconds"
480,1000,"Gibbs","mu_1",0,-0.0918631942668679,-0.216235939994364,0.032103610199048,1,52.741
480,1000,"Gibbs","mu_2",5,5.10164640364818,4.964816973686,5.2389996836964,1,52.741
480,1000,"Gibbs","mu_3",10,9.93455000522601,9.79568773795599,10.0755285853589,1,52.741
480,1000,"Gibbs","mu_4",20,19.924259724187,19.8006981877747,20.0475399217129,1,52.741
480,1000,"VI","mu_1",0,-1.65509981044664e-08,-19.5999999645654,19.5999999314634,1,0.0919999999999987
480,1000,"VI","mu_2",5,-1.65509981044664e-08,-19.5999999645654,19.5999999314634,1,0.0919999999999987
480,1000,"VI","mu_3",10,4.68796867721996,4.61609081092863,4.75984654351128,0,0.0919999999999987
480,1000,"VI","mu_4",20,19.8515466580588,19.7291542108412,19.9739391052765,0,0.0919999999999987
