"sim_id","n","method","component","mu_true","estimate","lower","upper","covered","elapsed_seconds"
223,1000,"Gibbs","mu_1",0,0.0455960025501555,-0.0882374994385792,0.176919738651911,1,53.148
223,1000,"Gibbs","mu_2",5,4.94342545609027,4.81501860361383,5.07292960228465,1,53.148
223,1000,"Gibbs","mu_3",10,10.0156156296923,9.88498920040257,10.1451343420871,1,53.148
223,1000,"Gibbs","mu_4",20,20.038055484123,19.9195145499075,20.1589580760619,1,53.148
223,1000,"VI","mu_1",0,-3.31186541868042e-16,-19.6,19.6,1,0.177999999999997
223,1000,"VI","mu_2",5,1.7665226786373,1.6696466409521,1.86339871632249,0,0.177999999999997
223,1000,"VI","mu_3",10,8.8681295187098,8.76162736046798,8.97463167695162,0,0.177999999999997
223,1000,"VI","mu_4",20,20.036172613791,19.9127066689717,20.1596385586103,1,0.177999999999997
