"sim_id","n","method","component","mu_true","estimate","lower","upper","covered","elapsed_seconds"
293,1000,"Gibbs","mu_1",0,0.0239184127245089,-0.0987809078965657,0.143719717217748,1,53.585
293,1000,"Gibbs","mu_2",5,4.99947450231548,4.86281479638906,5.13447419778807,1,53.585
293,1000,"Gibbs","mu_3",10,10.0263098429583,9.89789351797315,10.156213518871,1,53.585
293,1000,"Gibbs","mu_4",20,19.9388689100873,19.8137838172304,20.0655802980253,1,53.585
293,1000,"VI","mu_1",0,0.688539408734439,0.580416144286548,0.79666267318233,0,0.119999999999997
293,1000,"VI","mu_2",5,8.00976397905717,7.87631406686396,8.14321389125037,0,0.119999999999997
293,1000,"VI","mu_3",10,8.00976397905717,7.87631406686396,8.14321389125037,0,0.119999999999997
293,1000,"VI","mu_4",20,19.940109937337,19.8135951171792,20.0666247574948,1,0.119999999999997
