"sim_id","n","method","component","mu_true","estimate","lower","upper","covered","elapsed_seconds"
364,1000,"Gibbs","mu_1",0,-0.0106135979037994,-0.13496493726466,0.114231572535255,1,52.774
364,1000,"Gibbs","mu_2",5,4.94763898604482,4.81921064267305,5.07394898922109,1,52.774
364,1000,"Gibbs","mu_3",10,10.0102981719074,9.88827309811221,10.1347534896454,1,52.774
364,1000,"Gibbs","mu_4",20,20.1008075019981,19.9652575794267,20.2350936122203,1,52.774
364,1000,"VI","mu_1",0,-3.88453560300076e-16,-19.6,19.6,1,0.173999999999999
364,1000,"VI","mu_2",5,1.94898534371921,1.85652604224267,2.04144464519575,0,0.173999999999999
364,1000,"VI","mu_3",10,9.149195614809,9.04156874437056,9.25682248524743,0,0.173999999999999
364,1000,"VI","mu_4",20,20.1023560822414,19.9699145798192,20.2347975846636,1,0.173999999999999
