"sim_id","n","method","component","mu_true","estimate","lower","upper","covered","elapsed_seconds"
155,1000,"Gibbs","mu_1",0,-0.0678119931163209,-0.194822045715053,0.0582451547302031,1,52.05
155,1000,"Gibbs","mu_2",5,4.9383558078992,4.80768436363204,5.0679094761139,1,52.05
155,1000,"Gibbs","mu_3",10,10.020857302375,9.88135830880424,10.1569506649135,1,52.05
155,1000,"Gibbs","mu_4",20,19.9232768422172,19.8054077107062,20.0419049808089,1,52.05
155,1000,"VI","mu_1",0,-3.70883406507138e-09,-19.5999999900032,19.5999999825855,1,0.0840000000000032
155,1000,"VI","mu_2",5,-3.70883406507138e-09,-19.5999999900032,19.5999999825855,1,0.0840000000000032
155,1000,"VI","mu_3",10,4.723615497102,4.65028186405102,4.79694913015299,0,0.0840000000000032
155,1000,"VI","mu_4",20,19.8790482644031,19.7630858853024,19.9950106435038,0,0.0840000000000032
