"sim_id","n","method","component","mu_true","estimate","lower","upper","covered","elapsed_seconds"
266,1000,"Gibbs","mu_1",0,0.0234677966573781,-0.106036347543833,0.157170381455727,1,53.091
266,1000,"Gibbs","mu_2",5,4.87772512436666,4.74505045687497,5.00869905679496,1,53.091
266,1000,"Gibbs","mu_3",10,10.0184315277995,9.88913254067049,10.1469173368915,1,53.091
266,1000,"Gibbs","mu_4",20,19.9236500915883,19.8042466862016,20.0426068259302,1,53.091
266,1000,"VI","mu_1",0,0.0232759032347624,-0.102037260867744,0.148589067337269,1,0.0670000000000002
266,1000,"VI","mu_2",5,4.87788618694634,4.75242964175591,5.00334273213678,1,0.0670000000000002
266,1000,"VI","mu_3",10,10.0189175471435,9.89300685014735,10.1448282441396,1,0.0670000000000002
266,1000,"VI","mu_4",20,19.9233387018992,19.8038376139532,20.0428397898451,1,0.0670000000000002
