"sim_id","n","method","component","mu_true","estimate","lower","upper","covered","elapsed_seconds"
253,1000,"Gibbs","mu_1",0,-0.0712997127334192,-0.192865406883227,0.0543410791048081,1,53.165
253,1000,"Gibbs","mu_2",5,4.9655705153597,4.81961440251525,5.11100796542017,1,53.165
253,1000,"Gibbs","mu_3",10,10.0463728946446,9.91574806485201,10.1758310838982,1,53.165
253,1000,"Gibbs","mu_4",20,19.9500554670714,19.82826589513,20.0682505630907,1,53.165
253,1000,"VI","mu_1",0,-5.94181415335296e-09,-19.5999999838309,19.5999999719472,1,0.112000000000002
253,1000,"VI","mu_2",5,-5.94181415335296e-09,-19.5999999838309,19.5999999719472,1,0.112000000000002
253,1000,"VI","mu_3",10,4.76372729966607,4.69167806684801,4.83577653248413,0,0.112000000000002
253,1000,"VI","mu_4",20,19.9209751269992,19.7994171181209,20.0425331358774,1,0.112000000000002
