"sim_id","n","method","component","mu_true","estimate","lower","upper","covered","elapsed_seconds"
413,1000,"Gibbs","mu_1",0,-0.0437200615880231,-0.169282165119535,0.0839101357342596,1,52.955
413,1000,"Gibbs","mu_2",5,5.06673629630898,4.92663078383179,5.20631073685979,1,52.955
413,1000,"Gibbs","mu_3",10,9.96569404484661,9.82719474211826,10.1044904087405,1,52.955
413,1000,"Gibbs","mu_4",20,19.9977326199453,19.8772331135005,20.116407963542,1,52.955
413,1000,"VI","mu_1",0,-1.01721731653667e-09,-19.5999999960183,19.5999999939839,1,0.0889999999999986
413,1000,"VI","mu_2",5,-1.01721731653667e-09,-19.5999999960183,19.5999999939839,1,0.0889999999999986
413,1000,"VI","mu_3",10,4.82828116909148,4.75555135750028,4.90101098068268,0,0.0889999999999986
413,1000,"VI","mu_4",20,19.9220562250377,19.8035981787427,20.0405142713327,1,0.0889999999999986
