"sim_id","n","method","component","mu_true","estimate","lower","upper","covered","elapsed_seconds"
202,1000,"Gibbs","mu_1",0,-0.131860181162801,-0.266422430425371,0.0018961431138048,1,52.829
202,1000,"Gibbs","mu_2",5,4.97842029242179,4.84300318722129,5.11593002930138,1,52.829
202,1000,"Gibbs","mu_3",10,9.99001414995475,9.86443335945495,10.1165692449951,1,52.829
202,1000,"Gibbs","mu_4",20,19.9069778701337,19.785402299864,20.0283451875327,1,52.829
202,1000,"VI","mu_1",0,-1.82989989935189e-07,-19.5999995291431,19.5999991631631,1,0.088000000000001
202,1000,"VI","mu_2",5,-1.82989989935189e-07,-19.5999995291431,19.5999991631631,1,0.088000000000001
202,1000,"VI","mu_3",10,5.13238175021232,5.06023292909731,5.20453057132733,0,0.088000000000001
202,1000,"VI","mu_4",20,19.8796847470217,19.75860122329,20.0007682707533,1,0.088000000000001
