"sim_id","n","method","component","mu_true","estimate","lower","upper","covered","elapsed_seconds"
496,1000,"Gibbs","mu_1",0,-0.018511693111348,-0.145480237792311,0.10495297365081,1,52.694
496,1000,"Gibbs","mu_2",5,5.00461358591096,4.86447525270141,5.14056188233114,1,52.694
496,1000,"Gibbs","mu_3",10,9.92668688809567,9.798646259545,10.0563629717729,1,52.694
496,1000,"Gibbs","mu_4",20,20.093209391523,19.971702398889,20.21361415024,1,52.694
496,1000,"VI","mu_1",0,-6.80026301163635e-18,-19.6,19.6,1,0.158000000000001
496,1000,"VI","mu_2",5,0.813226944377593,0.704919108984216,0.92153477977097,0,0.158000000000001
496,1000,"VI","mu_3",10,8.17285937430515,8.07612487970048,8.26959386890983,0,0.158000000000001
496,1000,"VI","mu_4",20,20.0934166616106,19.97232976802,20.2145035552012,1,0.158000000000001
