"sim_id","n","method","component","mu_true","estimate","lower","upper","covered","elapsed_seconds"
2,1000,"Gibbs","mu_1",0,-0.0594484488227109,-0.185003214177889,0.0677317394493739,1,53.18
2,1000,"Gibbs","mu_2",5,4.92636011927509,4.79901876133003,5.05601936931599,1,53.18
2,1000,"Gibbs","mu_3",10,10.0403063728968,9.91293696852542,10.170159100129,1,53.18
2,1000,"Gibbs","mu_4",20,20.0524136790266,19.9270534006977,20.1805308813766,1,53.18
2,1000,"VI","mu_1",0,-0.0592515445615106,-0.181266426760245,0.0627633376372243,1,0.080999999999996
2,1000,"VI","mu_2",5,4.92605921293282,4.80510609613517,5.04701232973047,1,0.080999999999996
2,1000,"VI","mu_3",10,10.0406720360297,9.91504143762215,10.1663026344373,1,0.080999999999996
2,1000,"VI","mu_4",20,20.0520965069745,19.924514077256,20.179678936693,1,0.080999999999996
