"sim_id","n","method","component","mu_true","estimate","lower","upper","covered","elapsed_seconds"
41,1000,"Gibbs","mu_1",0,0.0120133595918819,-0.115385707152673,0.141372854684917,1,52.691
41,1000,"Gibbs","mu_2",5,5.01983246166759,4.88916357401151,5.15209344347314,1,52.691
41,1000,"Gibbs","mu_3",10,10.0608008197021,9.93147869137236,10.1878646147963,1,52.691
41,1000,"Gibbs","mu_4",20,20.0283515997834,19.8980447099561,20.1540088718079,1,52.691
41,1000,"VI","mu_1",0,-4.16740261045032e-09,-19.5999999845023,19.5999999761675,1,0.0949999999999989
41,1000,"VI","mu_2",5,-4.16740261045032e-09,-19.5999999845023,19.5999999761675,1,0.0949999999999989
41,1000,"VI","mu_3",10,5.05088646875577,4.97982813667461,5.12194480083693,0,0.0949999999999989
41,1000,"VI","mu_4",20,19.9940770495288,19.8673481080244,20.1208059910332,1,0.0949999999999989
