"sim_id","n","method","component","mu_true","estimate","lower","upper","covered","elapsed_seconds"
324,1000,"Gibbs","mu_1",0,0.0568932936094682,-0.0712616723955911,0.183573203405962,1,53.708
324,1000,"Gibbs","mu_2",5,5.16745676890588,5.03947357872781,5.29604541045345,0,53.708
324,1000,"Gibbs","mu_3",10,10.0555887291073,9.92023637475152,10.1915784992102,1,53.708
324,1000,"Gibbs","mu_4",20,19.9571843023195,19.8357310887459,20.0722839938503,1,53.708
324,1000,"VI","mu_1",0,0.0569798983525582,-0.0688447495280775,0.182804546233194,1,0.078000000000003
324,1000,"VI","mu_2",5,5.16636958458955,5.04301399272333,5.28972517645578,0,0.078000000000003
324,1000,"VI","mu_3",10,10.0558646654892,9.92546394292708,10.1862653880514,1,0.078000000000003
324,1000,"VI","mu_4",20,19.9573042755187,19.8399642477088,20.0746443033286,1,0.078000000000003
