"sim_id","n","method","component","mu_true","estimate","lower","upper","covered","elapsed_seconds"
292,1000,"Gibbs","mu_1",0,-0.0725380823701447,-0.205856661321393,0.0580231191752725,1,52.948
292,1000,"Gibbs","mu_2",5,5.04961424653434,4.91307859231507,5.18183324897345,1,52.948
292,1000,"Gibbs","mu_3",10,10.0110261896956,9.89353933424402,10.128662542804,1,52.948
292,1000,"Gibbs","mu_4",20,19.9843879440559,19.8561450005748,20.1142477250492,1,52.948
292,1000,"VI","mu_1",0,-3.06462480509443e-14,-19.5999999999999,19.5999999999998,1,0.131999999999998
292,1000,"VI","mu_2",5,-3.06462480509443e-14,-19.5999999999999,19.5999999999998,1,0.131999999999998
292,1000,"VI","mu_3",10,3.08501045994453,2.99945706104206,3.170563858847,0,0.131999999999998
292,1000,"VI","mu_4",20,14.9326757144039,14.8427605603187,15.022590868489,0,0.131999999999998
