"sim_id","n","method","component","mu_true","estimate","lower","upper","covered","elapsed_seconds"
416,1000,"Gibbs","mu_1",0,0.0635749871465949,-0.0640439373882135,0.192216578500916,1,53.087
416,1000,"Gibbs","mu_2",5,5.08679295352255,4.95446764673195,5.22385372399735,1,53.087
416,1000,"Gibbs","mu_3",10,10.0794897646183,9.95722110172573,10.2006688879198,1,53.087
416,1000,"Gibbs","mu_4",20,19.9596747126234,19.8213533801692,20.0943764218703,1,53.087
416,1000,"VI","mu_1",0,-1.27273974318706e-16,-19.6,19.6,1,0.228000000000002
416,1000,"VI","mu_2",5,1.85851941268743,1.76239916678953,1.95463965858533,0,0.228000000000002
416,1000,"VI","mu_3",10,9.21243549553753,9.11125147256426,9.31361951851081,0,0.228000000000002
416,1000,"VI","mu_4",20,19.9596088481305,19.8240360666058,20.0951816296553,1,0.228000000000002
