"sim_id","n","method","component","mu_true","estimate","lower","upper","covered","elapsed_seconds"
257,1000,"Gibbs","mu_1",0,-0.0219644606133306,-0.148511648937788,0.104112477743623,1,51.222
257,1000,"Gibbs","mu_2",5,5.02532982172362,4.88875745712402,5.16137315386556,1,51.222
257,1000,"Gibbs","mu_3",10,10.0063236261071,9.88509074378375,10.1282638392741,1,51.222
257,1000,"Gibbs","mu_4",20,19.9953346711443,19.8697151187446,20.123884017068,1,51.222
257,1000,"VI","mu_1",0,-1.78458212896791e-08,-19.5999999368307,19.5999999011391,1,0.0959999999999965
257,1000,"VI","mu_2",5,-1.78458212896791e-08,-19.5999999368307,19.5999999011391,1,0.0959999999999965
257,1000,"VI","mu_3",10,5.19188019281123,5.12055357070924,5.26320681491323,0,0.0959999999999965
257,1000,"VI","mu_4",20,19.9684121417208,19.8431699484738,20.0936543349679,1,0.0959999999999965
