"sim_id","n","method","component","mu_true","estimate","lower","upper","covered","elapsed_seconds"
239,1000,"Gibbs","mu_1",0,-0.0474491287179414,-0.179626421215168,0.0842774843507423,1,53.031
239,1000,"Gibbs","mu_2",5,5.04201222885308,4.90856542692411,5.17199407897973,1,53.031
239,1000,"Gibbs","mu_3",10,9.98496796306508,9.85880463494806,10.1116304852369,1,53.031
239,1000,"Gibbs","mu_4",20,19.8724349322608,19.7490397175588,19.9970983080674,0,53.031
239,1000,"VI","mu_1",0,-6.84800367178399e-17,-19.6,19.6,1,0.207999999999998
239,1000,"VI","mu_2",5,1.39622959503693,1.29306538339951,1.49939380667434,0,0.207999999999998
239,1000,"VI","mu_3",10,8.56902136371852,8.47028603505515,8.66775669238188,0,0.207999999999998
239,1000,"VI","mu_4",20,19.8733135795635,19.7480963282533,19.9985308308738,0,0.207999999999998
