"sim_id","n","method","component","mu_true","estimate","lower","upper","covered","elapsed_seconds"
44,1000,"Gibbs","mu_1",0,0.148596902964462,0.0156139785673611,0.278349433848175,0,53.158
44,1000,"Gibbs","mu_2",5,5.00469486198436,4.87863324071372,5.1296772438683,1,53.158
44,1000,"Gibbs","mu_3",10,10.0950580678193,9.96895699376489,10.2251051711105,1,53.158
44,1000,"Gibbs","mu_4",20,20.0782452228695,19.950563238519,20.2029736373606,1,53.158
44,1000,"VI","mu_1",0,-4.10516668456047e-16,-19.6,19.6,1,0.271999999999998
44,1000,"VI","mu_2",5,2.15105846839146,2.05722148817782,2.2448954486051,0,0.271999999999998
44,1000,"VI","mu_3",10,9.25126705817077,9.14131096608978,9.36122315025176,0,0.271999999999998
44,1000,"VI","mu_4",20,20.0773628363183,19.9524003404243,20.2023253322123,1,0.271999999999998
