"sim_id","n","method","component","mu_true","estimate","lower","upper","covered","elapsed_seconds"
354,1000,"Gibbs","mu_1",0,0.0844786670644002,-0.0470436690224234,0.215328126414955,1,53.275
354,1000,"Gibbs","mu_2",5,4.91169497471038,4.7738045399018,5.05011095656996,1,53.275
354,1000,"Gibbs","mu_3",10,9.99221561369861,9.8675123468724,10.1183319043977,1,53.275
354,1000,"Gibbs","mu_4",20,19.9295952279463,19.8099931145796,20.0517125138912,1,53.275
354,1000,"VI","mu_1",0,0.084629365842092,-0.0410407479725445,0.210299479656729,1,0.0619999999999976
354,1000,"VI","mu_2",5,4.91264423939031,4.7848601303908,5.04042834838982,1,0.0619999999999976
354,1000,"VI","mu_3",10,9.99300023803779,9.87086158902672,10.1151388870489,1,0.0619999999999976
354,1000,"VI","mu_4",20,19.9308967253928,19.8102693554481,20.0515240953375,1,0.0619999999999976
