"sim_id","n","method","component","mu_true","estimate","lower","upper","covered","elapsed_seconds"
45,1000,"Gibbs","mu_1",0,0.0376436751745763,-0.0931659788712109,0.168099767634443,1,52.923
45,1000,"Gibbs","mu_2",5,4.94422611289289,4.81531796441709,5.07231192161252,1,52.923
45,1000,"Gibbs","mu_3",10,10.0135765922846,9.88350057365474,10.1458603467708,1,52.923
45,1000,"Gibbs","mu_4",20,19.9920616382925,19.864113968716,20.1199899301079,1,52.923
45,1000,"VI","mu_1",0,-8.73292034040988e-16,-19.6,19.6,1,0.187000000000005
45,1000,"VI","mu_2",5,2.06884539508971,1.97729636986041,2.16039442031901,0,0.187000000000005
45,1000,"VI","mu_3",10,9.18996007319839,9.07785242174245,9.30206772465432,0,0.187000000000005
45,1000,"VI","mu_4",20,19.9935918149204,19.8660093851485,20.1211742446924,1,0.187000000000005
