"sim_id","n","method","component","mu_true","estimate","lower","upper","covered","elapsed_seconds"
110,1000,"Gibbs","mu_1",0,0.0218425511274835,-0.108013422544233,0.148732901527326,1,52.856
110,1000,"Gibbs","mu_2",5,4.92451086540093,4.79527573279401,5.04979810988788,1,52.856
110,1000,"Gibbs","mu_3",10,10.035150367089,9.91199012993047,10.1589972970078,1,52.856
110,1000,"Gibbs","mu_4",20,19.9924162738515,19.8650629985649,20.1178382578336,1,52.856
110,1000,"VI","mu_1",0,-3.30230924944011e-16,-19.6,19.6,1,0.134
110,1000,"VI","mu_2",5,2.10057687930523,2.00853827811854,2.19261548049192,0,0.134
110,1000,"VI","mu_3",10,9.41632353981753,9.30473730803602,9.52790977159905,0,0.134
110,1000,"VI","mu_4",20,19.9914537850799,19.8644085242538,20.118499045906,1,0.134
