"sim_id","n","method","component","mu_true","estimate","lower","upper","covered","elapsed_seconds"
91,1000,"Gibbs","mu_1",0,-0.0851265770167279,-0.207405840916438,0.0343069804244586,1,53.115
91,1000,"Gibbs","mu_2",5,4.96399256468248,4.82902880124566,5.0968261240897,1,53.115
91,1000,"Gibbs","mu_3",10,10.0510316505217,9.92604152645506,10.1767407017392,1,53.115
91,1000,"Gibbs","mu_4",20,19.9568927521273,19.8266321623882,20.0880805108931,1,53.115
91,1000,"VI","mu_1",0,-1.58417136496703e-16,-19.6,19.6,1,0.356999999999999
91,1000,"VI","mu_2",5,1.60904820342291,1.51380325880835,1.70429314803747,0,0.356999999999999
91,1000,"VI","mu_3",10,9.04308884466123,8.93840382272446,9.147773866598,0,0.356999999999999
91,1000,"VI","mu_4",20,19.9567435385593,19.8263691921771,20.0871178849415,1,0.356999999999999
