"sim_id","n","method","component","mu_true","estimate","lower","upper","covered","elapsed_seconds"
342,1000,"Gibbs","mu_1",0,-0.112873072075953,-0.239775086948504,0.0149778857349405,1,53.08
342,1000,"Gibbs","mu_2",5,5.09339376764164,4.95507836657751,5.23333945996129,1,53.08
342,1000,"Gibbs","mu_3",10,10.0943712889291,9.97243305139241,10.2175738496051,1,53.08
342,1000,"Gibbs","mu_4",20,20.0668148425456,19.9400414231013,20.1891264321435,1,53.08
342,1000,"VI","mu_1",0,-0.112156755728953,-0.236166118430446,0.0118526069725407,1,0.0689999999999955
342,1000,"VI","mu_2",5,5.09439798390316,4.96542813044713,5.22336783735919,1,0.0689999999999955
342,1000,"VI","mu_3",10,10.0946743079169,9.97478359517254,10.2145650206612,1,0.0689999999999955
342,1000,"VI","mu_4",20,20.0671459789409,19.9436800341265,20.1906119237552,1,0.0689999999999955
