"sim_id","n","method","component","mu_true","estimate","lower","upper","covered","elapsed_seconds"
22,1000,"Gibbs","mu_1",0,-0.120829461899888,-0.250146185804897,0.00578087193970625,1,53.48
22,1000,"Gibbs","mu_2",5,4.89658797655867,4.76247117887272,5.03201432249536,1,53.48
22,1000,"Gibbs","mu_3",10,10.0069907389315,9.87650817006238,10.1401449512205,1,53.48
22,1000,"Gibbs","mu_4",20,19.8311755783232,19.7073739100786,19.9536826353728,0,53.48
22,1000,"VI","mu_1",0,-0.120261607546001,-0.243717659452689,0.00319444436068782,1,0.070999999999998
22,1000,"VI","mu_2",5,4.89632494264416,4.77273313929693,5.01991674599138,1,0.070999999999998
22,1000,"VI","mu_3",10,10.0071808927965,9.88079045129546,10.1335713342975,1,0.070999999999998
22,1000,"VI","mu_4",20,19.830204349367,19.7077067418756,19.9527019568584,0,0.070999999999998
