"sim_id","n","method","component","mu_true","estimate","lower","upper","covered","elapsed_seconds"
70,1000,"Gibbs","mu_1",0,-0.0971631590936389,-0.231283909714728,0.0364889059867961,1,52.993
70,1000,"Gibbs","mu_2",5,4.84325844531533,4.7150603861334,4.97633218703157,0,52.993
70,1000,"Gibbs","mu_3",10,10.1074896962391,9.98572196072831,10.2285233040243,1,52.993
70,1000,"Gibbs","mu_4",20,20.0534724753007,19.9285911678706,20.177177117916,1,52.993
70,1000,"VI","mu_1",0,-3.83472069129707e-16,-19.6,19.6,1,0.143000000000001
70,1000,"VI","mu_2",5,1.91164308910436,1.81581497754309,2.00747120066564,0,0.143000000000001
70,1000,"VI","mu_3",10,9.36417736396015,9.25798804310661,9.47036668481369,0,0.143000000000001
70,1000,"VI","mu_4",20,20.0538146224838,19.9275625430085,20.1800667019591,1,0.143000000000001
