"sim_id","n","method","component","mu_true","estimate","lower","upper","covered","elapsed_seconds"
415,1000,"Gibbs","mu_1",0,-0.029798096296724,-0.157644356626519,0.0972700110098761,1,53.222
415,1000,"Gibbs","mu_2",5,4.92697420259716,4.79892641152762,5.05405790372934,1,53.222
415,1000,"Gibbs","mu_3",10,9.97698539354605,9.8465183905078,10.1082658313306,1,53.222
415,1000,"Gibbs","mu_4",20,20.0139099595361,19.8887926687836,20.136834905301,1,53.222
415,1000,"VI","mu_1",0,-6.99355140195744e-17,-19.6,19.6,1,0.361000000000004
415,1000,"VI","mu_2",5,1.4097765680136,1.30863063675227,1.51092249927492,0,0.361000000000004
415,1000,"VI","mu_3",10,8.36929464852144,8.26881688140692,8.46977241563597,0,0.361000000000004
415,1000,"VI","mu_4",20,20.013509282771,19.8880357115993,20.1389828539428,1,0.361000000000004
