"sim_id","n","method","component","mu_true","estimate","lower","upper","covered","elapsed_seconds"
165,1000,"Gibbs","mu_1",0,-0.181642032264229,-0.312280905748264,-0.0541035946897484,0,52.907
165,1000,"Gibbs","mu_2",5,5.04015931644117,4.90504664058812,5.17793406524762,1,52.907
165,1000,"Gibbs","mu_3",10,9.96992123585196,9.84414938355683,10.0977451781681,1,52.907
165,1000,"Gibbs","mu_4",20,19.9767692643791,19.8553208964618,20.0973267073223,1,52.907
165,1000,"VI","mu_1",0,1.05456076864864,0.948616173571989,1.1605053637253,0,0.236000000000004
165,1000,"VI","mu_2",5,8.51769297779515,8.41828652560983,8.61709942998047,0,0.236000000000004
165,1000,"VI","mu_3",10,19.7989196536452,19.6298912938031,19.9679480134873,0,0.236000000000004
165,1000,"VI","mu_4",20,20.1533728857331,19.9844073916189,20.3223383798474,1,0.236000000000004
