"sim_id","n","method","component","mu_true","estimate","lower","upper","covered","elapsed_seconds"
484,1000,"Gibbs","mu_1",0,-0.0631453308564684,-0.186883474472871,0.0624797445814048,1,53.181
484,1000,"Gibbs","mu_2",5,5.08658851163555,4.95945370821541,5.21549865552876,1,53.181
484,1000,"Gibbs","mu_3",10,9.92028511568164,9.7902926987361,10.0521036409898,1,53.181
484,1000,"Gibbs","mu_4",20,19.9809289131783,19.8535700599286,20.1063642615758,1,53.181
484,1000,"VI","mu_1",0,-1.16193181622249e-08,-19.5999999679053,19.5999999446667,1,0.0939999999999941
484,1000,"VI","mu_2",5,-1.16193181622249e-08,-19.5999999679053,19.5999999446667,1,0.0939999999999941
484,1000,"VI","mu_3",10,4.82896245880727,4.75827624842759,4.89964866918694,0,0.0939999999999941
484,1000,"VI","mu_4",20,19.9762600780449,19.8473484160576,20.1051717400322,1,0.0939999999999941
