"sim_id","n","method","component","mu_true","estimate","lower","upper","covered","elapsed_seconds"
381,1000,"Gibbs","mu_1",0,-0.0037654661806908,-0.129884378660292,0.124615531492609,1,52.948
381,1000,"Gibbs","mu_2",5,4.97506460986267,4.84098860336015,5.10825307474415,1,52.948
381,1000,"Gibbs","mu_3",10,9.8904058293773,9.7634718922996,10.0187612391075,1,52.948
381,1000,"Gibbs","mu_4",20,19.9550252598283,19.8363836908136,20.073410224785,1,52.948
381,1000,"VI","mu_1",0,-1.62673313484489e-08,-19.5999999554987,19.599999922964,1,0.0829999999999984
381,1000,"VI","mu_2",5,-1.62673313484489e-08,-19.5999999554987,19.599999922964,1,0.0829999999999984
381,1000,"VI","mu_3",10,4.89555834050228,4.82318828334052,4.96792839766403,0,0.0829999999999984
381,1000,"VI","mu_4",20,19.8888874045964,19.7688315955602,20.0089432136325,1,0.0829999999999984
