"sim_id","n","method","component","mu_true","estimate","lower","upper","covered","elapsed_seconds"
32,1000,"Gibbs","mu_1",0,-0.0451117556721116,-0.170770861369301,0.0789107741747407,1,53.059
32,1000,"Gibbs","mu_2",5,4.98955188406144,4.85288380928438,5.12719805611593,1,53.059
32,1000,"Gibbs","mu_3",10,9.9856991618733,9.8534686324335,10.1157733875986,1,53.059
32,1000,"Gibbs","mu_4",20,19.9794750393948,19.8581941767043,20.0981395194059,1,53.059
32,1000,"VI","mu_1",0,-1.40129823035364e-08,-19.5999999604217,19.5999999323958,1,0.0850000000000009
32,1000,"VI","mu_2",5,-1.40129823035364e-08,-19.5999999604217,19.5999999323958,1,0.0850000000000009
32,1000,"VI","mu_3",10,4.86842995311294,4.79642385961188,4.94043604661399,0,0.0850000000000009
32,1000,"VI","mu_4",20,19.9220080716582,19.8002421701425,20.0437739731739,1,0.0850000000000009
