"sim_id","n","method","component","mu_true","estimate","lower","upper","covered","elapsed_seconds"
417,1000,"Gibbs","mu_1",0,-0.146911672864462,-0.276035113165955,-0.0151606548926645,0,52.938
417,1000,"Gibbs","mu_2",5,4.93909398456363,4.80852163751687,5.06830165542558,1,52.938
417,1000,"Gibbs","mu_3",10,9.95867166122152,9.82872351839431,10.0876052204594,1,52.938
417,1000,"Gibbs","mu_4",20,19.9858813883244,19.8676934513492,20.1025777559737,1,52.938
417,1000,"VI","mu_1",0,-0.147928895562337,-0.273983840048264,-0.0218739510764097,0,0.070999999999998
417,1000,"VI","mu_2",5,4.93963846827988,4.81469001244968,5.06458692411008,1,0.070999999999998
417,1000,"VI","mu_3",10,9.95779686115914,9.82972245551326,10.085871266805,1,0.070999999999998
417,1000,"VI","mu_4",20,19.9866929566678,19.8691420826678,20.1042438306677,1,0.070999999999998
