"sim_id","n","method","component","mu_true","estimate","lower","upper","covered","elapsed_seconds"
296,1000,"Gibbs","mu_1",0,0.0394278655459952,-0.0922137602498021,0.168346160503748,1,53.18
296,1000,"Gibbs","mu_2",5,4.89706757857498,4.74420433320299,5.05005874948882,1,53.18
296,1000,"Gibbs","mu_3",10,9.99349423058245,9.86870558549883,10.1177088972619,1,53.18
296,1000,"Gibbs","mu_4",20,19.9536566665886,19.8314003882981,20.0739199940462,1,53.18
296,1000,"VI","mu_1",0,-3.97346728858828e-17,-19.6,19.6,1,0.134999999999998
296,1000,"VI","mu_2",5,1.34193973167703,1.241203785436,1.44267567791805,0,0.134999999999998
296,1000,"VI","mu_3",10,8.90947206845505,8.80652109519766,9.01242304171245,0,0.134999999999998
296,1000,"VI","mu_4",20,19.9544321294624,19.832646006493,20.0762182524318,1,0.134999999999998
