"sim_id","n","method","component","mu_true","estimate","lower","upper","covered","elapsed_seconds"
295,1000,"Gibbs","mu_1",0,-0.0843291946597128,-0.21088726936356,0.0434508750928038,1,53.215
295,1000,"Gibbs","mu_2",5,4.86500524988717,4.73422773266983,4.99707204209863,0,53.215
295,1000,"Gibbs","mu_3",10,10.1247393554036,9.98841225612645,10.2644081461428,1,53.215
295,1000,"Gibbs","mu_4",20,19.9599489332193,19.8362615584522,20.0844784309489,1,53.215
295,1000,"VI","mu_1",0,-1.2963712723155e-16,-19.6,19.6,1,0.238
295,1000,"VI","mu_2",5,1.68335490761119,1.58975720807017,1.77695260715222,0,0.238
295,1000,"VI","mu_3",10,9.01227539429406,8.90032248433079,9.12422830425734,0,0.238
295,1000,"VI","mu_4",20,19.9599337873098,19.8371962328522,20.0826713417674,1,0.238
