"sim_id","n","method","component","mu_true","estimate","lower","upper","covered","elapsed_seconds"
442,1000,"Gibbs","mu_1",0,-0.04123008138868,-0.166861099475787,0.0825882472150998,1,52.857
442,1000,"Gibbs","mu_2",5,5.11282157815186,4.98137243203299,5.24453146109455,1,52.857
442,1000,"Gibbs","mu_3",10,10.0161188048755,9.89132477092764,10.1388438140982,1,52.857
442,1000,"Gibbs","mu_4",20,19.9952846995156,19.8712938823149,20.1218496791673,1,52.857
442,1000,"VI","mu_1",0,-3.27948785162338e-17,-19.6,19.6,1,0.143000000000001
442,1000,"VI","mu_2",5,1.21087421468569,1.10778399424435,1.31396443512704,0,0.143000000000001
442,1000,"VI","mu_3",10,8.57329615476114,8.47536295697856,8.67122935254371,0,0.143000000000001
442,1000,"VI","mu_4",20,19.995704624621,19.8686593638407,20.1227498854013,1,0.143000000000001
