"sim_id","n","method","component","mu_true","estimate","lower","upper","covered","elapsed_seconds"
108,1000,"Gibbs","mu_1",0,-0.00659170893958064,-0.144059031712446,0.129669048696729,1,52.947
108,1000,"Gibbs","mu_2",5,4.88461514993864,4.75455192594037,5.01376237660827,1,52.947
108,1000,"Gibbs","mu_3",10,9.98388233627212,9.85622134735355,10.1092682589877,1,52.947
108,1000,"Gibbs","mu_4",20,20.0394981781999,19.922165252817,20.1617595964641,1,52.947
108,1000,"VI","mu_1",0,2.01346577566536,1.91747393894419,2.10945761238654,0,0.141000000000005
108,1000,"VI","mu_2",5,9.13124990225409,9.02083548354722,9.24166432096096,0,0.141000000000005
108,1000,"VI","mu_3",10,19.6534289179142,19.4839525164599,19.8229053193684,0,0.141000000000005
108,1000,"VI","mu_4",20,20.4245161996609,20.2553683351466,20.5936640641752,0,0.141000000000005
