"sim_id","n","method","component","mu_true","estimate","lower","upper","covered","elapsed_seconds"
287,1000,"Gibbs","mu_1",0,-0.0587343804964036,-0.192408372310937,0.0784663639138083,1,52.877
287,1000,"Gibbs","mu_2",5,5.06742494906862,4.92845059470602,5.20855232099182,1,52.877
287,1000,"Gibbs","mu_3",10,10.065729985719,9.94724264919742,10.1867931987445,1,52.877
287,1000,"Gibbs","mu_4",20,20.1093202121217,19.9897394652029,20.2324797920234,1,52.877
287,1000,"VI","mu_1",0,-1.31466543019296e-16,-19.6,19.6,1,0.238999999999997
287,1000,"VI","mu_2",5,1.78881436760039,1.68850502175039,1.88912371345039,0,0.238999999999997
287,1000,"VI","mu_3",10,9.193519136136,9.08908427284911,9.29795399942289,0,0.238999999999997
287,1000,"VI","mu_4",20,20.1092695904877,19.9890965397847,20.2294426411906,1,0.238999999999997
