"sim_id","n","method","component","mu_true","estimate","lower","upper","covered","elapsed_seconds"
303,1000,"Gibbs","mu_1",0,0.0280827198529573,-0.102776706312703,0.156377174250165,1,53.085
303,1000,"Gibbs","mu_2",5,5.04327706316211,4.90793327378447,5.1737057145166,1,53.085
303,1000,"Gibbs","mu_3",10,10.0224926331025,9.90274410493412,10.1428768242318,1,53.085
303,1000,"Gibbs","mu_4",20,19.9914202960989,19.861554009159,20.1174792362693,1,53.085
303,1000,"VI","mu_1",0,0.0269176399335126,-0.099133817481553,0.152969097348578,1,0.0859999999999985
303,1000,"VI","mu_2",5,5.0430032106672,4.91781373109459,5.16819269023982,1,0.0859999999999985
303,1000,"VI","mu_3",10,10.0225657689682,9.90525170099094,10.1398798369454,1,0.0859999999999985
303,1000,"VI","mu_4",20,19.9911796831067,19.8630532125324,20.1193061536811,1,0.0859999999999985
