"sim_id","n","method","component","mu_true","estimate","lower","upper","covered","elapsed_seconds"
306,1000,"Gibbs","mu_1",0,-0.117046620865211,-0.246875071595104,0.00998337367791928,1,53.555
306,1000,"Gibbs","mu_2",5,5.01239090283967,4.8844447871056,5.14033396906353,1,53.555
306,1000,"Gibbs","mu_3",10,10.0356865552931,9.90825925876368,10.1619525360733,1,53.555
306,1000,"Gibbs","mu_4",20,19.8696956779278,19.7415604511918,20.0009089967131,1,53.555
306,1000,"VI","mu_1",0,-2.77844595255653e-17,-19.6,19.6,1,0.161999999999999
306,1000,"VI","mu_2",5,1.14471908628602,1.04165062637073,1.24778754620131,0,0.161999999999999
306,1000,"VI","mu_3",10,8.39878993537955,8.30203882096397,8.49554104979513,0,0.161999999999999
306,1000,"VI","mu_4",20,19.8709623720224,19.7411610475273,20.0007636965175,1,0.161999999999999
