"sim_id","n","method","component","mu_true","estimate","lower","upper","covered","elapsed_seconds"
441,1000,"Gibbs","mu_1",0,-0.0119601827522933,-0.146136104913909,0.126410036027699,1,53.026
441,1000,"Gibbs","mu_2",5,5.12807392666198,4.99358402471282,5.26351245924554,1,53.026
441,1000,"Gibbs","mu_3",10,10.0944258740267,9.96816301963614,10.2235692852888,1,53.026
441,1000,"Gibbs","mu_4",20,20.0533889074945,19.93433173768,20.1704845057036,1,53.026
441,1000,"VI","mu_1",0,-0.0123651277819807,-0.144686610272128,0.119956354708167,1,0.0799999999999983
441,1000,"VI","mu_2",5,5.12893553823501,5.00318538651069,5.25468568995934,0,0.0799999999999983
441,1000,"VI","mu_3",10,10.0957680998421,9.9743738010051,10.2171623986791,1,0.0799999999999983
441,1000,"VI","mu_4",20,20.05354585548,19.9357829952492,20.1713087157108,1,0.0799999999999983
