"sim_id","n","method","component","mu_true","estimate","lower","upper","covered","elapsed_seconds"
339,1000,"Gibbs","mu_1",0,0.0464564893981894,-0.0876212303296782,0.182484241765392,1,53.106
339,1000,"Gibbs","mu_2",5,5.02338073924362,4.89877266574131,5.14722113632649,1,53.106
339,1000,"Gibbs","mu_3",10,9.94808009619525,9.82093803614287,10.0788695260215,1,53.106
339,1000,"Gibbs","mu_4",20,19.9863102331224,19.8619167588612,20.1099114251035,1,53.106
339,1000,"VI","mu_1",0,0.0456726643247999,-0.0864219833762705,0.17776731202587,1,0.0800000000000054
339,1000,"VI","mu_2",5,5.02283633422699,4.90442999586599,5.141242672588,1,0.0800000000000054
339,1000,"VI","mu_3",10,9.94695811916772,9.82320973837514,10.0707064999603,1,0.0800000000000054
339,1000,"VI","mu_4",20,19.9861708454297,19.8634332909721,20.1089083998872,1,0.0800000000000054
