"sim_id","n","method","component","mu_true","estimate","lower","upper","covered","elapsed_seconds"
358,1000,"Gibbs","mu_1",0,-0.00390040907371164,-0.139563073743663,0.133212880290888,1,52.948
358,1000,"Gibbs","mu_2",5,4.84220157943482,4.70699610088859,4.98037579512454,0,52.948
358,1000,"Gibbs","mu_3",10,9.90666661868008,9.78234936475206,10.0332657546648,1,52.948
358,1000,"Gibbs","mu_4",20,20.0305874357933,19.9086063989023,20.1488406187426,1,52.948
358,1000,"VI","mu_1",0,-2.99715293530228e-16,-19.6,19.6,1,0.164999999999999
358,1000,"VI","mu_2",5,2.0278234335374,1.93291884664781,2.122728020427,0,0.164999999999999
358,1000,"VI","mu_3",10,9.29861633372985,9.18702580459444,9.41020686286526,0,0.164999999999999
358,1000,"VI","mu_4",20,20.0315281610256,19.9111285897961,20.1519277322551,1,0.164999999999999
