"sim_id","n","method","component","mu_true","estimate","lower","upper","covered","elapsed_seconds"
216,1000,"Gibbs","mu_1",0,-0.0112408088105718,-0.143593259895837,0.119107032266817,1,53.014
216,1000,"Gibbs","mu_2",5,5.00154045360824,4.87444628598473,5.13005626926064,1,53.014
216,1000,"Gibbs","mu_3",10,9.97791726318985,9.85264075338988,10.1020979696629,1,53.014
216,1000,"Gibbs","mu_4",20,20.0444893624138,19.9228375844448,20.1682142417037,1,53.014
216,1000,"VI","mu_1",0,0.807092354442767,0.694244511457995,0.91994019742754,0,0.158000000000001
216,1000,"VI","mu_2",5,8.03660373419713,7.90525881975381,8.16794864864045,0,0.158000000000001
216,1000,"VI","mu_3",10,8.03660373419713,7.90525881975381,8.16794864864045,0,0.158000000000001
216,1000,"VI","mu_4",20,20.0452587784899,19.9220370694504,20.1684804875294,1,0.158000000000001
