"sim_id","n","method","component","mu_true","estimate","lower","upper","covered","elapsed_seconds"
137,1000,"Gibbs","mu_1",0,0.00575200501998388,-0.122012539427817,0.138948563896674,1,53.347
137,1000,"Gibbs","mu_2",5,4.9275432789269,4.80155218919082,5.05225563809333,1,53.347
137,1000,"Gibbs","mu_3",10,9.97861428820536,9.85262949300232,10.110264476877,1,53.347
137,1000,"Gibbs","mu_4",20,20.0492345699584,19.9255141735552,20.1719974445731,1,53.347
137,1000,"VI","mu_1",0,-2.25858419784212e-08,-19.5999999376297,19.599999892458,1,0.0739999999999981
137,1000,"VI","mu_2",5,-2.25858419784212e-08,-19.5999999376297,19.599999892458,1,0.0739999999999981
137,1000,"VI","mu_3",10,5.0141938095468,4.94243378999634,5.08595382909727,0,0.0739999999999981
137,1000,"VI","mu_4",20,19.994005094884,19.8710251811826,20.1169850085853,1,0.0739999999999981
