"sim_id","n","method","component","mu_true","estimate","lower","upper","covered","elapsed_seconds"
336,1000,"Gibbs","mu_1",0,-0.0490057399236673,-0.175649970872258,0.0756774701501766,1,53.194
336,1000,"Gibbs","mu_2",5,4.98585567126541,4.84624131361049,5.1267979883555,1,53.194
336,1000,"Gibbs","mu_3",10,9.87109902202477,9.74745464974648,9.99236778170277,0,53.194
336,1000,"Gibbs","mu_4",20,19.967445507993,19.8408958281499,20.0928827709967,1,53.194
336,1000,"VI","mu_1",0,-3.62336438038192e-17,-19.6,19.6,1,0.177
336,1000,"VI","mu_2",5,1.41316207474058,1.31222386775518,1.51410028172598,0,0.177
336,1000,"VI","mu_3",10,8.72439531255974,8.62488731579838,8.82390330932111,0,0.177
336,1000,"VI","mu_4",20,19.9678053387403,19.8399517566846,20.0956589207961,1,0.177
