"sim_id","n","method","component","mu_true","estimate","lower","upper","covered","elapsed_seconds"
76,1000,"Gibbs","mu_1",0,-0.100550654802966,-0.230581612077293,0.0287640103455789,1,52.94
76,1000,"Gibbs","mu_2",5,4.99002361939213,4.85262667401176,5.12647608386901,1,52.94
76,1000,"Gibbs","mu_3",10,10.0249818081072,9.90378239077633,10.1438353576934,1,52.94
76,1000,"Gibbs","mu_4",20,19.9249866305848,19.7970384520125,20.0518295043563,1,52.94
76,1000,"VI","mu_1",0,-0.100931431655666,-0.228098080190398,0.0262352168790661,1,0.0850000000000009
76,1000,"VI","mu_2",5,4.98995390529966,4.86254207534369,5.11736573525563,1,0.0850000000000009
76,1000,"VI","mu_3",10,10.0245827872007,9.90905492493397,10.1401106494675,1,0.0850000000000009
76,1000,"VI","mu_4",20,19.9245906891003,19.797545428272,20.0516359499287,1,0.0850000000000009
