"sim_id","n","method","component","mu_true","estimate","lower","upper","covered","elapsed_seconds"
250,1000,"Gibbs","mu_1",0,0.0303287898028857,-0.0937130656404436,0.157692327969095,1,53.227
250,1000,"Gibbs","mu_2",5,5.05576630479153,4.91930537660726,5.19171378968241,1,53.227
250,1000,"Gibbs","mu_3",10,10.0878977743316,9.95791093366557,10.2152311952456,1,53.227
250,1000,"Gibbs","mu_4",20,19.9168867024485,19.7903490507496,20.0412677658587,1,53.227
250,1000,"VI","mu_1",0,-4.95810940422634e-17,-19.6,19.6,1,0.262
250,1000,"VI","mu_2",5,1.37354632903553,1.27334032926872,1.47375232880234,0,0.262
250,1000,"VI","mu_3",10,8.67472865727711,8.57397547265173,8.7754818419025,0,0.262
250,1000,"VI","mu_4",20,19.9161282383109,19.7893490300075,20.0429074466144,1,0.262
