"sim_id","n","method","component","mu_true","estimate","lower","upper","covered","elapsed_seconds"
434,1000,"Gibbs","mu_1",0,-0.0353073479699004,-0.170534087239548,0.0982607417086025,1,52.938
434,1000,"Gibbs","mu_2",5,4.99671604406006,4.86250965272678,5.13563625335102,1,52.938
434,1000,"Gibbs","mu_3",10,9.89791732915974,9.77341598945122,10.0234486369274,1,52.938
434,1000,"Gibbs","mu_4",20,19.9646695326962,19.8403266642898,20.0900681476865,1,52.938
434,1000,"VI","mu_1",0,-3.93839315585564e-08,-19.5999998861439,19.5999998073761,1,0.0859999999999985
434,1000,"VI","mu_2",5,-3.93839315585564e-08,-19.5999998861439,19.5999998073761,1,0.0859999999999985
434,1000,"VI","mu_3",10,5.09498098801806,5.02350755791496,5.16645441812116,0,0.0859999999999985
434,1000,"VI","mu_4",20,19.9645909208606,19.8401336197022,20.0890482220191,1,0.0859999999999985
