"sim_id","n","method","component","mu_true","estimate","lower","upper","covered","elapsed_seconds"
419,1000,"Gibbs","mu_1",0,-0.023651346341991,-0.150099590872346,0.100684224873872,1,53.02
419,1000,"Gibbs","mu_2",5,5.0157195052829,4.88525410079638,5.14432194491486,1,53.02
419,1000,"Gibbs","mu_3",10,9.94333205472896,9.80863952749763,10.0733392362976,1,53.02
419,1000,"Gibbs","mu_4",20,20.0436173170586,19.9177539941648,20.1699717755574,1,53.02
419,1000,"VI","mu_1",0,-2.63618836063698e-17,-19.6,19.6,1,0.177
419,1000,"VI","mu_2",5,1.16323455821705,1.0591262359807,1.2673428804534,0,0.177
419,1000,"VI","mu_3",10,8.27439387618131,8.17609622358269,8.37269152877993,0,0.177
419,1000,"VI","mu_4",20,20.0407543642261,19.916296748967,20.1652119794852,1,0.177
