"sim_id","n","method","component","mu_true","estimate","lower","upper","covered","elapsed_seconds"
86,1000,"Gibbs","mu_1",0,0.0470537890428395,-0.0733077090979503,0.166518744207969,1,53.419
86,1000,"Gibbs","mu_2",5,4.98190538490729,4.84332287484264,5.1180864215061,1,53.419
86,1000,"Gibbs","mu_3",10,9.89487308020559,9.7655436384426,10.0218975603191,1,53.419
86,1000,"Gibbs","mu_4",20,20.0362341662376,19.9117943931765,20.1622914588539,1,53.419
86,1000,"VI","mu_1",0,-8.46068445624601e-18,-19.6,19.6,1,0.140999999999998
86,1000,"VI","mu_2",5,0.893119806670933,0.788732213177035,0.997507400164831,0,0.140999999999998
86,1000,"VI","mu_3",10,8.14081647406271,8.04348037248088,8.23815257564455,0,0.140999999999998
86,1000,"VI","mu_4",20,20.0363149344026,19.9103239655768,20.1623059032284,1,0.140999999999998
