"sim_id","n","method","component","mu_true","estimate","lower","upper","covered","elapsed_seconds"
243,1000,"Gibbs","mu_1",0,0.0414508007962987,-0.0921240330859569,0.169104182718204,1,53.197
243,1000,"Gibbs","mu_2",5,5.04185668226767,4.89169145656756,5.19336211000799,1,53.197
243,1000,"Gibbs","mu_3",10,9.93511308551673,9.81124916820316,10.0562491960812,1,53.197
243,1000,"Gibbs","mu_4",20,19.9715024505259,19.8530691994749,20.0908118136403,1,53.197
243,1000,"VI","mu_1",0,-1.26594243449973e-17,-19.6,19.6,1,0.143000000000001
243,1000,"VI","mu_2",5,1.08211536372925,0.975477719016199,1.18875300844231,0,0.143000000000001
243,1000,"VI","mu_3",10,8.62973357928083,8.53175752767473,8.72770963088693,0,0.143000000000001
243,1000,"VI","mu_4",20,19.9717710025297,19.850684108968,20.0928578960915,1,0.143000000000001
