"sim_id","n","method","component","mu_true","estimate","lower","upper","covered","elapsed_seconds"
256,1000,"Gibbs","mu_1",0,0.0454727887185229,-0.0802740919431773,0.172844166548838,1,53.406
256,1000,"Gibbs","mu_2",5,5.04485610163185,4.91581232823771,5.17567293098029,1,53.406
256,1000,"Gibbs","mu_3",10,10.0523021024522,9.91662506048364,10.1894995008492,1,53.406
256,1000,"Gibbs","mu_4",20,19.9997456943572,19.8782650103903,20.1228101329198,1,53.406
256,1000,"VI","mu_1",0,-4.36153904800651e-08,-19.5999999011492,19.5999998139185,1,0.0650000000000048
256,1000,"VI","mu_2",5,-4.36153904800651e-08,-19.5999999011492,19.5999998139185,1,0.0650000000000048
256,1000,"VI","mu_3",10,4.87151678162576,4.79961040922951,4.94342315402201,0,0.0650000000000048
256,1000,"VI","mu_4",20,19.9459154554253,19.8236634220897,20.0681674887609,1,0.0650000000000048
