"sim_id","n","method","component","mu_true","estimate","lower","upper","covered","elapsed_seconds"
398,1000,"Gibbs","mu_1",0,-0.0417533449180152,-0.165184892579057,0.0820654591257081,1,53.205
398,1000,"Gibbs","mu_2",5,5.07298653320685,4.9379232172563,5.20766710042807,1,53.205
398,1000,"Gibbs","mu_3",10,10.0621869446997,9.93213134420898,10.191917480873,1,53.205
398,1000,"Gibbs","mu_4",20,20.0409940226186,19.9150107575664,20.1672267149986,1,53.205
398,1000,"VI","mu_1",0,-3.78217744602863e-18,-19.6,19.6,1,0.0839999999999961
398,1000,"VI","mu_2",5,0.556997686103647,0.447858498950695,0.6661368732566,0,0.0839999999999961
398,1000,"VI","mu_3",10,8.03620263723212,7.94260408121025,8.12980119325398,0,0.0839999999999961
398,1000,"VI","mu_4",20,20.0408963071877,19.9141171310492,20.1676754833261,1,0.0839999999999961
