"sim_id","n","method","component","mu_true","estimate","lower","upper","covered","elapsed_seconds"
338,1000,"Gibbs","mu_1",0,-0.0493354522816099,-0.175646881874657,0.07570856320107,1,53.317
338,1000,"Gibbs","mu_2",5,5.03355664932008,4.9005043044859,5.17124896629276,1,53.317
338,1000,"Gibbs","mu_3",10,9.93016622534193,9.80025152540471,10.0646658354097,1,53.317
338,1000,"Gibbs","mu_4",20,19.9603061762026,19.8368020689788,20.0817013433037,1,53.317
338,1000,"VI","mu_1",0,-3.08033034583851e-18,-19.6,19.6,1,0.109000000000002
338,1000,"VI","mu_2",5,0.518040174742048,0.405785279886336,0.630295069597759,0,0.109000000000002
338,1000,"VI","mu_3",10,7.82842986190665,7.73542871931857,7.92143100449473,0,0.109000000000002
338,1000,"VI","mu_4",20,19.9613566999195,19.8376458424442,20.0850675573947,1,0.109000000000002
