"sim_id","n","method","component","mu_true","estimate","lower","upper","covered","elapsed_seconds"
370,1000,"Gibbs","mu_1",0,-0.060362841439666,-0.186916227217906,0.0662607571895569,1,53.018
370,1000,"Gibbs","mu_2",5,4.97961379737736,4.85062401212566,5.10805851255212,1,53.018
370,1000,"Gibbs","mu_3",10,10.0459811465242,9.91986715295194,10.1727785523489,1,53.018
370,1000,"Gibbs","mu_4",20,20.0787402179781,19.9519715258075,20.208525538907,1,53.018
370,1000,"VI","mu_1",0,-1.51466379302371e-16,-19.6,19.6,1,0.232999999999997
370,1000,"VI","mu_2",5,1.76167431113601,1.66648027939278,1.85686834287923,0,0.232999999999997
370,1000,"VI","mu_3",10,8.95049215794213,8.84436643134053,9.05661788454373,0,0.232999999999997
370,1000,"VI","mu_4",20,20.0788044263814,19.950950844323,20.2066580084398,1,0.232999999999997
