"sim_id","n","method","component","mu_true","estimate","lower","upper","covered","elapsed_seconds"
372,1000,"Gibbs","mu_1",0,-0.0565176374512864,-0.183300686580345,0.070178847695342,1,53.044
372,1000,"Gibbs","mu_2",5,5.07225296417753,4.9377362858527,5.20981908193978,1,53.044
372,1000,"Gibbs","mu_3",10,9.9951750819264,9.87090012626294,10.1197264060954,1,53.044
372,1000,"Gibbs","mu_4",20,19.9501181555214,19.823640751324,20.0780960258838,1,53.044
372,1000,"VI","mu_1",0,-0.0570757341108209,-0.179705042328326,0.0655535741066845,1,0.0730000000000004
372,1000,"VI","mu_2",5,5.07182107588514,4.94488852038288,5.1987536313874,1,0.0730000000000004
372,1000,"VI","mu_3",10,9.99421718769259,9.87384639828477,10.1145879771004,1,0.0730000000000004
372,1000,"VI","mu_4",20,19.9489913407657,19.8227392613024,20.0752434202291,1,0.0730000000000004
