"sim_id","n","method","component","mu_true","estimate","lower","upper","covered","elapsed_seconds"
344,1000,"Gibbs","mu_1",0,1.51621892318681,1.34926945465358,1.68912503852795,0,52.991
344,1000,"Gibbs","mu_2",5,8.74619592529388,8.59452797585815,8.91344872351793,0,52.991
344,1000,"Gibbs","mu_3",10,19.7173239741111,19.418243162463,20.0073985140084,0,52.991
344,1000,"Gibbs","mu_4",20,20.2605084691133,19.9784496601585,20.5469298567852,1,52.991
344,1000,"VI","mu_1",0,0.0470509142629314,-0.0821379674601675,0.17623979598603,1,0.0700000000000003
344,1000,"VI","mu_2",5,5.01901974145224,4.89180668701004,5.14623279589443,1,0.0700000000000003
344,1000,"VI","mu_3",10,9.95083859534832,9.83121749413742,10.0704596965592,1,0.0700000000000003
344,1000,"VI","mu_4",20,19.9904468778445,19.8698195012712,20.1110742544178,1,0.0700000000000003
