"sim_id","n","method","component","mu_true","estimate","lower","upper","covered","elapsed_seconds"
119,1000,"Gibbs","mu_1",0,0.067318555960192,-0.0610144026458182,0.194916399507057,1,52.943
119,1000,"Gibbs","mu_2",5,4.98304630711742,4.84711167979905,5.11889516473787,1,52.943
119,1000,"Gibbs","mu_3",10,9.93019581728408,9.79582185976195,10.0626530272925,1,52.943
119,1000,"Gibbs","mu_4",20,20.0218169479274,19.9023035385446,20.1411430670658,1,52.943
119,1000,"VI","mu_1",0,0.0674490071243943,-0.0552134180909213,0.19011143233971,1,0.0769999999999982
119,1000,"VI","mu_2",5,4.98535644111813,4.85913690782711,5.11157597440914,1,0.0769999999999982
119,1000,"VI","mu_3",10,9.93117367330015,9.80427846344238,10.0580688831579,1,0.0769999999999982
119,1000,"VI","mu_4",20,20.0220832719604,19.9016837007297,20.1424828431912,1,0.0769999999999982
