"sim_id","n","method","component","mu_true","estimate","lower","upper","covered","elapsed_seconds"
129,1000,"Gibbs","mu_1",0,0.0132440374204124,-0.118017800539348,0.145280740250319,1,53.146
129,1000,"Gibbs","mu_2",5,4.98725839909784,4.85151669132607,5.12185179280485,1,53.146
129,1000,"Gibbs","mu_3",10,10.0358838006362,9.91109902052895,10.1609990935751,1,53.146
129,1000,"Gibbs","mu_4",20,20.0350788549054,19.9121581378251,20.1594172015952,1,53.146
129,1000,"VI","mu_1",0,0.0152327638981515,-0.110403942005461,0.140869469801764,1,0.078000000000003
129,1000,"VI","mu_2",5,4.98764070920643,4.86365593323194,5.11162548518091,1,0.078000000000003
129,1000,"VI","mu_3",10,10.0358674472605,9.91354601895057,10.1581888755704,1,0.078000000000003
129,1000,"VI","mu_4",20,20.0339128936244,19.9099540885554,20.1578716986933,1,0.078000000000003
