"sim_id","n","method","component","mu_true","estimate","lower","upper","covered","elapsed_seconds"
52,1000,"Gibbs","mu_1",0,-0.0342683817148848,-0.162161627644571,0.0958803963745642,1,52.625
52,1000,"Gibbs","mu_2",5,4.999582135059,4.86544272767022,5.13377756821915,1,52.625
52,1000,"Gibbs","mu_3",10,9.98676397425109,9.85797788498587,10.1151428765845,1,52.625
52,1000,"Gibbs","mu_4",20,19.9187495258828,19.7998014200469,20.036429014794,1,52.625
52,1000,"VI","mu_1",0,-3.59991015458407e-16,-19.6,19.6,1,0.149999999999999
52,1000,"VI","mu_2",5,1.92517374152743,1.82838791768777,2.02195956536708,0,0.149999999999999
52,1000,"VI","mu_3",10,9.20592627702489,9.09512655476727,9.3167259992825,0,0.149999999999999
52,1000,"VI","mu_4",20,19.9187856871109,19.8010228264863,20.0365485477355,1,0.149999999999999
