"sim_id","n","method","component","mu_true","estimate","lower","upper","covered","elapsed_seconds"
194,1000,"Gibbs","mu_1",0,-0.0594191941381379,-0.183765084408592,0.0636044754919523,1,53.108
194,1000,"Gibbs","mu_2",5,4.92136745750682,4.77622223033291,5.06814275385155,1,53.108
194,1000,"Gibbs","mu_3",10,10.0253544107092,9.89283016594323,10.1551837601397,1,53.108
194,1000,"Gibbs","mu_4",20,20.0679229939282,19.9477220030669,20.1913464540377,1,53.108
194,1000,"VI","mu_1",0,-1.37939366416269e-16,-19.6,19.6,1,0.329000000000001
194,1000,"VI","mu_2",5,1.45404311464648,1.35754728403151,1.55053894526145,0,0.329000000000001
194,1000,"VI","mu_3",10,9.0372055335374,8.92922146474466,9.14518960233015,0,0.329000000000001
194,1000,"VI","mu_4",20,20.0676487123608,19.9456268070561,20.1896706176656,1,0.329000000000001
