"sim_id","n","method","component","mu_true","estimate","lower","upper","covered","elapsed_seconds"
171,1000,"Gibbs","mu_1",0,0.000973991166769091,-0.126101962473214,0.126059409492804,1,52.782
171,1000,"Gibbs","mu_2",5,4.96553749196502,4.83241457638156,5.10257364306004,1,52.782
171,1000,"Gibbs","mu_3",10,10.0690615509479,9.93822215572751,10.1981948995733,1,52.782
171,1000,"Gibbs","mu_4",20,20.0017343300367,19.8776478680791,20.1268624029954,1,52.782
171,1000,"VI","mu_1",0,-1.34476320823194e-16,-19.6,19.6,1,0.216000000000001
171,1000,"VI","mu_2",5,1.80531254604084,1.71128611998444,1.89933897209725,0,0.216000000000001
171,1000,"VI","mu_3",10,9.12761250962653,9.01744058393694,9.23778443531613,0,0.216000000000001
171,1000,"VI","mu_4",20,20.0010773871525,19.8768699283508,20.1252848459541,1,0.216000000000001
