"sim_id","n","method","component","mu_true","estimate","lower","upper","covered","elapsed_seconds"
205,1000,"Gibbs","mu_1",0,0.0211659792704222,-0.102389409422662,0.149197625705411,1,52.908
205,1000,"Gibbs","mu_2",5,4.91214162798084,4.77980233782847,5.04604615850678,1,52.908
205,1000,"Gibbs","mu_3",10,9.98188020682356,9.85004259069285,10.1120388787475,1,52.908
205,1000,"Gibbs","mu_4",20,19.9314963023051,19.8093024181555,20.0538412162313,1,52.908
205,1000,"VI","mu_1",0,0.0222571211726197,-0.0991876615826254,0.143701903927865,1,0.0739999999999981
205,1000,"VI","mu_2",5,4.91169166352366,4.78834711313093,5.03503621391639,1,0.0739999999999981
205,1000,"VI","mu_3",10,9.98174645424421,9.85335792427058,10.1101349842178,1,0.0739999999999981
205,1000,"VI","mu_4",20,19.9319860927099,19.8090071757238,20.054965009696,1,0.0739999999999981
