"sim_id","n","method","component","mu_true","estimate","lower","upper","covered","elapsed_seconds"
475,1000,"Gibbs","mu_1",0,0.0140931472252415,-0.106327514981653,0.136848378285927,1,52.923
475,1000,"Gibbs","mu_2",5,5.01403841219352,4.8830993594361,5.14577498710288,1,52.923
475,1000,"Gibbs","mu_3",10,9.90862788589193,9.78164049366665,10.0385872693491,1,52.923
475,1000,"Gibbs","mu_4",20,20.0658914900391,19.940729885968,20.1942831450631,1,52.923
475,1000,"VI","mu_1",0,0.0137750443504584,-0.1050463873724,0.132596476073317,1,0.0890000000000057
475,1000,"VI","mu_2",5,5.01492509617857,4.88966047031591,5.14018972204123,1,0.0890000000000057
475,1000,"VI","mu_3",10,9.9086484595679,9.78268325870777,10.034613660428,1,0.0890000000000057
475,1000,"VI","mu_4",20,20.0646089149043,19.9383568354402,20.1908609943683,1,0.0890000000000057
