"sim_id","n","method","component","mu_true","estimate","lower","upper","covered","elapsed_seconds"
261,1000,"Gibbs","mu_1",0,-0.030334756209815,-0.161233042299062,0.0957411208151072,1,53.038
261,1000,"Gibbs","mu_2",5,5.03267381317119,4.89604521602772,5.169821252625,1,53.038
261,1000,"Gibbs","mu_3",10,10.0541405127323,9.92721040778538,10.1788473385554,1,53.038
261,1000,"Gibbs","mu_4",20,20.1341516500174,20.0125339830522,20.257298907313,0,53.038
261,1000,"VI","mu_1",0,-0.0308977090450839,-0.15445241776708,0.0926569996769117,1,0.0810000000000031
261,1000,"VI","mu_2",5,5.03179922975401,4.90372931199971,5.15986914750831,1,0.0810000000000031
261,1000,"VI","mu_3",10,10.0543190083833,9.93280357946502,10.1758344373015,1,0.0810000000000031
261,1000,"VI","mu_4",20,20.1342072974851,20.0112283805336,20.2571862144366,0,0.0810000000000031
