"sim_id","n","method","component","mu_true","estimate","lower","upper","covered","elapsed_seconds"
384,1000,"Gibbs","mu_1",0,0.0987609899641027,-0.0316826734888274,0.231271946619585,1,52.976
384,1000,"Gibbs","mu_2",5,4.98539513847819,4.85311519910935,5.11743724946389,1,52.976
384,1000,"Gibbs","mu_3",10,10.0354907869748,9.91185124465056,10.161545115132,1,52.976
384,1000,"Gibbs","mu_4",20,19.9150867903572,19.7896079484869,20.0405366329229,1,52.976
384,1000,"VI","mu_1",0,-6.97347807604675e-16,-19.6,19.6,1,0.143999999999998
384,1000,"VI","mu_2",5,2.24109989259239,2.14905556847452,2.33314421671026,0,0.143999999999998
384,1000,"VI","mu_3",10,9.48629032134765,9.37416793340059,9.59841270929471,0,0.143999999999998
384,1000,"VI","mu_4",20,19.9155169168888,19.7892648376888,20.0417689960888,1,0.143999999999998
