"sim_id","n","method","component","mu_true","estimate","lower","upper","covered","elapsed_seconds"
181,1000,"Gibbs","mu_1",0,-0.0223637361592284,-0.148475732143986,0.104143113283914,1,53.149
181,1000,"Gibbs","mu_2",5,4.90560120370266,4.75540287730577,5.05203983474827,1,53.149
181,1000,"Gibbs","mu_3",10,10.0074147676607,9.88689699638955,10.1307812852067,1,53.149
181,1000,"Gibbs","mu_4",20,20.0127882738382,19.8925400141766,20.1340351180568,1,53.149
181,1000,"VI","mu_1",0,-8.64139328746936e-17,-19.6,19.6,1,0.149000000000001
181,1000,"VI","mu_2",5,1.56885398896116,1.47079869598707,1.66690928193524,0,0.149000000000001
181,1000,"VI","mu_3",10,9.18540070772287,9.07838966730483,9.29241174814092,0,0.149000000000001
181,1000,"VI","mu_4",20,20.0137257961661,19.8933262249356,20.1341253673966,1,0.149000000000001
