"sim_id","n","method","component","mu_true","estimate","lower","upper","covered","elapsed_seconds"
433,1000,"Gibbs","mu_1",0,-0.118446821149455,-0.246648857214138,0.00969190994256649,1,52.964
433,1000,"Gibbs","mu_2",5,5.09862599846542,4.96301576265557,5.22887652040126,1,52.964
433,1000,"Gibbs","mu_3",10,10.0266211409663,9.8981484132302,10.1520111427798,1,52.964
433,1000,"Gibbs","mu_4",20,19.966044333971,19.8400579410354,20.0879623783361,1,52.964
433,1000,"VI","mu_1",0,-6.69234843275054e-09,-19.5999999741439,19.5999999607592,1,0.0750000000000028
433,1000,"VI","mu_2",5,-6.69234843275054e-09,-19.5999999741439,19.5999999607592,1,0.0750000000000028
433,1000,"VI","mu_3",10,5.09337828394258,5.02174067877205,5.16501588911312,0,0.0750000000000028
433,1000,"VI","mu_4",20,19.9528874618877,19.8292851230696,20.0764898007058,1,0.0750000000000028
