"sim_id","n","method","component","mu_true","estimate","lower","upper","covered","elapsed_seconds"
184,1000,"Gibbs","mu_1",0,0.020894760497641,-0.108753272072994,0.153095160009506,1,53.187
184,1000,"Gibbs","mu_2",5,5.01731524614385,4.88684895360172,5.14859525929231,1,53.187
184,1000,"Gibbs","mu_3",10,9.99688381796888,9.86923835349809,10.1263002078055,1,53.187
184,1000,"Gibbs","mu_4",20,20.0146519627163,19.889058660573,20.1362391310191,1,53.187
184,1000,"VI","mu_1",0,0.0211643496747724,-0.105255420542243,0.147584119891788,1,0.0820000000000007
184,1000,"VI","mu_2",5,5.01783152651941,4.89503798704109,5.14062506599774,1,0.0820000000000007
184,1000,"VI","mu_3",10,9.99734280364791,9.87359947097472,10.1210861363211,1,0.0820000000000007
184,1000,"VI","mu_4",20,20.0143246555766,19.8913457385905,20.1373035725626,1,0.0820000000000007
