"sim_id","n","method","component","mu_true","estimate","lower","upper","covered","elapsed_seconds"
118,1000,"Gibbs","mu_1",0,0.0474164354907984,-0.0830984264474009,0.177788080031842,1,52.964
118,1000,"Gibbs","mu_2",5,5.07173635076052,4.93758905405171,5.20600551952212,1,52.964
118,1000,"Gibbs","mu_3",10,10.1743512126517,10.040963939691,10.3109995426677,0,52.964
118,1000,"Gibbs","mu_4",20,20.0130507906382,19.8914276710525,20.1339375695483,1,52.964
118,1000,"VI","mu_1",0,-7.82643157293893e-18,-19.6,19.6,1,0.121000000000002
118,1000,"VI","mu_2",5,0.756163699874239,0.646670048058083,0.865657351690395,0,0.121000000000002
118,1000,"VI","mu_3",10,7.99448144254808,7.89969253797404,8.08927034712213,0,0.121000000000002
118,1000,"VI","mu_4",20,20.0124244686456,19.8889656589312,20.1358832783601,1,0.121000000000002
