"sim_id","n","method","component","mu_true","estimate","lower","upper","covered","elapsed_seconds"
89,1000,"Gibbs","mu_1",0,-0.0360422411265588,-0.165454921125936,0.0928283376146439,1,53.2
89,1000,"Gibbs","mu_2",5,5.09863896997241,4.96904339779551,5.22570444288606,1,53.2
89,1000,"Gibbs","mu_3",10,9.95303592337877,9.82216464908909,10.0811654814446,1,53.2
89,1000,"Gibbs","mu_4",20,19.9869156650996,19.863928762866,20.1072619952199,1,53.2
89,1000,"VI","mu_1",0,-3.4137616798482e-08,-19.5999999152825,19.5999998470073,1,0.0889999999999986
89,1000,"VI","mu_2",5,-3.4137616798482e-08,-19.5999999152825,19.5999998470073,1,0.0889999999999986
89,1000,"VI","mu_3",10,4.93804121787777,4.86608379574309,5.00999864001244,0,0.0889999999999986
89,1000,"VI","mu_4",20,19.8411030229626,19.7191008310496,19.9631052148756,0,0.0889999999999986
