"sim_id","n","method","component","mu_true","estimate","lower","upper","covered","elapsed_seconds"
150,1000,"Gibbs","mu_1",0,-0.043881474599009,-0.168972574695993,0.0820777220207872,1,53.213
150,1000,"Gibbs","mu_2",5,4.98399874708088,4.85377614721935,5.11206001581103,1,53.213
150,1000,"Gibbs","mu_3",10,9.88034420570443,9.74216995484139,10.0190816561764,1,53.213
150,1000,"Gibbs","mu_4",20,20.0450462866805,19.9233857736718,20.1680461330105,1,53.213
150,1000,"VI","mu_1",0,-8.30421123913917e-09,-19.5999999814707,19.5999999648623,1,0.0739999999999981
150,1000,"VI","mu_2",5,-8.30421123913917e-09,-19.5999999814707,19.5999999648623,1,0.0739999999999981
150,1000,"VI","mu_3",10,4.64228202817364,4.57026879957616,4.71429525677112,0,0.0739999999999981
150,1000,"VI","mu_4",20,20.0085543205098,19.8868229031893,20.1302857378303,1,0.0739999999999981
