"sim_id","n","method","component","mu_true","estimate","lower","upper","covered","elapsed_seconds"
206,1000,"Gibbs","mu_1",0,0.0380773230788394,-0.089024866100952,0.167164111411359,1,53.008
206,1000,"Gibbs","mu_2",5,5.02611855091783,4.89460594913177,5.15892653059828,1,53.008
206,1000,"Gibbs","mu_3",10,9.99380974703999,9.85775982677466,10.1262233699871,1,53.008
206,1000,"Gibbs","mu_4",20,20.0852667094738,19.9599853777752,20.211418285215,1,53.008
206,1000,"VI","mu_1",0,-7.74902994810525e-18,-19.6,19.6,1,0.154000000000003
206,1000,"VI","mu_2",5,0.917590740948855,0.811640383341418,1.02354109855629,0,0.154000000000003
206,1000,"VI","mu_3",10,8.05652298332254,7.9606331348138,8.15241283183127,0,0.154000000000003
206,1000,"VI","mu_4",20,20.0853743176884,19.9588594974218,20.211889137955,1,0.154000000000003
