"sim_id","n","method","component","mu_true","estimate","lower","upper","covered","elapsed_seconds"
151,1000,"Gibbs","mu_1",0,-0.0209354541879482,-0.151522461268505,0.10859978939476,1,53.045
151,1000,"Gibbs","mu_2",5,4.99589513981126,4.8634053630767,5.12917231014367,1,53.045
151,1000,"Gibbs","mu_3",10,9.91774293552333,9.78935778114529,10.0466209582042,1,53.045
151,1000,"Gibbs","mu_4",20,20.0516839040611,19.9271468055711,20.1737568869824,1,53.045
151,1000,"VI","mu_1",0,-0.0195818819905165,-0.14348998520128,0.104326221220247,1,0.0649999999999977
151,1000,"VI","mu_2",5,4.99524235161354,4.86952830996901,5.12095639325808,1,0.0649999999999977
151,1000,"VI","mu_3",10,9.91719873782871,9.79267280938225,10.0417246662752,1,0.0649999999999977
151,1000,"VI","mu_4",20,20.0510554475851,19.9292693245096,20.1728415706605,1,0.0649999999999977
