"sim_id","n","method","component","mu_true","estimate","lower","upper","covered","elapsed_seconds"
50,1000,"Gibbs","mu_1",0,0.117444440115047,-0.0177009435446832,0.249675829480474,1,52.974
50,1000,"Gibbs","mu_2",5,5.01803533127255,4.88867202082557,5.14641259112989,1,52.974
50,1000,"Gibbs","mu_3",10,10.1306507805418,10.0021666986272,10.2569241370073,0,52.974
50,1000,"Gibbs","mu_4",20,19.8717989379132,19.7484853148958,19.9924846747375,0,52.974
50,1000,"VI","mu_1",0,-2.74607412774812e-07,-19.5999993624905,19.5999988132757,1,0.0680000000000049
50,1000,"VI","mu_2",5,-2.74607412774812e-07,-19.5999993624905,19.5999988132757,1,0.0680000000000049
50,1000,"VI","mu_3",10,5.17796618716487,5.10603565029934,5.24989672403041,0,0.0680000000000049
50,1000,"VI","mu_4",20,19.80200120217,19.6798676890967,19.9241347152433,0,0.0680000000000049
