"sim_id","n","method","component","mu_true","estimate","lower","upper","covered","elapsed_seconds"
403,1000,"Gibbs","mu_1",0,0.0690113339405452,-0.064796652117224,0.204930822003561,1,53.121
403,1000,"Gibbs","mu_2",5,4.96732590521273,4.84006046115607,5.09399874025169,1,53.121
403,1000,"Gibbs","mu_3",10,10.1478394893376,10.0168816686359,10.2785567748421,0,53.121
403,1000,"Gibbs","mu_4",20,20.0123204946916,19.887208206027,20.1360778435469,1,53.121
403,1000,"VI","mu_1",0,0.0683806415299671,-0.0582018929364307,0.194963175996365,1,0.0700000000000003
403,1000,"VI","mu_2",5,4.96822982021789,4.84815253426903,5.08830710616674,1,0.0700000000000003
403,1000,"VI","mu_3",10,10.1475268002763,10.0196275602107,10.275426040342,0,0.0700000000000003
403,1000,"VI","mu_4",20,20.0126360547537,19.8908499317297,20.1344221777777,1,0.0700000000000003
