"sim_id","n","method","component","mu_true","estimate","lower","upper","covered","elapsed_seconds"
234,1000,"Gibbs","mu_1",0,-0.00161951724849103,-0.125329528559584,0.121360289575095,1,53.273
234,1000,"Gibbs","mu_2",5,4.96504107754179,4.82944861109389,5.09615269834341,1,53.273
234,1000,"Gibbs","mu_3",10,9.92271830327441,9.79760948732544,10.045276262941,1,53.273
234,1000,"Gibbs","mu_4",20,20.0571009808032,19.9246056734846,20.1852950814177,1,53.273
234,1000,"VI","mu_1",0,-1.61954727746807e-17,-19.6,19.6,1,0.375
234,1000,"VI","mu_2",5,1.07507365129284,0.97218283805895,1.17796446452673,0,0.375
234,1000,"VI","mu_3",10,8.27626734205036,8.17913086168298,8.37340382241773,0,0.375
234,1000,"VI","mu_4",20,20.0570563785939,19.9278206155869,20.1862921416009,1,0.375
