"sim_id","n","method","component","mu_true","estimate","lower","upper","covered","elapsed_seconds"
136,1000,"Gibbs","mu_1",0,-0.0369309726424964,-0.167233278901669,0.0939895479669772,1,52.865
136,1000,"Gibbs","mu_2",5,5.05503644725884,4.92232982506355,5.18422951835939,1,52.865
136,1000,"Gibbs","mu_3",10,10.0357545737656,9.90767484976673,10.1625243726589,1,52.865
136,1000,"Gibbs","mu_4",20,20.0700956312859,19.946305747927,20.1897915687198,1,52.865
136,1000,"VI","mu_1",0,1.92998882735107,1.83298538712869,2.02699226757345,0,0.520000000000003
136,1000,"VI","mu_2",5,9.09832931700045,8.99104417933682,9.20561445466409,0,0.520000000000003
136,1000,"VI","mu_3",10,19.9487201280875,19.7761336321056,20.1213066240693,0,0.520000000000003
136,1000,"VI","mu_4",20,20.1915386269804,20.0190017336188,20.364075520342,0,0.520000000000003
