"sim_id","n","method","component","mu_true","estimate","lower","upper","covered","elapsed_seconds"
271,1000,"Gibbs","mu_1",0,-0.0546923591455139,-0.185583829325584,0.0768338404922872,1,53.166
271,1000,"Gibbs","mu_2",5,4.97005495661585,4.83254476260142,5.0994477645703,1,53.166
271,1000,"Gibbs","mu_3",10,10.0277617939678,9.90253125412533,10.1497941716715,1,53.166
271,1000,"Gibbs","mu_4",20,20.0492423247244,19.9193715596029,20.1760419362345,1,53.166
271,1000,"VI","mu_1",0,-3.99854161609782e-16,-19.6,19.6,1,0.274000000000001
271,1000,"VI","mu_2",5,1.86277782805651,1.76803505310032,1.95752060301269,0,0.274000000000001
271,1000,"VI","mu_3",10,9.20975921393124,9.10299809790062,9.31652032996185,0,0.274000000000001
271,1000,"VI","mu_4",20,20.0495471108219,19.9216935287807,20.1774006928632,1,0.274000000000001
