"sim_id","n","method","component","mu_true","estimate","lower","upper","covered","elapsed_seconds"
122,1000,"Gibbs","mu_1",0,-0.0644286651258267,-0.195110604812841,0.0648070270436797,1,52.89
122,1000,"Gibbs","mu_2",5,5.1249344421737,4.98800221133598,5.26064611940167,1,52.89
122,1000,"Gibbs","mu_3",10,9.9763462782688,9.84036563732993,10.1059964390057,1,52.89
122,1000,"Gibbs","mu_4",20,20.0563038095883,19.9341854748959,20.1820547282654,1,52.89
122,1000,"VI","mu_1",0,-6.34964030437109e-18,-19.6,19.6,1,0.118000000000002
122,1000,"VI","mu_2",5,0.74426318308861,0.632604037141577,0.855922329035644,0,0.118000000000002
122,1000,"VI","mu_3",10,8.12261493181651,8.02937641780192,8.2158534458311,0,0.118000000000002
122,1000,"VI","mu_4",20,20.0563992532459,19.932440448236,20.1803580582558,1,0.118000000000002
