"sim_id","n","method","component","mu_true","estimate","lower","upper","covered","elapsed_seconds"
460,1000,"Gibbs","mu_1",0,0.0333502512382473,-0.0917325058115131,0.159443115056061,1,53.169
460,1000,"Gibbs","mu_2",5,5.04893995079047,4.91470569369557,5.18551755137495,1,53.169
460,1000,"Gibbs","mu_3",10,9.98284001554251,9.85302906068053,10.1139466023315,1,53.169
460,1000,"Gibbs","mu_4",20,19.9851387908566,19.8589446491242,20.1120781896035,1,53.169
460,1000,"VI","mu_1",0,-5.55378729884883e-18,-19.6,19.6,1,0.123999999999995
460,1000,"VI","mu_2",5,0.817483444512344,0.709131220691633,0.925835668333055,0,0.123999999999995
460,1000,"VI","mu_3",10,8.0485233945707,7.95353919581616,8.14350759332524,0,0.123999999999995
460,1000,"VI","mu_4",20,19.9618223132365,19.8371127322221,20.0865318942509,1,0.123999999999995
