"sim_id","n","method","component","mu_true","estimate","lower","upper","covered","elapsed_seconds"
162,1000,"Gibbs","mu_1",0,-0.0936405810188371,-0.218147439280338,0.0288091153154053,1,52.964
162,1000,"Gibbs","mu_2",5,5.03494416490548,4.89943391521391,5.16878866263326,1,52.964
162,1000,"Gibbs","mu_3",10,9.94478472020764,9.81386024923258,10.0724306910668,1,52.964
162,1000,"Gibbs","mu_4",20,20.0037466086102,19.8777198093042,20.1282037490521,1,52.964
162,1000,"VI","mu_1",0,-0.0935148271699046,-0.214771782067659,0.0277421277278496,1,0.0869999999999962
162,1000,"VI","mu_2",5,5.03506924782591,4.91189102122192,5.1582474744299,1,0.0869999999999962
162,1000,"VI","mu_3",10,9.94594715382703,9.82061622830796,10.0712780793461,1,0.0869999999999962
162,1000,"VI","mu_4",20,20.0040225288612,19.8777704493976,20.1302746083249,1,0.0869999999999962
