"sim_id","n","method","component","mu_true","estimate","lower","upper","covered","elapsed_seconds"
316,1000,"Gibbs","mu_1",0,0.0119301719534662,-0.114927657765679,0.141362164773133,1,53.003
316,1000,"Gibbs","mu_2",5,5.11905114682698,4.98939245345437,5.24951231373574,1,53.003
316,1000,"Gibbs","mu_3",10,9.99950531601317,9.87043878209931,10.1250481362632,1,53.003
316,1000,"Gibbs","mu_4",20,19.9165876755387,19.7964692906417,20.0380355606136,1,53.003
316,1000,"VI","mu_1",0,0.0110223749738303,-0.115338102923735,0.137382852871396,1,0.0689999999999955
316,1000,"VI","mu_2",5,5.11860418670218,4.99459899161009,5.24260938179427,1,0.0689999999999955
316,1000,"VI","mu_3",10,9.99903636916367,9.87522612663767,10.1228466116897,1,0.0689999999999955
316,1000,"VI","mu_4",20,19.9164991832081,19.7947130601327,20.0382853062835,1,0.0689999999999955
