"sim_id","n","method","component","mu_true","estimate","lower","upper","covered","elapsed_seconds"
73,1000,"Gibbs","mu_1",0,0.0811939448239791,-0.0456899228182165,0.208042819107315,1,53.609
73,1000,"Gibbs","mu_2",5,4.95143679844024,4.8181834782134,5.08439499766793,1,53.609
73,1000,"Gibbs","mu_3",10,9.95154347119419,9.82631867170099,10.0771061637868,1,53.609
73,1000,"Gibbs","mu_4",20,19.9836553092687,19.8634235061053,20.1070905122353,1,53.609
73,1000,"VI","mu_1",0,0.082095766922508,-0.0430988864125248,0.207290420257541,1,0.0579999999999998
73,1000,"VI","mu_2",5,4.95248357480769,4.82716875493706,5.07779839467833,1,0.0579999999999998
73,1000,"VI","mu_3",10,9.95207411788026,9.82867986422307,10.0754683715375,1,0.0579999999999998
73,1000,"VI","mu_4",20,19.9831150577786,19.8610931524741,20.1051369630831,1,0.0579999999999998
