"sim_id","n","method","component","mu_true","estimate","lower","upper","covered","elapsed_seconds"
117,1000,"Gibbs","mu_1",0,0.0658119690896287,-0.0641355124656599,0.195522539953303,1,53.404
117,1000,"Gibbs","mu_2",5,4.92272306183162,4.80018039647492,5.0503357553492,1,53.404
117,1000,"Gibbs","mu_3",10,10.02092634872,9.88950787001433,10.1525154283984,1,53.404
117,1000,"Gibbs","mu_4",20,20.1418294202807,20.0146010521082,20.2682811104395,0,53.404
117,1000,"VI","mu_1",0,-7.92501713777357e-16,-19.6,19.6,1,0.137
117,1000,"VI","mu_2",5,2.31885686802576,2.22829799794513,2.40941573810639,0,0.137
117,1000,"VI","mu_3",10,9.42930390554272,9.31352484792028,9.54508296316516,0,0.137
117,1000,"VI","mu_4",20,20.1428978035789,20.01768055227,20.2681150548878,0,0.137
