"sim_id","n","method","component","mu_true","estimate","lower","upper","covered","elapsed_seconds"
212,1000,"Gibbs","mu_1",0,-0.0501394114499364,-0.173570827200975,0.0727148837592945,1,52.885
212,1000,"Gibbs","mu_2",5,4.91184712395983,4.77504505858739,5.05061477707887,1,52.885
212,1000,"Gibbs","mu_3",10,9.98409964998671,9.85703538549872,10.1110679505653,1,52.885
212,1000,"Gibbs","mu_4",20,20.0136528842266,19.8897862258523,20.1401522183196,1,52.885
212,1000,"VI","mu_1",0,-0.0508847752632719,-0.171287114276089,0.0695175637495449,1,0.0750000000000028
212,1000,"VI","mu_2",5,4.91059132838388,4.78279720423213,5.03838545253562,1,0.0750000000000028
212,1000,"VI","mu_3",10,9.98435825288541,9.86132930479114,10.1073872009797,1,0.0750000000000028
212,1000,"VI","mu_4",20,20.0130827047511,19.8881202088523,20.1380452006498,1,0.0750000000000028
