"sim_id","n","method","component","mu_true","estimate","lower","upper","covered","elapsed_seconds"
235,1000,"Gibbs","mu_1",0,1.824094899343,1.61899531881855,2.00875190969334,0,53.295
235,1000,"Gibbs","mu_2",5,9.00643964018484,8.75679230574862,9.24540390246696,0,53.295
235,1000,"Gibbs","mu_3",10,19.7511885000187,19.4735856684397,19.9635125995881,0,53.295
235,1000,"Gibbs","mu_4",20,20.0682017157413,19.8555127267911,20.3384372822026,1,53.295
235,1000,"VI","mu_1",0,-1.05202551923866e-08,-19.5999999684029,19.5999999473624,1,0.0919999999999987
235,1000,"VI","mu_2",5,-1.05202551923866e-08,-19.5999999684029,19.5999999473624,1,0.0919999999999987
235,1000,"VI","mu_3",10,4.96888337164423,4.89665696257928,5.04110978070918,0,0.0919999999999987
235,1000,"VI","mu_4",20,19.8096326192624,19.6889135951704,19.9303516433544,0,0.0919999999999987
