"sim_id","n","method","component","mu_true","estimate","lower","upper","covered","elapsed_seconds"
399,1000,"Gibbs","mu_1",0,0.089764327011767,-0.0442908350136494,0.226120418643735,1,53.126
399,1000,"Gibbs","mu_2",5,4.85604248739231,4.72617654223752,4.98790174621179,0,53.126
399,1000,"Gibbs","mu_3",10,9.93865924875749,9.80837513453115,10.0672877867565,1,53.126
399,1000,"Gibbs","mu_4",20,20.0081845910748,19.883784678013,20.1312358763332,1,53.126
399,1000,"VI","mu_1",0,-6.06325102071588e-16,-19.6,19.6,1,0.120000000000005
399,1000,"VI","mu_2",5,2.12513184662603,2.03111354750865,2.21915014574342,0,0.120000000000005
399,1000,"VI","mu_3",10,9.1826058310283,9.07153122216315,9.29368043989345,0,0.120000000000005
399,1000,"VI","mu_4",20,20.0066281757649,19.8836609273941,20.1295954241357,1,0.120000000000005
