"sim_id","n","method","component","mu_true","estimate","lower","upper","covered","elapsed_seconds"
203,1000,"Gibbs","mu_1",0,-0.0531654359611045,-0.176336830180605,0.0745600705487593,1,52.729
203,1000,"Gibbs","mu_2",5,5.02668720278384,4.89460443970712,5.1601845530425,1,52.729
203,1000,"Gibbs","mu_3",10,10.0146060921874,9.88142542210891,10.1463195609626,1,52.729
203,1000,"Gibbs","mu_4",20,20.0378306509671,19.9150397723635,20.1579243959344,1,52.729
203,1000,"VI","mu_1",0,-3.45455087246951e-18,-19.6,19.6,1,0.112000000000002
203,1000,"VI","mu_2",5,0.52511996981554,0.412953233887068,0.637286705744012,0,0.112000000000002
203,1000,"VI","mu_3",10,7.81002820515398,7.71634153200695,7.90371487830101,0,0.112000000000002
203,1000,"VI","mu_4",20,20.0379363578574,19.9156772955515,20.1601954201634,1,0.112000000000002
