"sim_id","n","method","component","mu_true","estimate","lower","upper","covered","elapsed_seconds"
267,1000,"Gibbs","mu_1",0,0.0126772429094595,-0.120020745082396,0.142987954480856,1,52.826
267,1000,"Gibbs","mu_2",5,5.01080520548501,4.87067329003527,5.14897707615939,1,52.826
267,1000,"Gibbs","mu_3",10,9.97305472746874,9.84811521958853,10.0934692497589,1,52.826
267,1000,"Gibbs","mu_4",20,19.9863720256715,19.8640770577776,20.1070393874019,1,52.826
267,1000,"VI","mu_1",0,-1.47537931865774e-07,-19.599999589636,19.5999992945601,1,0.0900000000000034
267,1000,"VI","mu_2",5,-1.47537931865774e-07,-19.599999589636,19.5999992945601,1,0.0900000000000034
267,1000,"VI","mu_3",10,5.23080618043897,5.15855173563966,5.30306062523828,0,0.0900000000000034
267,1000,"VI","mu_4",20,19.9810865127905,19.8604981036565,20.1016749219244,1,0.0900000000000034
