"sim_id","n","method","component","mu_true","estimate","lower","upper","covered","elapsed_seconds"
337,1000,"Gibbs","mu_1",0,-0.143659566698457,-0.276639383238913,-0.0153234902919618,0,53.681
337,1000,"Gibbs","mu_2",5,5.01782982325324,4.89110351241738,5.14775184907201,1,53.681
337,1000,"Gibbs","mu_3",10,9.87009799109238,9.73491773447685,10.0025663922794,1,53.681
337,1000,"Gibbs","mu_4",20,20.0514283549353,19.9240325309806,20.1768607652251,1,53.681
337,1000,"VI","mu_1",0,-5.34400543572992e-18,-19.6,19.6,1,0.142000000000003
337,1000,"VI","mu_2",5,0.630542427626339,0.516888708199552,0.744196147053125,0,0.142000000000003
337,1000,"VI","mu_3",10,7.7682241176268,7.67516652396269,7.86128171129092,0,0.142000000000003
337,1000,"VI","mu_4",20,20.0518106657041,19.9300245461962,20.1735967852119,1,0.142000000000003
