"sim_id","n","method","component","mu_true","estimate","lower","upper","covered","elapsed_seconds"
113,1000,"Gibbs","mu_1",0,-0.0984102599863346,-0.221792172745946,0.0272195123320673,1,52.731
113,1000,"Gibbs","mu_2",5,5.10076742954116,4.96964368438987,5.22723718747055,1,52.731
113,1000,"Gibbs","mu_3",10,10.0146211676702,9.89134343790909,10.1374517054228,1,52.731
113,1000,"Gibbs","mu_4",20,19.9197938755865,19.7854065959585,20.0519531401171,1,52.731
113,1000,"VI","mu_1",0,-0.0984830960715243,-0.220613524259252,0.023647332116204,1,0.0770000000000053
113,1000,"VI","mu_2",5,5.10097885525938,4.98019512680577,5.221762583713,1,0.0770000000000053
113,1000,"VI","mu_3",10,10.0139280718409,9.89467969728594,10.1331764463959,1,0.0770000000000053
113,1000,"VI","mu_4",20,19.9204593492163,19.7848865576287,20.0560321408039,1,0.0770000000000053
