"sim_id","n","method","component","mu_true","estimate","lower","upper","covered","elapsed_seconds"
188,1000,"Gibbs","mu_1",0,0.0796998849421187,-0.049426410557876,0.206795516315245,1,53.211
188,1000,"Gibbs","mu_2",5,5.14846939834695,5.00800665346858,5.28921785088597,0,53.211
188,1000,"Gibbs","mu_3",10,9.94873298505243,9.82819224592509,10.0721305104459,1,53.211
188,1000,"Gibbs","mu_4",20,20.0341725286402,19.9066807931533,20.1603846608285,1,53.211
188,1000,"VI","mu_1",0,-2.37937912476077e-17,-19.6,19.6,1,0.268999999999998
188,1000,"VI","mu_2",5,1.32486276646325,1.22184153134646,1.42788400158004,0,0.268999999999998
188,1000,"VI","mu_3",10,8.6678192759065,8.56958095761184,8.76605759420116,0,0.268999999999998
188,1000,"VI","mu_4",20,20.0351023054713,19.9085874851931,20.1616171257494,1,0.268999999999998
