"sim_id","n","method","component","mu_true","estimate","lower","upper","covered","elapsed_seconds"
49,1000,"Gibbs","mu_1",0,-0.0955005175133204,-0.222639942832821,0.0349180815445201,1,52.793
49,1000,"Gibbs","mu_2",5,4.91794364053707,4.77657870974541,5.06016343502302,1,52.793
49,1000,"Gibbs","mu_3",10,9.94894791630249,9.82886073412642,10.0670167980062,1,52.793
49,1000,"Gibbs","mu_4",20,19.9406813606193,19.8160763428585,20.0655873872504,1,52.793
49,1000,"VI","mu_1",0,-1.68401892179157e-16,-19.6,19.6,1,0.201000000000001
49,1000,"VI","mu_2",5,1.67494398025867,1.57843316179386,1.77145479872348,0,0.201000000000001
49,1000,"VI","mu_3",10,9.21828081915885,9.1126937684286,9.3238678698891,0,0.201000000000001
49,1000,"VI","mu_4",20,19.9396602716452,19.8139288000645,20.0653917432258,1,0.201000000000001
