"sim_id","n","method","component","mu_true","estimate","lower","upper","covered","elapsed_seconds"
232,1000,"Gibbs","mu_1",0,0.0906955068253374,-0.0308837391829499,0.212702366259561,1,53.51
232,1000,"Gibbs","mu_2",5,5.00923850012278,4.87625403304003,5.14039560295057,1,53.51
232,1000,"Gibbs","mu_3",10,10.1416591575184,10.0111262796233,10.2714961907465,0,53.51
232,1000,"Gibbs","mu_4",20,20.1182227312068,19.9908611290534,20.2483001978499,1,53.51
232,1000,"VI","mu_1",0,0.0907576110690708,-0.0264411821286205,0.207956404266762,1,0.0620000000000047
232,1000,"VI","mu_2",5,5.00929541381896,4.88667819442221,5.13191263321571,1,0.0620000000000047
232,1000,"VI","mu_3",10,10.1409997900398,10.0133704010657,10.2686291790139,0,0.0620000000000047
232,1000,"VI","mu_4",20,20.1178692034432,19.9883515856188,20.2473868212677,1,0.0620000000000047
