"sim_id","n","method","component","mu_true","estimate","lower","upper","covered","elapsed_seconds"
246,1000,"Gibbs","mu_1",0,0.0272193631125365,-0.108911561425974,0.162206612656305,1,53.313
246,1000,"Gibbs","mu_2",5,5.0273712251261,4.8962781675052,5.16005654890299,1,53.313
246,1000,"Gibbs","mu_3",10,9.9877144475099,9.85692578653484,10.1195562982913,1,53.313
246,1000,"Gibbs","mu_4",20,19.9737291388991,19.8547981504886,20.0935650746461,1,53.313
246,1000,"VI","mu_1",0,-1.36562587478492e-16,-19.6,19.6,1,0.204000000000001
246,1000,"VI","mu_2",5,1.82028049701612,1.72030402365017,1.92025697038208,0,0.204000000000001
246,1000,"VI","mu_3",10,8.81809970539836,8.71313505451251,8.92306435628421,0,0.204000000000001
246,1000,"VI","mu_4",20,19.9741968332867,19.8542490274525,20.0941446391209,1,0.204000000000001
