"sim_id","n","method","component","mu_true","estimate","lower","upper","covered","elapsed_seconds"
25,1000,"Gibbs","mu_1",0,-0.0375237113836708,-0.156339184685042,0.083270790614954,1,53.084
25,1000,"Gibbs","mu_2",5,4.95460357721447,4.81967246150294,5.09338719730976,1,53.084
25,1000,"Gibbs","mu_3",10,10.0481347832497,9.91780878193468,10.1811770899773,1,53.084
25,1000,"Gibbs","mu_4",20,19.9660275410439,19.8424420626051,20.087464189284,1,53.084
25,1000,"VI","mu_1",0,-1.51249495820288e-16,-19.6,19.6,1,0.208999999999996
25,1000,"VI","mu_2",5,1.36871344935196,1.27161508263222,1.46581181607171,0,0.208999999999996
25,1000,"VI","mu_3",10,8.82927410744136,8.72243584237791,8.93611237250482,0,0.208999999999996
25,1000,"VI","mu_4",20,19.9664986816638,19.8440010741718,20.0889962891557,1,0.208999999999996
