"sim_id","n","method","component","mu_true","estimate","lower","upper","covered","elapsed_seconds"
169,1000,"Gibbs","mu_1",0,-0.0803373050297314,-0.209717905284136,0.0450389850981215,1,52.752
169,1000,"Gibbs","mu_2",5,5.04575051502556,4.92051123048376,5.17068387282462,1,52.752
169,1000,"Gibbs","mu_3",10,9.92918875321074,9.79090757816521,10.067173645899,1,52.752
169,1000,"Gibbs","mu_4",20,19.9548285769024,19.8340613159414,20.0728369916172,1,52.752
169,1000,"VI","mu_1",0,-0.0805344628807582,-0.203415122800396,0.0423461970388796,1,0.103000000000002
169,1000,"VI","mu_2",5,5.04696788872913,4.92684994620191,5.16708583125635,1,0.103000000000002
169,1000,"VI","mu_3",10,9.9287359648784,9.79579256466156,10.0616793650953,1,0.103000000000002
169,1000,"VI","mu_4",20,19.9555470449211,19.8344601512076,20.0766339386346,1,0.103000000000002
