"sim_id","n","method","component","mu_true","estimate","lower","upper","covered","elapsed_seconds"
10,1000,"Gibbs","mu_1",0,-0.127269626600347,-0.257690310652744,0.00515033541080257,1,52.896
10,1000,"Gibbs","mu_2",5,5.02359081412444,4.88660675188319,5.16404313667351,1,52.896
10,1000,"Gibbs","mu_3",10,10.0500958134274,9.91999815389858,10.1776399871169,1,52.896
10,1000,"Gibbs","mu_4",20,20.0285454008667,19.9072955833503,20.1501125980977,1,52.896
10,1000,"VI","mu_1",0,-3.68042842992301e-17,-19.6,19.6,1,0.232000000000006
10,1000,"VI","mu_2",5,1.09603414288584,0.991724698313384,1.20034358745829,0,0.232000000000006
10,1000,"VI","mu_3",10,8.47683821405046,8.37758297336594,8.57609345473498,0,0.232000000000006
10,1000,"VI","mu_4",20,20.0286963488007,19.9064372865172,20.1509554110842,1,0.232000000000006
