"sim_id","n","method","component","mu_true","estimate","lower","upper","covered","elapsed_seconds"
360,1000,"Gibbs","mu_1",0,-0.0571856358196964,-0.195151734326883,0.0797878084267634,1,53.042
360,1000,"Gibbs","mu_2",5,4.92610487216459,4.78748235778777,5.06545204875487,1,53.042
360,1000,"Gibbs","mu_3",10,9.8730836052134,9.74625615389138,9.99730890563283,0,53.042
360,1000,"Gibbs","mu_4",20,19.9304356930976,19.8147385073972,20.0480884341181,1,53.042
360,1000,"VI","mu_1",0,-0.0573133074891512,-0.190215382027663,0.0755887670493605,1,0.0840000000000032
360,1000,"VI","mu_2",5,4.92641974028316,4.79904512967147,5.05379435089485,1,0.0840000000000032
360,1000,"VI","mu_3",10,9.87328656465347,9.75237135560123,9.99420177370571,0,0.0840000000000032
360,1000,"VI","mu_4",20,19.9309088277279,19.8144009796895,20.0474166757663,1,0.0840000000000032
