"sim_id","n","method","component","mu_true","estimate","lower","upper","covered","elapsed_seconds"
371,1000,"Gibbs","mu_1",0,-0.0542762122218591,-0.177862385029567,0.0671737320074922,1,52.899
371,1000,"Gibbs","mu_2",5,4.9775745025646,4.84675763900018,5.10718719703395,1,52.899
371,1000,"Gibbs","mu_3",10,10.0260347552429,9.90131595247957,10.1475668198658,1,52.899
371,1000,"Gibbs","mu_4",20,19.9226072829455,19.7908431696067,20.0554061776974,1,52.899
371,1000,"VI","mu_1",0,-6.803376820922e-14,-19.5999999999998,19.5999999999997,1,0.0940000000000012
371,1000,"VI","mu_2",5,-6.803376820922e-14,-19.5999999999998,19.5999999999997,1,0.0940000000000012
371,1000,"VI","mu_3",10,2.87126352877176,2.78751932428878,2.95500773325474,0,0.0940000000000012
371,1000,"VI","mu_4",20,15.0131854911067,14.9210197681483,15.1053512140651,0,0.0940000000000012
