"sim_id","n","method","component","mu_true","estimate","lower","upper","covered","elapsed_seconds"
187,1000,"Gibbs","mu_1",0,0.0631849479284221,-0.0635849128268732,0.191362666967733,1,53.218
187,1000,"Gibbs","mu_2",5,5.02599501299321,4.89746371374213,5.15104911130583,1,53.218
187,1000,"Gibbs","mu_3",10,10.0543352927424,9.92284751448618,10.1863738919151,1,53.218
187,1000,"Gibbs","mu_4",20,20.0562066746966,19.9281751758887,20.1805951839194,1,53.218
187,1000,"VI","mu_1",0,-1.63002617263976e-08,-19.5999999572314,19.5999999246308,1,0.0869999999999962
187,1000,"VI","mu_2",5,-1.63002617263976e-08,-19.5999999572314,19.5999999246308,1,0.0869999999999962
187,1000,"VI","mu_3",10,4.98222899094301,4.91101651834778,5.05344146353823,0,0.0869999999999962
187,1000,"VI","mu_4",20,20.0122043956499,19.8863381064115,20.1380706848883,1,0.0869999999999962
