"sim_id","n","method","component","mu_true","estimate","lower","upper","covered","elapsed_seconds"
334,1000,"Gibbs","mu_1",0,0.0688952367119428,-0.0561528527435041,0.19175467379793,1,53.167
334,1000,"Gibbs","mu_2",5,5.03810934286514,4.90480082963712,5.17088253782148,1,53.167
334,1000,"Gibbs","mu_3",10,9.94989442297677,9.82192942144598,10.0776153638965,1,53.167
334,1000,"Gibbs","mu_4",20,20.0185023261565,19.8916339277949,20.1459478344558,1,53.167
334,1000,"VI","mu_1",0,-1.79408657357835e-17,-19.6,19.6,1,0.179000000000002
334,1000,"VI","mu_2",5,1.11002882896545,1.00674914528166,1.21330851264924,0,0.179000000000002
334,1000,"VI","mu_3",10,8.34030792344746,8.24229210361186,8.43832374328306,0,0.179000000000002
334,1000,"VI","mu_4",20,20.0188382457222,19.8923234258281,20.1453530656163,1,0.179000000000002
