"sim_id","n","method","component","mu_true","estimate","lower","upper","covered","elapsed_seconds"
65,1000,"Gibbs","mu_1",0,-0.0574711816433673,-0.181434658355037,0.0682075888889956,1,52.978
65,1000,"Gibbs","mu_2",5,5.0222741848538,4.88286624484788,5.1580648831915,1,52.978
65,1000,"Gibbs","mu_3",10,9.87012874047943,9.74305073673127,9.99457632965424,0,52.978
65,1000,"Gibbs","mu_4",20,19.893303362431,19.7713816038871,20.0183614735235,1,52.978
65,1000,"VI","mu_1",0,-8.9644581849464e-18,-19.6,19.6,1,0.137
65,1000,"VI","mu_2",5,0.929483603046904,0.822620677354028,1.03634652873978,0,0.137
65,1000,"VI","mu_3",10,8.28597469668025,8.18994913942007,8.38200025394044,0,0.137
65,1000,"VI","mu_4",20,19.893074311212,19.7683650223048,20.0177836001193,1,0.137
