"sim_id","n","method","component","mu_true","estimate","lower","upper","covered","elapsed_seconds"
396,1000,"Gibbs","mu_1",0,0.0102360978918848,-0.124390565681303,0.143027510891739,1,53.111
396,1000,"Gibbs","mu_2",5,4.95386845328338,4.82505357284528,5.08187198568371,1,53.111
396,1000,"Gibbs","mu_3",10,10.0927544792217,9.95906859592363,10.222441755566,1,53.111
396,1000,"Gibbs","mu_4",20,20.0943289274825,19.9790197903763,20.2111769484151,1,53.111
396,1000,"VI","mu_1",0,-8.13437406667494e-07,-19.5999983182794,19.5999966914046,1,0.0799999999999983
396,1000,"VI","mu_2",5,-8.13437406667494e-07,-19.5999983182794,19.5999966914046,1,0.0799999999999983
396,1000,"VI","mu_3",10,5.11415403031648,5.04125601198504,5.18705204864792,0,0.0799999999999983
396,1000,"VI","mu_4",20,20.0665229126759,19.9487825520792,20.1842632732725,1,0.0799999999999983
