"sim_id","n","method","component","mu_true","estimate","lower","upper","covered","elapsed_seconds"
146,1000,"Gibbs","mu_1",0,-0.0327644562552819,-0.160568156944825,0.0918358006944911,1,53.398
146,1000,"Gibbs","mu_2",5,4.87189840369851,4.73619727360213,5.00634449523054,1,53.398
146,1000,"Gibbs","mu_3",10,10.080898866348,9.95266627828271,10.2074385908503,1,53.398
146,1000,"Gibbs","mu_4",20,20.1072907086677,19.9838390216159,20.2310699696807,1,53.398
146,1000,"VI","mu_1",0,-9.67444963245548e-17,-19.6,19.6,1,0.119999999999997
146,1000,"VI","mu_2",5,1.67407368251603,1.57860040378109,1.76954696125097,0,0.119999999999997
146,1000,"VI","mu_3",10,9.20672350049809,9.09656378708686,9.31688321390932,0,0.119999999999997
146,1000,"VI","mu_4",20,20.1062866272939,19.9851997337002,20.2273735208875,1,0.119999999999997
