"sim_id","n","method","component","mu_true","estimate","lower","upper","covered","elapsed_seconds"
362,1000,"Gibbs","mu_1",0,0.0656064830917418,-0.0609367185941866,0.191691423311494,1,53.045
362,1000,"Gibbs","mu_2",5,4.95419884990417,4.82648624074875,5.08161968411102,1,53.045
362,1000,"Gibbs","mu_3",10,10.0076752777509,9.87365008931461,10.1432450843143,1,53.045
362,1000,"Gibbs","mu_4",20,19.9777986669783,19.8522181190043,20.1028381658108,1,53.045
362,1000,"VI","mu_1",0,0.0662151247416911,-0.0559083274327155,0.188338576916098,1,0.0670000000000002
362,1000,"VI","mu_2",5,4.95283691406136,4.83308033787004,5.07259349025268,1,0.0670000000000002
362,1000,"VI","mu_3",10,10.0070903979441,9.87966323175334,10.1345175641349,1,0.0670000000000002
362,1000,"VI","mu_4",20,19.9773538958044,19.8503086349803,20.1043991566286,1,0.0670000000000002
