"sim_id","n","method","component","mu_true","estimate","lower","upper","covered","elapsed_seconds"
356,1000,"Gibbs","mu_1",0,-0.0415079996985861,-0.172403209421703,0.0856951081250622,1,53.178
356,1000,"Gibbs","mu_2",5,4.91127307505305,4.77943681524137,5.04223150364928,1,53.178
356,1000,"Gibbs","mu_3",10,10.0033556621958,9.87539698136553,10.1345826903797,1,53.178
356,1000,"Gibbs","mu_4",20,19.8879161525855,19.767345105455,20.0053028001976,1,53.178
356,1000,"VI","mu_1",0,-0.0402589694998475,-0.166268838978767,0.0857508999790716,1,0.0820000000000007
356,1000,"VI","mu_2",5,4.91183192583672,4.78691452717966,5.03674932449377,1,0.0820000000000007
356,1000,"VI","mu_3",10,10.0033220429024,9.87782144995183,10.1288226358529,1,0.0820000000000007
356,1000,"VI","mu_4",20,19.887814477427,19.7680906556276,20.0075382992265,1,0.0820000000000007
