"sim_id","n","method","component","mu_true","estimate","lower","upper","covered","elapsed_seconds"
326,1000,"Gibbs","mu_1",0,0.152247792878591,0.0190052156248125,0.284305666591724,0,52.824
326,1000,"Gibbs","mu_2",5,5.03603197753058,4.90743282728075,5.16428686998136,1,52.824
326,1000,"Gibbs","mu_3",10,9.98846622616545,9.85837507689222,10.114719550596,1,52.824
326,1000,"Gibbs","mu_4",20,19.9100863497788,19.7837877987029,20.0347758194006,1,52.824
326,1000,"VI","mu_1",0,-2.98361319964206e-09,-19.5999999875395,19.5999999815723,1,0.0830000000000055
326,1000,"VI","mu_2",5,-2.98361319964206e-09,-19.5999999875395,19.5999999815723,1,0.0830000000000055
326,1000,"VI","mu_3",10,5.11379175787546,5.04234244808196,5.18524106766896,0,0.0830000000000055
326,1000,"VI","mu_4",20,19.8161859579514,19.6916010430075,19.9407708728953,0,0.0830000000000055
