"sim_id","n","method","component","mu_true","estimate","lower","upper","covered","elapsed_seconds"
373,1000,"Gibbs","mu_1",0,-0.0250413229613104,-0.15388303511822,0.104328611669134,1,52.923
373,1000,"Gibbs","mu_2",5,5.02290100022076,4.88483468134554,5.15669938574814,1,52.923
373,1000,"Gibbs","mu_3",10,9.79671746562246,9.67001788208384,9.92544801025215,0,52.923
373,1000,"Gibbs","mu_4",20,19.9367681262872,19.8115948096412,20.0628765122133,1,52.923
373,1000,"VI","mu_1",0,-2.68940839103457e-08,-19.5999999325565,19.5999998787683,1,0.0819999999999936
373,1000,"VI","mu_2",5,-2.68940839103457e-08,-19.5999999325565,19.5999998787683,1,0.0819999999999936
373,1000,"VI","mu_3",10,4.96764963282063,4.89631608174679,5.03898318389447,0,0.0819999999999936
373,1000,"VI","mu_4",20,19.8785032375519,19.7532985336199,20.003707941484,1,0.0819999999999936
