"sim_id","n","method","component","mu_true","estimate","lower","upper","covered","elapsed_seconds"
29,1000,"Gibbs","mu_1",0,0.161571159412493,0.0333172020101685,0.287945928237249,0,53.229
29,1000,"Gibbs","mu_2",5,5.04303928437188,4.91286313418822,5.16900463356728,1,53.229
29,1000,"Gibbs","mu_3",10,10.0666442934919,9.9380156784306,10.2009219946123,1,53.229
29,1000,"Gibbs","mu_4",20,19.9224707272155,19.7972464399217,20.0477150869311,1,53.229
29,1000,"VI","mu_1",0,-1.37086037632724e-16,-19.6,19.6,1,0.345999999999997
29,1000,"VI","mu_2",5,1.73998901515858,1.64152679724925,1.83845123306791,0,0.345999999999997
29,1000,"VI","mu_3",10,8.75471423492574,8.65109123820683,8.85833723164464,0,0.345999999999997
29,1000,"VI","mu_4",20,19.9230849156016,19.7981224287407,20.0480474024626,1,0.345999999999997
