"sim_id","n","method","component","mu_true","estimate","lower","upper","covered","elapsed_seconds"
408,1000,"Gibbs","mu_1",0,-0.0738234192204988,-0.193942983944703,0.04361387844586,1,53.229
408,1000,"Gibbs","mu_2",5,5.0136324018909,4.88280605665634,5.14641031210766,1,53.229
408,1000,"Gibbs","mu_3",10,9.95358260703946,9.813627007044,10.0960356939238,1,53.229
408,1000,"Gibbs","mu_4",20,19.9676046545055,19.8437032458781,20.0906978411154,1,53.229
408,1000,"VI","mu_1",0,-4.3631763649612e-18,-19.6,19.6,1,0.119999999999997
408,1000,"VI","mu_2",5,0.562002788676136,0.454501927632371,0.669503649719902,0,0.119999999999997
408,1000,"VI","mu_3",10,7.81164660863564,7.71561883010177,7.90767438716951,0,0.119999999999997
408,1000,"VI","mu_4",20,19.9681641883319,19.8444525496841,20.0918758269798,1,0.119999999999997
