"sim_id","n","method","component","mu_true","estimate","lower","upper","covered","elapsed_seconds"
359,1000,"Gibbs","mu_1",0,-0.0734987684907462,-0.204054365305935,0.0571216989417249,1,52.681
359,1000,"Gibbs","mu_2",5,4.97302891146624,4.83733268935888,5.10983535319211,1,52.681
359,1000,"Gibbs","mu_3",10,9.99059125348796,9.85774337238969,10.1250613896288,1,52.681
359,1000,"Gibbs","mu_4",20,20.0572741095226,19.942063707773,20.172438854908,1,52.681
359,1000,"VI","mu_1",0,-9.58362947252936e-18,-19.6,19.6,1,0.18
359,1000,"VI","mu_2",5,0.839555657544318,0.728693180171926,0.950418134916711,0,0.18
359,1000,"VI","mu_3",10,8.1084860299347,8.00992424073508,8.20704781913431,0,0.18
359,1000,"VI","mu_4",20,20.0566210992623,19.941922739013,20.1713194595115,1,0.18
