"sim_id","n","method","component","mu_true","estimate","lower","upper","covered","elapsed_seconds"
421,1000,"Gibbs","mu_1",0,0.0133869574741816,-0.112678518865081,0.140563410870096,1,53.04
421,1000,"Gibbs","mu_2",5,4.9878619818266,4.84962986058694,5.12253963083942,1,53.04
421,1000,"Gibbs","mu_3",10,9.98317513603185,9.85588254119989,10.1108522893202,1,53.04
421,1000,"Gibbs","mu_4",20,19.9345974250882,19.8159815218997,20.0553204343756,1,53.04
421,1000,"VI","mu_1",0,-2.95666019027954e-17,-19.6,19.6,1,0.289000000000001
421,1000,"VI","mu_2",5,1.28008712514824,1.17748705216192,1.38268719813455,0,0.289000000000001
421,1000,"VI","mu_3",10,8.66469054623693,8.56211124906932,8.76726984340454,0,0.289000000000001
421,1000,"VI","mu_4",20,19.9346134640947,19.8153338715434,20.053893056646,1,0.289000000000001
