"sim_id","n","method","component","mu_true","estimate","lower","upper","covered","elapsed_seconds"
443,1000,"Gibbs","mu_1",0,-0.0471354488377574,-0.171239727444121,0.0779847891856619,1,52.639
443,1000,"Gibbs","mu_2",5,5.04748947534728,4.92139062361961,5.17485806251734,1,52.639
443,1000,"Gibbs","mu_3",10,9.92205966719489,9.7891384487515,10.0556403603802,1,52.639
443,1000,"Gibbs","mu_4",20,20.0309137993592,19.9064243939519,20.1533163891231,1,52.639
443,1000,"VI","mu_1",0,-3.81692826026695e-18,-19.6,19.6,1,0.119
443,1000,"VI","mu_2",5,0.568163214389854,0.456769369490359,0.679557059289349,0,0.119
443,1000,"VI","mu_3",10,7.75834229949659,7.66526483945129,7.8514197595419,0,0.119
443,1000,"VI","mu_4",20,20.0310782266747,19.9063689376784,20.155787515671,1,0.119
