"sim_id","n","method","component","mu_true","estimate","lower","upper","covered","elapsed_seconds"
341,1000,"Gibbs","mu_1",0,0.00185655491955164,-0.125908273353553,0.128557004273382,1,53.409
341,1000,"Gibbs","mu_2",5,4.89741115817526,4.7673505468545,5.02459149860411,1,53.409
341,1000,"Gibbs","mu_3",10,9.97670043532948,9.84834309562838,10.1026850834425,1,53.409
341,1000,"Gibbs","mu_4",20,19.9043494781722,19.7813829760531,20.0307315289313,1,53.409
341,1000,"VI","mu_1",0,-1.2863603903767e-16,-19.6,19.6,1,0.190999999999995
341,1000,"VI","mu_2",5,1.74635778125746,1.65062061706866,1.84209494544626,0,0.190999999999995
341,1000,"VI","mu_3",10,8.96585313941176,8.85922549520408,9.07248078361944,0,0.190999999999995
341,1000,"VI","mu_4",20,19.9047173174667,19.7789858458873,20.0304487890461,1,0.190999999999995
