"sim_id","n","method","component","mu_true","estimate","lower","upper","covered","elapsed_seconds"
101,1000,"Gibbs","mu_1",0,0.125638318990617,0.00411485098472885,0.244493377680279,0,52.975
101,1000,"Gibbs","mu_2",5,4.96752873053971,4.82367773166324,5.109171203812,1,52.975
101,1000,"Gibbs","mu_3",10,9.9576609291302,9.82964971973923,10.0841309250855,1,52.975
101,1000,"Gibbs","mu_4",20,20.0755266651276,19.9509722212226,20.1996781339406,1,52.975
101,1000,"VI","mu_1",0,0.126262853601759,0.00845092263714642,0.244074784566372,0,0.0889999999999986
101,1000,"VI","mu_2",5,4.96614783278824,4.83686350368879,5.09543216188768,1,0.0889999999999986
101,1000,"VI","mu_3",10,9.95767345855613,9.83356650694248,10.0817804101698,1,0.0889999999999986
101,1000,"VI","mu_4",20,20.0755259738284,19.950052402647,20.2009995450099,1,0.0889999999999986
