"sim_id","n","method","component","mu_true","estimate","lower","upper","covered","elapsed_seconds"
215,1000,"Gibbs","mu_1",0,0.0502177904728263,-0.0849704490851085,0.186458938163375,1,52.881
215,1000,"Gibbs","mu_2",5,5.01414498911235,4.88811398332871,5.13666405825125,1,52.881
215,1000,"Gibbs","mu_3",10,10.0412287386117,9.90786996220825,10.1747756088458,1,52.881
215,1000,"Gibbs","mu_4",20,19.9003072349135,19.7758682036748,20.0203666582697,1,52.881
215,1000,"VI","mu_1",0,-4.58444318049161e-16,-19.6,19.6,1,0.305999999999997
215,1000,"VI","mu_2",5,2.06406628479812,1.96862710558078,2.15950546401546,0,0.305999999999997
215,1000,"VI","mu_3",10,9.02121568188867,8.91169366201407,9.13073770176326,0,0.305999999999997
215,1000,"VI","mu_4",20,19.8999453134865,19.777923789511,20.021966837462,1,0.305999999999997
