"sim_id","n","method","component","mu_true","estimate","lower","upper","covered","elapsed_seconds"
411,1000,"Gibbs","mu_1",0,0.0937781744335796,-0.0341455888116136,0.224811509936272,1,53.302
411,1000,"Gibbs","mu_2",5,5.0443109316053,4.91512951666867,5.17390462005329,1,53.302
411,1000,"Gibbs","mu_3",10,10.0276522803275,9.89914065263877,10.1582797251819,1,53.302
411,1000,"Gibbs","mu_4",20,20.0569888197024,19.9288855610952,20.1826414190472,1,53.302
411,1000,"VI","mu_1",0,-1.04843657238385e-07,-19.5999997499101,19.5999995402228,1,0.088000000000001
411,1000,"VI","mu_2",5,-1.04843657238385e-07,-19.5999997499101,19.5999995402228,1,0.088000000000001
411,1000,"VI","mu_3",10,5.02751423929467,4.95595227502698,5.09907620356237,0,0.088000000000001
411,1000,"VI","mu_4",20,19.9150421996857,19.791048877093,20.0390355222784,1,0.088000000000001
