"sim_id","n","method","component","mu_true","estimate","lower","upper","covered","elapsed_seconds"
20,1000,"Gibbs","mu_1",0,-0.0340502203749345,-0.158415238499235,0.0923613825826497,1,53.268
20,1000,"Gibbs","mu_2",5,5.08966858850903,4.95637292176638,5.22787105421423,1,53.268
20,1000,"Gibbs","mu_3",10,9.95252784079429,9.82378419286045,10.0852770875599,1,53.268
20,1000,"Gibbs","mu_4",20,20.0796188324881,19.957761787999,20.1997137735215,1,53.268
20,1000,"VI","mu_1",0,-4.80499835669273e-18,-19.6,19.6,1,0.114000000000004
20,1000,"VI","mu_2",5,0.562461781399538,0.450902713335595,0.674020849463481,0,0.114000000000004
20,1000,"VI","mu_3",10,7.98039674926861,7.88569466044866,8.07509883808856,0,0.114000000000004
20,1000,"VI","mu_4",20,20.0793596239885,19.9585031452022,20.2002161027748,1,0.114000000000004
