"sim_id","n","method","component","mu_true","estimate","lower","upper","covered","elapsed_seconds"
328,1000,"Gibbs","mu_1",0,-0.036374825140727,-0.162010253091614,0.0880538920059656,1,53.25
328,1000,"Gibbs","mu_2",5,4.97967398339079,4.84930319074465,5.10957252907877,1,53.25
328,1000,"Gibbs","mu_3",10,10.1594849122655,10.0339080183713,10.2839874371098,0,53.25
328,1000,"Gibbs","mu_4",20,19.912943637188,19.7857606364608,20.0364965795121,1,53.25
328,1000,"VI","mu_1",0,-1.90614278261078e-16,-19.6,19.6,1,0.152000000000001
328,1000,"VI","mu_2",5,1.64626969382928,1.54974531990751,1.74279406775106,0,0.152000000000001
328,1000,"VI","mu_3",10,9.01460437340768,8.90810409121998,9.12110465559538,0,0.152000000000001
328,1000,"VI","mu_4",20,19.9126844579858,19.788476998984,20.0368919169876,1,0.152000000000001
