"sim_id","n","method","component","mu_true","estimate","lower","upper","covered","elapsed_seconds"
33,1000,"Gibbs","mu_1",0,-0.0650841155716484,-0.199546909307436,0.0693651541738931,1,52.932
33,1000,"Gibbs","mu_2",5,5.07309906223242,4.94213567186198,5.21093165883151,1,52.932
33,1000,"Gibbs","mu_3",10,9.96463336956393,9.83691599166076,10.0886745819716,1,52.932
33,1000,"Gibbs","mu_4",20,19.9920148942847,19.8690887891162,20.1124507680437,1,52.932
33,1000,"VI","mu_1",0,-0.0647350836995792,-0.193865103109693,0.0643949357105342,1,0.0769999999999982
33,1000,"VI","mu_2",5,5.0732209271119,4.94753405652065,5.19890779770315,1,0.0769999999999982
33,1000,"VI","mu_3",10,9.96375629800437,9.8430032224309,10.0845093735778,1,0.0769999999999982
33,1000,"VI","mu_4",20,19.9918069751417,19.8709504952554,20.112663455028,1,0.0769999999999982
