"sim_id","n","method","component","mu_true","estimate","lower","upper","covered","elapsed_seconds"
319,1000,"Gibbs","mu_1",0,0.0791881012024631,-0.049728845634719,0.205607196105307,1,52.948
319,1000,"Gibbs","mu_2",5,4.97626892958251,4.84603043984119,5.11013338956675,1,52.948
319,1000,"Gibbs","mu_3",10,9.99165764084416,9.86348456408541,10.1184349981108,1,52.948
319,1000,"Gibbs","mu_4",20,20.0123660299636,19.8848123569745,20.1415616983132,1,52.948
319,1000,"VI","mu_1",0,-2.12132372990582e-08,-19.5999999426984,19.5999999002719,1,0.0940000000000012
319,1000,"VI","mu_2",5,-2.12132372990582e-08,-19.5999999426984,19.5999999002719,1,0.0940000000000012
319,1000,"VI","mu_3",10,5.00499715757277,4.93394497094898,5.07604934419656,0,0.0940000000000012
319,1000,"VI","mu_4",20,19.9549316205705,19.8281677994083,20.0816954417327,1,0.0940000000000012
