"sim_id","n","method","component","mu_true","estimate","lower","upper","covered","elapsed_seconds"
213,1000,"Gibbs","mu_1",0,0.633074102457742,0.470609554040714,0.800731645845771,0,52.956
213,1000,"Gibbs","mu_2",5,7.8704760437347,7.75222742573912,7.99346989480576,0,52.956
213,1000,"Gibbs","mu_3",10,19.8127822399326,19.5117832723155,20.0705964126723,0,52.956
213,1000,"Gibbs","mu_4",20,20.2374871133655,19.9795117147126,20.5381231708908,1,52.956
213,1000,"VI","mu_1",0,-4.64507557250167e-18,-19.6,19.6,1,0.113999999999997
213,1000,"VI","mu_2",5,0.629491591982567,0.518176865065414,0.740806318899719,0,0.113999999999997
213,1000,"VI","mu_3",10,7.86848370638029,7.77749178811241,7.95947562464818,0,0.113999999999997
213,1000,"VI","mu_4",20,20.0275451424295,19.8971707661864,20.1579195186727,1,0.113999999999997
