"sim_id","n","method","component","mu_true","estimate","lower","upper","covered","elapsed_seconds"
318,1000,"Gibbs","mu_1",0,-0.161520209662921,-0.305326086963408,-0.0179608581435867,0,52.813
318,1000,"Gibbs","mu_2",5,4.85826443700087,4.72797672261732,4.98329267018744,0,52.813
318,1000,"Gibbs","mu_3",10,9.9519135909867,9.82125737786818,10.0784130234991,1,52.813
318,1000,"Gibbs","mu_4",20,20.1166734903248,19.9969944489478,20.2334373139311,1,52.813
318,1000,"VI","mu_1",0,-3.62530298681066e-15,-19.6,19.6,1,0.155999999999999
318,1000,"VI","mu_2",5,2.26258179643679,2.1680277398482,2.35713585302539,0,0.155999999999999
318,1000,"VI","mu_3",10,9.38507175334179,9.26964443782509,9.50049906885849,0,0.155999999999999
318,1000,"VI","mu_4",20,20.1168942104213,20.0001799783059,20.2336084425367,0,0.155999999999999
