"sim_id","n","method","component","mu_true","estimate","lower","upper","covered","elapsed_seconds"
161,1000,"Gibbs","mu_1",0,-0.002891271852752,-0.13557631045041,0.128027952388897,1,53.305
161,1000,"Gibbs","mu_2",5,5.00308140095529,4.86813008651628,5.13663564823528,1,53.305
161,1000,"Gibbs","mu_3",10,10.0364015679446,9.90644707109428,10.1664430725965,1,53.305
161,1000,"Gibbs","mu_4",20,20.0347358251613,19.9110564107421,20.1542476903634,1,53.305
161,1000,"VI","mu_1",0,-3.9357565591711e-08,-19.5999998970977,19.5999998183825,1,0.0769999999999982
161,1000,"VI","mu_2",5,-3.9357565591711e-08,-19.5999998970977,19.5999998183825,1,0.0769999999999982
161,1000,"VI","mu_3",10,5.04683138914709,4.9747280714462,5.11893470684798,0,0.0769999999999982
161,1000,"VI","mu_4",20,19.9221706607713,19.8008712718586,20.043470049684,1,0.0769999999999982
