"sim_id","n","method","component","mu_true","estimate","lower","upper","covered","elapsed_seconds"
199,1000,"Gibbs","mu_1",0,0.014539719306716,-0.116848152256263,0.144708923488605,1,52.814
199,1000,"Gibbs","mu_2",5,5.01370184111719,4.88144198813125,5.14593469628962,1,52.814
199,1000,"Gibbs","mu_3",10,10.1243007420149,9.99687710465197,10.2541423873007,1,52.814
199,1000,"Gibbs","mu_4",20,20.0422092804478,19.9179120438058,20.1705892897668,1,52.814
199,1000,"VI","mu_1",0,-1.90214449201784e-16,-19.6,19.6,1,0.168999999999997
199,1000,"VI","mu_2",5,1.68346307463707,1.58601464804177,1.78091150123238,0,0.168999999999997
199,1000,"VI","mu_3",10,8.95481335508404,8.8502676144473,9.05935909572078,0,0.168999999999997
199,1000,"VI","mu_4",20,20.0427287184049,19.917255147234,20.1682022895758,1,0.168999999999997
