"sim_id","n","method","component","mu_true","estimate","lower","upper","covered","elapsed_seconds"
109,1000,"Gibbs","mu_1",0,-0.0796822482617446,-0.20870805407843,0.043389335426144,1,53.101
109,1000,"Gibbs","mu_2",5,4.96994956276363,4.83249355731263,5.10860477356043,1,53.101
109,1000,"Gibbs","mu_3",10,10.036590611038,9.90636690352249,10.170413104808,1,53.101
109,1000,"Gibbs","mu_4",20,20.0035418808053,19.8848610321614,20.1210610999431,1,53.101
109,1000,"VI","mu_1",0,-1.30164437683909e-17,-19.6,19.6,1,0.471000000000004
109,1000,"VI","mu_2",5,0.893440874405171,0.786510964502903,1.00037078430744,0,0.471000000000004
109,1000,"VI","mu_3",10,8.25266015540888,8.15316132863727,8.35215898218048,0,0.471000000000004
109,1000,"VI","mu_4",20,20.0040874935482,19.8861114947522,20.1220634923443,1,0.471000000000004
