"cluster","post_mean","post_sd"
1,4.16168859851414,0.14273854849242
2,-3.0278454799363,0.143989874864673
3,-0.238832842181051,0.137612063381637
