"sim_id","n","method","component","mu_true","estimate","lower","upper","covered","elapsed_seconds"
247,10000,"Gibbs","mu_1",0,0.0450493135650688,0.00545280696290433,0.0856052654411168,0,532.409
247,10000,"Gibbs","mu_2",5,5.02933106033505,4.98791032732724,5.07216185992804,1,532.409
247,10000,"Gibbs","mu_3",10,9.99641551915845,9.9569924144147,10.0367744687151,1,532.409
247,10000,"Gibbs","mu_4",20,20.0110523916879,19.9709889057818,20.0501971011267,1,532.409
247,10000,"VI","mu_1",0,-6.20514130714669e-16,-19.6,19.6,1,4.34799999999996
247,10000,"VI","mu_2",5,1.49701018661256,1.46531470506253,1.52870566816258,0,4.34799999999996
247,10000,"VI","mu_3",10,8.65839818615827,8.62620218306052,8.69059418925601,0,4.34799999999996
247,10000,"VI","mu_4",20,20.0108100772079,19.9713728189172,20.0502473354985,1,4.34799999999996
