"sim_id","n","method","component","mu_true","estimate","lower","upper","covered","elapsed_seconds"
240,10000,"Gibbs","mu_1",0,0.00249605881946405,-0.0392652304747371,0.0440214105272294,1,531.814
240,10000,"Gibbs","mu_2",5,5.01990800269718,4.97917699622551,5.06056496843197,1,531.814
240,10000,"Gibbs","mu_3",10,10.033305121887,9.99299833843186,10.0730399709587,1,531.814
240,10000,"Gibbs","mu_4",20,19.9732472714027,19.9335479500373,20.0124633461737,1,531.814
240,10000,"VI","mu_1",0,-9.61110280226328e-16,-19.6,19.6,1,5.28899999999999
240,10000,"VI","mu_2",5,1.63412672295955,1.60275764158449,1.6654958043346,0,5.28899999999999
240,10000,"VI","mu_3",10,8.75354691909835,8.72102909358674,8.78606474460996,0,5.28899999999999
240,10000,"VI","mu_4",20,19.9737808889591,19.9342876290881,20.0132741488301,1,5.28899999999999
