"sim_id","n","method","component","mu_true","estimate","lower","upper","covered","elapsed_seconds"
226,10000,"Gibbs","mu_1",0,0.0105197994072997,-0.029383413736704,0.0509081880043598,1,531.675
226,10000,"Gibbs","mu_2",5,5.00893852723989,4.96642239040595,5.05139824780666,1,531.675
226,10000,"Gibbs","mu_3",10,10.0117099095892,9.97156233748039,10.051662900241,1,531.675
226,10000,"Gibbs","mu_4",20,20.0293538687601,19.9900786527437,20.068361745997,1,531.675
226,10000,"VI","mu_1",0,-2.47311066446383e-07,-19.5999993972468,19.5999989026247,1,0.5
226,10000,"VI","mu_2",5,-2.47311066446383e-07,-19.5999993972468,19.5999989026247,1,0.5
226,10000,"VI","mu_3",10,4.96791652571639,4.94530819861128,4.99052485282151,0,0.5
226,10000,"VI","mu_4",20,19.9794852683087,19.9401609545053,20.0188095821121,1,0.5
