"sim_id","n","method","component","mu_true","estimate","lower","upper","covered","elapsed_seconds"
454,10000,"Gibbs","mu_1",0,0.00219314111351931,-0.0379900155668815,0.0434136381503064,1,528.714
454,10000,"Gibbs","mu_2",5,4.99123772235777,4.94816726761809,5.034162602465,1,528.714
454,10000,"Gibbs","mu_3",10,10.011866892991,9.97076837917021,10.0524238528394,1,528.714
454,10000,"Gibbs","mu_4",20,19.9793461947901,19.9407742949207,20.0178467305244,1,528.714
454,10000,"VI","mu_1",0,-3.94743725486603e-16,-19.6,19.6,1,3.74099999999999
454,10000,"VI","mu_2",5,1.30620893006323,1.27400583085765,1.33841202926881,0,3.74099999999999
454,10000,"VI","mu_3",10,8.50478542872002,8.47300092303253,8.53656993440752,0,3.74099999999999
454,10000,"VI","mu_4",20,19.9792012322866,19.9399465053203,20.0184559592529,1,3.74099999999999
