"sim_id","n","method","component","mu_true","estimate","lower","upper","covered","elapsed_seconds"
377,10000,"Gibbs","mu_1",0,-0.00222476836642777,-0.0417943204743482,0.0365905913247524,1,528.414
377,10000,"Gibbs","mu_2",5,4.99111968269506,4.94912064450115,5.03262388752181,1,528.414
377,10000,"Gibbs","mu_3",10,9.98059502107563,9.93941918735257,10.0211491237462,1,528.414
377,10000,"Gibbs","mu_4",20,20.0106335382021,19.97158353644,20.0493883412453,1,528.414
377,10000,"VI","mu_1",0,-0.00227809669202456,-0.0408635068701272,0.0363073134860781,1,0.427000000000021
377,10000,"VI","mu_2",5,4.99135064126257,4.95130031180162,5.03140097072352,1,0.427000000000021
377,10000,"VI","mu_3",10,9.98068722095187,9.94142266587731,10.0199517760264,1,0.427000000000021
377,10000,"VI","mu_4",20,20.0105672191075,19.9716234824995,20.0495109557156,1,0.427000000000021
