"sim_id","n","method","component","mu_true","estimate","lower","upper","covered","elapsed_seconds"
12,10000,"Gibbs","mu_1",0,0.0408490406438505,-0.000296611083199859,0.0815779144590752,1,527.406
12,10000,"Gibbs","mu_2",5,5.01292371914949,4.97178176667961,5.05414239059301,1,527.406
12,10000,"Gibbs","mu_3",10,9.98202193300612,9.94251310120302,10.0212435899194,1,527.406
12,10000,"Gibbs","mu_4",20,20.0029503913176,19.9637159738885,20.0416152240257,1,527.406
12,10000,"VI","mu_1",0,-5.72020799734502e-16,-19.6,19.6,1,6.34699999999998
12,10000,"VI","mu_2",5,1.51579650633894,1.48385325372872,1.54773975894916,0,6.34699999999998
12,10000,"VI","mu_3",10,8.66953950066633,8.63755464641594,8.70152435491672,0,6.34699999999998
12,10000,"VI","mu_4",20,20.003282989461,19.9639253218875,20.0426406570344,1,6.34699999999998
