"sim_id","n","method","component","mu_true","estimate","lower","upper","covered","elapsed_seconds"
466,10000,"Gibbs","mu_1",0,0.0165662332600384,-0.0247510451685409,0.0563551185877285,1,525.93
466,10000,"Gibbs","mu_2",5,5.00285287808826,4.96059954132412,5.04470817887231,1,525.93
466,10000,"Gibbs","mu_3",10,9.96002636106602,9.9198076446998,10.0008785994098,1,525.93
466,10000,"Gibbs","mu_4",20,20.0471978571413,20.0084044180543,20.0872324343188,0,525.93
466,10000,"VI","mu_1",0,-4.26216707535119e-07,-19.5999990349173,19.5999981824839,1,0.375
466,10000,"VI","mu_2",5,-4.26216707535119e-07,-19.5999990349173,19.5999981824839,1,0.375
466,10000,"VI","mu_3",10,4.92995447035003,4.90731897619746,4.95258996450261,0,0.375
466,10000,"VI","mu_4",20,19.9850947594211,19.9459123782201,20.0242771406222,1,0.375
