"sim_id","n","method","component","mu_true","estimate","lower","upper","covered","elapsed_seconds"
199,10000,"Gibbs","mu_1",0,0.0109248875711305,-0.028950540035691,0.0513022544327279,1,513.998
199,10000,"Gibbs","mu_2",5,5.0124385474045,4.96985887415299,5.05446278042315,1,513.998
199,10000,"Gibbs","mu_3",10,10.0082557650465,9.9688845285034,10.0494711959776,1,513.998
199,10000,"Gibbs","mu_4",20,19.972671626747,19.9334868620549,20.011433927667,1,513.998
199,10000,"VI","mu_1",0,-1.20993978246719e-06,-19.5999975696156,19.5999951497361,1,0.541000000000054
199,10000,"VI","mu_2",5,-1.20993978246719e-06,-19.5999975696156,19.5999951497361,1,0.541000000000054
199,10000,"VI","mu_3",10,4.98270151326934,4.96004974548771,5.00535328105097,0,0.541000000000054
199,10000,"VI","mu_4",20,19.9095177741519,19.8704194394633,19.9486161088405,0,0.541000000000054
