"sim_id","n","method","component","mu_true","estimate","lower","upper","covered","elapsed_seconds"
351,10000,"Gibbs","mu_1",0,-0.0220942437885911,-0.0639998662708692,0.0191480242910459,1,526.761
351,10000,"Gibbs","mu_2",5,4.9726227639145,4.9303801995087,5.01416607719718,1,526.761
351,10000,"Gibbs","mu_3",10,10.0053088874412,9.96542050662892,10.045820132252,1,526.761
351,10000,"Gibbs","mu_4",20,19.9915572206141,19.952912880965,20.0308766466145,1,526.761
351,10000,"VI","mu_1",0,-1.91149707924622e-15,-19.6,19.6,1,2.48099999999999
351,10000,"VI","mu_2",5,1.77366365597024,1.74297622027657,1.80435109166391,0,2.48099999999999
351,10000,"VI","mu_3",10,8.94014299004173,8.9066944796864,8.97359150039707,0,2.48099999999999
351,10000,"VI","mu_4",20,19.9916185625323,19.9523163224921,20.0309208025725,1,2.48099999999999
