"sim_id","n","method","component","mu_true","estimate","lower","upper","covered","elapsed_seconds"
445,10000,"Gibbs","mu_1",0,0.0286997158164435,-0.0116299942476134,0.0694023411331917,1,529.287
445,10000,"Gibbs","mu_2",5,5.00295433305664,4.96084447804213,5.04565283445206,1,529.287
445,10000,"Gibbs","mu_3",10,10.0052555608813,9.96478817612686,10.0455059542948,1,529.287
445,10000,"Gibbs","mu_4",20,20.0297375691196,19.9898113375052,20.0689106072619,1,529.287
445,10000,"VI","mu_1",0,-2.14710154989414e-15,-19.6,19.6,1,1.83699999999999
445,10000,"VI","mu_2",5,1.73641088802235,1.70550699622084,1.76731477982385,0,1.83699999999999
445,10000,"VI","mu_3",10,8.91323277035031,8.88000103857239,8.94646450212822,0,1.83699999999999
445,10000,"VI","mu_4",20,20.0299401918548,19.9907324388294,20.0691479448802,1,1.83699999999999
