"sim_id","n","method","component","mu_true","estimate","lower","upper","covered","elapsed_seconds"
292,10000,"Gibbs","mu_1",0,-0.005080632986623,-0.0446740934619741,0.0346265720822875,1,529.84
292,10000,"Gibbs","mu_2",5,4.98746763207708,4.94387594702772,5.03038936424789,1,529.84
292,10000,"Gibbs","mu_3",10,9.97588910685769,9.93520560734987,10.0171618312628,1,529.84
292,10000,"Gibbs","mu_4",20,19.9846560430456,19.9452363205609,20.0243442136293,1,529.84
292,10000,"VI","mu_1",0,-0.00529316792584361,-0.0439907954587373,0.0334044596070501,1,0.289999999999964
292,10000,"VI","mu_2",5,4.98751221069079,4.94806114558217,5.02696327579941,1,0.289999999999964
292,10000,"VI","mu_3",10,9.97581274952596,9.9369258299184,10.0146996691335,1,0.289999999999964
292,10000,"VI","mu_4",20,19.9843864282541,19.9445931443225,20.0241797121858,1,0.289999999999964
