"sim_id","n","method","component","mu_true","estimate","lower","upper","covered","elapsed_seconds"
255,10000,"Gibbs","mu_1",0,-0.0484098626785046,-0.0885137930214687,-0.00747124300519251,0,529.848
255,10000,"Gibbs","mu_2",5,4.97398377619484,4.93263003888794,5.01507462079327,1,529.848
255,10000,"Gibbs","mu_3",10,10.0224999020293,9.98130110245306,10.0626272189641,1,529.848
255,10000,"Gibbs","mu_4",20,20.0254089464024,19.9860212846974,20.0645793923446,1,529.848
255,10000,"VI","mu_1",0,-1.55874414588548e-15,-19.6,19.6,1,3.70399999999995
255,10000,"VI","mu_2",5,1.63573342842416,1.60474050146781,1.66672635538051,0,3.70399999999995
255,10000,"VI","mu_3",10,8.80644343221274,8.7731641926136,8.83972267181188,0,3.70399999999995
255,10000,"VI","mu_4",20,20.0253424235393,19.9863910257728,20.0642938213058,1,3.70399999999995
