"sim_id","n","method","component","mu_true","estimate","lower","upper","covered","elapsed_seconds"
294,10000,"Gibbs","mu_1",0,0.0112887015744335,-0.0285635854604231,0.0520709067027474,1,529.051
294,10000,"Gibbs","mu_2",5,5.00536396661866,4.96385583085091,5.04714948545142,1,529.051
294,10000,"Gibbs","mu_3",10,9.96167088170781,9.92153211147158,10.0012740440918,1,529.051
294,10000,"Gibbs","mu_4",20,19.9971568083691,19.9583192237913,20.0374471658251,1,529.051
294,10000,"VI","mu_1",0,0.0112400877875052,-0.0281034959029085,0.0505836714779189,1,0.408999999999992
294,10000,"VI","mu_2",5,5.00480942338547,4.9657952793265,5.04382356744445,1,0.408999999999992
294,10000,"VI","mu_3",10,9.96118474531456,9.92213571637854,10.0002337742506,1,0.408999999999992
294,10000,"VI","mu_4",20,19.9969962431199,19.9575988403495,20.0363936458904,1,0.408999999999992
