"sim_id","n","method","component","mu_true","estimate","lower","upper","covered","elapsed_seconds"
134,10000,"Gibbs","mu_1",0,0.0289012147828196,-0.0113001740263145,0.0694916682828295,1,529.034
134,10000,"Gibbs","mu_2",5,5.03827693447767,4.99448837067963,5.0809801735833,1,529.034
134,10000,"Gibbs","mu_3",10,10.026778280354,9.98722151110094,10.0661402375162,1,529.034
134,10000,"Gibbs","mu_4",20,20.0326349614725,19.9941980740404,20.0725261417691,1,529.034
134,10000,"VI","mu_1",0,-4.5657772174133e-16,-19.6,19.6,1,2.67999999999995
134,10000,"VI","mu_2",5,1.44144816646563,1.40946467346931,1.47343165946195,0,2.67999999999995
134,10000,"VI","mu_3",10,8.71021478789731,8.67837152160997,8.74205805418464,0,2.67999999999995
134,10000,"VI","mu_4",20,20.0324961764495,19.9929466758372,20.0720456770619,1,2.67999999999995
