"sim_id","n","method","component","mu_true","estimate","lower","upper","covered","elapsed_seconds"
310,10000,"Gibbs","mu_1",0,0.0130597221983195,-0.0286967214046838,0.0538281932174283,1,527.069
310,10000,"Gibbs","mu_2",5,5.00875274006423,4.96731966683959,5.05006778711362,1,527.069
310,10000,"Gibbs","mu_3",10,9.99099511058989,9.95121516135139,10.0306566851148,1,527.069
310,10000,"Gibbs","mu_4",20,20.0088572971484,19.9693032481575,20.048350564174,1,527.069
310,10000,"VI","mu_1",0,-7.71815041835595e-05,-19.5998977522327,19.5997433892243,1,0.478000000000065
310,10000,"VI","mu_2",5,-7.71815041835595e-05,-19.5998977522327,19.5997433892243,1,0.478000000000065
310,10000,"VI","mu_3",10,5.03265688944907,5.00996805851143,5.05534572038672,0,0.478000000000065
310,10000,"VI","mu_4",20,19.9239867082053,19.8850771257854,19.9628962906251,0,0.478000000000065
