"sim_id","n","method","component","mu_true","estimate","lower","upper","covered","elapsed_seconds"
147,10000,"Gibbs","mu_1",0,0.0247200942679839,-0.0165931735050122,0.0652970884201471,1,533.028
147,10000,"Gibbs","mu_2",5,4.96696710634343,4.92484215032113,5.00939752839643,1,533.028
147,10000,"Gibbs","mu_3",10,10.0040734393544,9.96511897498492,10.0443444216635,1,533.028
147,10000,"Gibbs","mu_4",20,19.9634699651165,19.9240373448336,20.0030759206477,1,533.028
147,10000,"VI","mu_1",0,-3.84185633315854e-06,-19.5999931486921,19.5999854649795,1,0.52800000000002
147,10000,"VI","mu_2",5,-3.84185633315854e-06,-19.5999931486921,19.5999854649795,1,0.52800000000002
147,10000,"VI","mu_3",10,5.05716039712165,5.03461197079935,5.07970882344396,0,0.52800000000002
147,10000,"VI","mu_4",20,19.9036201432675,19.8639754821381,19.9432648043969,0,0.52800000000002
