"sim_id","n","method","component","mu_true","estimate","lower","upper","covered","elapsed_seconds"
10,10000,"Gibbs","mu_1",0,0.0119754064926538,-0.0296381173007978,0.0540377812662046,1,443.811
10,10000,"Gibbs","mu_2",5,5.0154716547556,4.97221569722325,5.05847503737484,1,443.811
10,10000,"Gibbs","mu_3",10,10.007041149812,9.96670449917931,10.0470913697964,1,443.811
10,10000,"Gibbs","mu_4",20,20.0281172076046,19.9905027753305,20.0664711389625,1,443.811
10,10000,"VI","mu_1",0,0.0115965988887945,-0.028373718671642,0.051566916449231,1,0.321000000000026
10,10000,"VI","mu_2",5,5.01564704424003,4.97563724250997,5.05565684597009,1,0.321000000000026
10,10000,"VI","mu_3",10,10.0071395142513,9.96835339511569,10.0459256333869,1,0.321000000000026
10,10000,"VI","mu_4",20,20.0279751329175,19.9898431980252,20.0661070678097,1,0.321000000000026
