"sim_id","n","method","component","mu_true","estimate","lower","upper","covered","elapsed_seconds"
40,10000,"Gibbs","mu_1",0,-0.0277582631219214,-0.0676955883236198,0.0130559836245047,1,529.479
40,10000,"Gibbs","mu_2",5,4.97193572357827,4.92997606146243,5.01314954706951,1,529.479
40,10000,"Gibbs","mu_3",10,10.022699821793,9.98237273332993,10.0632700015716,1,529.479
40,10000,"Gibbs","mu_4",20,19.9891864734203,19.9496783370704,20.0290182254823,1,529.479
40,10000,"VI","mu_1",0,-7.07866107022894e-06,-19.5999891017588,19.5999749444366,1,0.528999999999996
40,10000,"VI","mu_2",5,-7.07866107022894e-06,-19.5999891017588,19.5999749444366,1,0.528999999999996
40,10000,"VI","mu_3",10,5.00187647687602,4.97928652097789,5.02446643277415,0,0.528999999999996
40,10000,"VI","mu_4",20,19.9213947899823,19.8819733239954,19.9608162559692,0,0.528999999999996
