"sim_id","n","method","component","mu_true","estimate","lower","upper","covered","elapsed_seconds"
448,10000,"Gibbs","mu_1",0,-0.00211908354723399,-0.0419836494445347,0.0388798987352733,1,526.054
448,10000,"Gibbs","mu_2",5,5.0053200041589,4.96318696854993,5.04863140998939,1,526.054
448,10000,"Gibbs","mu_3",10,10.0071305178689,9.96718816225392,10.0477842786698,1,526.054
448,10000,"Gibbs","mu_4",20,19.9772300018209,19.9376348749891,20.0161551465384,1,526.054
448,10000,"VI","mu_1",0,-1.13458784052169e-06,-19.5999975507463,19.5999952815706,1,0.475000000000023
448,10000,"VI","mu_2",5,-1.13458784052169e-06,-19.5999975507463,19.5999952815706,1,0.475000000000023
448,10000,"VI","mu_3",10,5.01626027563013,4.99362249207788,5.03889805918238,0,0.475000000000023
448,10000,"VI","mu_4",20,19.9168753554038,19.8777048417487,19.9560458690588,0,0.475000000000023
