"sim_id","n","method","component","mu_true","estimate","lower","upper","covered","elapsed_seconds"
288,10000,"Gibbs","mu_1",0,-0.0436279680152301,-0.0847052683496953,-0.00241159264357662,0,542.215
288,10000,"Gibbs","mu_2",5,4.95268477471153,4.91132331986908,4.99380534163268,0,542.215
288,10000,"Gibbs","mu_3",10,10.0057686122291,9.96505506772313,10.0465145216901,1,542.215
288,10000,"Gibbs","mu_4",20,20.0084659506425,19.9687262557691,20.0475318717472,1,542.215
288,10000,"VI","mu_1",0,-0.0439516501337336,-0.0832269011803649,-0.00467639908710226,0,0.305000000000064
288,10000,"VI","mu_2",5,4.95237426419253,4.91337298925791,4.99137553912716,0,0.305000000000064
288,10000,"VI","mu_3",10,10.0056441150784,9.96660043859316,10.0446877915637,1,0.305000000000064
288,10000,"VI","mu_4",20,20.0085748075991,19.9690895624928,20.0480600527053,1,0.305000000000064
