"sim_id","n","method","component","mu_true","estimate","lower","upper","covered","elapsed_seconds"
244,10000,"Gibbs","mu_1",0,0.0308740700183143,-0.00907346881213216,0.0718021675232719,1,535.335
244,10000,"Gibbs","mu_2",5,4.98395855601183,4.94210658616152,5.02647264924044,1,535.335
244,10000,"Gibbs","mu_3",10,9.9719855612015,9.93132150112672,10.0127121299074,1,535.335
244,10000,"Gibbs","mu_4",20,20.0133023015147,19.9733473015756,20.0532125643679,1,535.335
244,10000,"VI","mu_1",0,-3.61382244290498e-16,-19.6,19.6,1,2.21600000000001
244,10000,"VI","mu_2",5,1.33644171817617,1.30422226929387,1.36866116705846,0,2.21600000000001
244,10000,"VI","mu_3",10,8.43916903962941,8.40733728988603,8.47100078937278,0,2.21600000000001
244,10000,"VI","mu_4",20,20.0130320670713,19.9738951975471,20.0521689365956,1,2.21600000000001
