"sim_id","n","method","component","mu_true","estimate","lower","upper","covered","elapsed_seconds"
174,10000,"Gibbs","mu_1",0,0.0131151381771266,-0.026733367218747,0.0531268936658038,1,527.494
174,10000,"Gibbs","mu_2",5,4.94773669089209,4.90561228188178,4.9901313905576,0,527.494
174,10000,"Gibbs","mu_3",10,10.0077282571588,9.96667591807422,10.049000209715,1,527.494
174,10000,"Gibbs","mu_4",20,20.0118591166365,19.9731953032689,20.0505950854313,1,527.494
174,10000,"VI","mu_1",0,-2.05341550099209e-06,-19.5999965631543,19.5999924563233,1,0.470000000000027
174,10000,"VI","mu_2",5,-2.05341550099209e-06,-19.5999965631543,19.5999924563233,1,0.470000000000027
174,10000,"VI","mu_3",10,4.90953802614248,4.88676618766107,4.93230986462388,0,0.470000000000027
174,10000,"VI","mu_4",20,19.9758128117568,19.9373130267336,20.0143125967801,1,0.470000000000027
