"sim_id","n","method","component","mu_true","estimate","lower","upper","covered","elapsed_seconds"
443,10000,"Gibbs","mu_1",0,-0.00461503767859745,-0.045118623299117,0.0356193473685568,1,529.603
443,10000,"Gibbs","mu_2",5,5.00067120227815,4.95979221024824,5.04194898631356,1,529.603
443,10000,"Gibbs","mu_3",10,9.98060470558521,9.93948227249136,10.0217749375617,1,529.603
443,10000,"Gibbs","mu_4",20,20.0302848042067,19.9909939932732,20.0708726977233,1,529.603
443,10000,"VI","mu_1",0,-3.20030874911313e-07,-19.5999993119983,19.5999986719366,1,0.344999999999914
443,10000,"VI","mu_2",5,-3.20030874911313e-07,-19.5999993119983,19.5999986719366,1,0.344999999999914
443,10000,"VI","mu_3",10,4.86728102323387,4.84468091607698,4.88988113039077,0,0.344999999999914
443,10000,"VI","mu_4",20,19.986563511676,19.9471958466001,20.0259311767518,1,0.344999999999914
