"sim_id","n","method","component","mu_true","estimate","lower","upper","covered","elapsed_seconds"
300,10000,"Gibbs","mu_1",0,-0.00775865032085309,-0.0473592282860809,0.0324602500262926,1,532.059
300,10000,"Gibbs","mu_2",5,5.02929958527371,4.98635625685921,5.07189545078035,1,532.059
300,10000,"Gibbs","mu_3",10,10.0141457057924,9.97403019956582,10.0545449039017,1,532.059
300,10000,"Gibbs","mu_4",20,19.9830044428509,19.9434261106778,20.0216882496415,1,532.059
300,10000,"VI","mu_1",0,-0.00755836207601533,-0.0465680950294337,0.031451370877403,1,0.545999999999935
300,10000,"VI","mu_2",5,5.02899912401625,4.98996631266816,5.06803193536435,1,0.545999999999935
300,10000,"VI","mu_3",10,10.0141589090138,9.97510021077904,10.0532176072486,1,0.545999999999935
300,10000,"VI","mu_4",20,19.9829283636378,19.9432168411677,20.0226398861079,1,0.545999999999935
