"sim_id","n","method","component","mu_true","estimate","lower","upper","covered","elapsed_seconds"
471,10000,"Gibbs","mu_1",0,-0.0154179448899802,-0.0551992592031515,0.0241691710466284,1,529.915
471,10000,"Gibbs","mu_2",5,5.02192800985699,4.9788408391036,5.06486522190594,1,529.915
471,10000,"Gibbs","mu_3",10,10.0052727273668,9.96439246371137,10.0465083941392,1,529.915
471,10000,"Gibbs","mu_4",20,20.0270412897097,19.9882887662644,20.065802244217,1,529.915
471,10000,"VI","mu_1",0,-3.5900959784088e-16,-19.6,19.6,1,2.654
471,10000,"VI","mu_2",5,1.28822830731779,1.2556307333903,1.32082588124527,0,2.654
471,10000,"VI","mu_3",10,8.50180404763619,8.47037353568877,8.53323455958361,0,2.654
471,10000,"VI","mu_4",20,20.02685521699,19.9876238981373,20.0660865358426,1,2.654
