"sim_id","n","method","component","mu_true","estimate","lower","upper","covered","elapsed_seconds"
293,10000,"Gibbs","mu_1",0,0.00327967346499732,-0.0366602150987421,0.0427138074450867,1,526.432
293,10000,"Gibbs","mu_2",5,4.99966169692651,4.95833242594973,5.04203753333553,1,526.432
293,10000,"Gibbs","mu_3",10,10.0298604072099,9.98851655031087,10.069191446052,1,526.432
293,10000,"Gibbs","mu_4",20,19.9520636246372,19.9124018397902,19.9923701437368,0,526.432
293,10000,"VI","mu_1",0,0.00313418104848856,-0.035993447950654,0.0422618100476311,1,0.436000000000035
293,10000,"VI","mu_2",5,4.99983067256149,4.96060726361819,5.03905408150479,1,0.436000000000035
293,10000,"VI","mu_3",10,10.0304433903197,9.99158199906779,10.0693047815716,1,0.436000000000035
293,10000,"VI","mu_4",20,19.951881989527,19.9122840948258,19.9914798842283,0,0.436000000000035
