"sim_id","n","method","component","mu_true","estimate","lower","upper","covered","elapsed_seconds"
331,10000,"Gibbs","mu_1",0,-0.00184022335528519,-0.0432624452030906,0.0392574255478654,1,509.461
331,10000,"Gibbs","mu_2",5,4.97407239178016,4.9322631728896,5.01554642905458,1,509.461
331,10000,"Gibbs","mu_3",10,9.99251257749983,9.9526886358858,10.0318100793424,1,509.461
331,10000,"Gibbs","mu_4",20,20.006337282305,19.9660009780623,20.0460898548197,1,509.461
331,10000,"VI","mu_1",0,-4.3026556869407e-16,-19.6,19.6,1,2.05099999999999
331,10000,"VI","mu_2",5,1.37938143475777,1.34722673003327,1.41153613948227,0,2.05099999999999
331,10000,"VI","mu_3",10,8.61754909513938,8.58573891881141,8.64935927146734,0,2.05099999999999
331,10000,"VI","mu_4",20,20.006133278425,19.9668389374212,20.0454276194287,1,2.05099999999999
