"sim_id","n","method","component","mu_true","estimate","lower","upper","covered","elapsed_seconds"
494,10000,"Gibbs","mu_1",0,0.0212764829453624,-0.0194061742562904,0.0615537187718496,1,464.156
494,10000,"Gibbs","mu_2",5,5.0407872716712,4.99797720496431,5.08231831384988,1,464.156
494,10000,"Gibbs","mu_3",10,9.98278920296075,9.94331705169683,10.0215257524953,1,464.156
494,10000,"Gibbs","mu_4",20,20.0111209577209,19.9719430455896,20.050201205123,1,464.156
494,10000,"VI","mu_1",0,-6.29758227591899e-05,-19.5999162468848,19.5997902952393,1,0.411000000000001
494,10000,"VI","mu_2",5,-6.29758227591899e-05,-19.5999162468848,19.5997902952393,1,0.411000000000001
494,10000,"VI","mu_3",10,5.05766677661691,5.0350227696719,5.08031078356192,0,0.411000000000001
494,10000,"VI","mu_4",20,19.9592150652923,19.9200767392408,19.9983533913438,0,0.411000000000001
