"sim_id","n","method","component","mu_true","estimate","lower","upper","covered","elapsed_seconds"
238,10000,"Gibbs","mu_1",0,0.00297558921548768,-0.0371282931401413,0.0429706005856783,1,535.536
238,10000,"Gibbs","mu_2",5,5.01347205004468,4.97080491832285,5.05623402452318,1,535.536
238,10000,"Gibbs","mu_3",10,10.0038919466137,9.96475093372143,10.0429043444726,1,535.536
238,10000,"Gibbs","mu_4",20,19.9686908894061,19.9285980150118,20.0074246928648,1,535.536
238,10000,"VI","mu_1",0,0.0031166455881774,-0.0359415279649678,0.0421748191413227,1,0.418999999999983
238,10000,"VI","mu_2",5,5.01347790061742,4.97426663208398,5.05268916915086,1,0.418999999999983
238,10000,"VI","mu_3",10,10.0038232131332,9.96516284475559,10.0424835815108,1,0.418999999999983
238,10000,"VI","mu_4",20,19.9686097959026,19.9287094599275,20.0085101318776,1,0.418999999999983
