"sim_id","n","method","component","mu_true","estimate","lower","upper","covered","elapsed_seconds"
9,10000,"Gibbs","mu_1",0,-0.00396002691613519,-0.0449462917510179,0.0368280448044147,1,474.03
9,10000,"Gibbs","mu_2",5,5.01071857841156,4.96789417952603,5.0519026182689,1,474.03
9,10000,"Gibbs","mu_3",10,9.98470371913171,9.94343909595056,10.0259281274875,1,474.03
9,10000,"Gibbs","mu_4",20,20.0092188348152,19.9701094194901,20.0483758017256,1,474.03
9,10000,"VI","mu_1",0,-2.32343776159254e-16,-19.6,19.6,1,2.25
9,10000,"VI","mu_2",5,1.23182468175877,1.19879393916053,1.26485542435701,0,2.25
9,10000,"VI","mu_3",10,8.37943740581935,8.34824339653958,8.41063141509912,0,2.25
9,10000,"VI","mu_4",20,20.0093262536243,19.9703672155659,20.0482852916827,1,2.25
