"sim_id","n","method","component","mu_true","estimate","lower","upper","covered","elapsed_seconds"
349,10000,"Gibbs","mu_1",0,-0.00491507194202772,-0.0459068120028811,0.0353322642346949,1,513.586
349,10000,"Gibbs","mu_2",5,4.99246894951436,4.94995586212019,5.03432154018988,1,513.586
349,10000,"Gibbs","mu_3",10,10.0253710681689,9.98555729922963,10.0667277221568,1,513.586
349,10000,"Gibbs","mu_4",20,19.9916136238391,19.9532265579033,20.0302177083142,1,513.586
349,10000,"VI","mu_1",0,-6.05853456333765e-07,-19.599998639028,19.5999974273211,1,0.449999999999932
349,10000,"VI","mu_2",5,-6.05853456333765e-07,-19.599998639028,19.5999974273211,1,0.449999999999932
349,10000,"VI","mu_3",10,4.95581320770306,4.93312040133194,4.97850601407419,0,0.449999999999932
349,10000,"VI","mu_4",20,19.9396326896685,19.9007431366666,19.9785222426704,0,0.449999999999932
