"sim_id","n","method","component","mu_true","estimate","lower","upper","covered","elapsed_seconds"
98,10000,"Gibbs","mu_1",0,-0.0193119337792837,-0.0604197592859317,0.0225263647890972,1,533.082
98,10000,"Gibbs","mu_2",5,4.98930757637861,4.94878970205304,5.0305928554962,1,533.082
98,10000,"Gibbs","mu_3",10,9.99829450514676,9.95791874397981,10.0382328218534,1,533.082
98,10000,"Gibbs","mu_4",20,19.9938194288498,19.9544142212976,20.0326705002934,1,533.082
98,10000,"VI","mu_1",0,-1.34660563195888e-15,-19.6,19.6,1,3.74299999999994
98,10000,"VI","mu_2",5,1.65598891307113,1.62471072316631,1.68726710297595,0,3.74299999999994
98,10000,"VI","mu_3",10,8.77899068894679,8.74597978047775,8.81200159741583,0,3.74299999999994
98,10000,"VI","mu_4",20,19.9939423708218,19.9551134346861,20.0327713069575,1,3.74299999999994
