"sim_id","n","method","component","mu_true","estimate","lower","upper","covered","elapsed_seconds"
433,10000,"Gibbs","mu_1",0,0.0163198430427857,-0.0251469308536327,0.0567174356360627,1,535.074
433,10000,"Gibbs","mu_2",5,5.00269266633541,4.96079161193133,5.04511552796994,1,535.074
433,10000,"Gibbs","mu_3",10,9.97551012163824,9.93513170861141,10.0167773096056,1,535.074
433,10000,"Gibbs","mu_4",20,20.0246369413154,19.9859326746642,20.0635200795113,1,535.074
433,10000,"VI","mu_1",0,-5.82353210173914e-16,-19.6,19.6,1,2.66800000000001
433,10000,"VI","mu_2",5,1.4544259087712,1.42250840969042,1.48634340785197,0,2.66800000000001
433,10000,"VI","mu_3",10,8.63214184686636,8.59998492811394,8.66429876561878,0,2.66800000000001
433,10000,"VI","mu_4",20,20.0245393628908,19.985448741822,20.0636299839596,1,2.66800000000001
