"sim_id","n","method","component","mu_true","estimate","lower","upper","covered","elapsed_seconds"
181,10000,"Gibbs","mu_1",0,0.0187116819775715,-0.0236847330189728,0.0614263377820854,1,535.133
181,10000,"Gibbs","mu_2",5,4.99777178741485,4.95556373845572,5.03900872783335,1,535.133
181,10000,"Gibbs","mu_3",10,10.0189412678584,9.97884879967316,10.0594746461918,1,535.133
181,10000,"Gibbs","mu_4",20,20.0295204786198,19.9896761262879,20.068573109159,1,535.133
181,10000,"VI","mu_1",0,-4.11848602668335e-15,-19.6,19.6,1,1.67100000000005
181,10000,"VI","mu_2",5,1.9733738335463,1.94310448596246,2.00364318113014,0,1.67100000000005
181,10000,"VI","mu_3",10,9.13624904961475,9.10232053601729,9.17017756321222,0,1.67100000000005
181,10000,"VI","mu_4",20,20.0298800075492,19.9904427495789,20.0693172655195,1,1.67100000000005
