"sim_id","n","method","component","mu_true","estimate","lower","upper","covered","elapsed_seconds"
343,10000,"Gibbs","mu_1",0,0.0102710066644468,-0.0307293632762505,0.0520095619886704,1,512.567
343,10000,"Gibbs","mu_2",5,5.0403542180429,4.99903727854432,5.08192317413865,1,512.567
343,10000,"Gibbs","mu_3",10,9.99071163700829,9.95054530060442,10.0306257531968,1,512.567
343,10000,"Gibbs","mu_4",20,20.033546771624,19.9940333123454,20.0725771066657,1,512.567
343,10000,"VI","mu_1",0,-5.3638682553372e-06,-19.5999899788382,19.5999792511017,1,0.408999999999992
343,10000,"VI","mu_2",5,-5.3638682553372e-06,-19.5999899788382,19.5999792511017,1,0.408999999999992
343,10000,"VI","mu_3",10,5.11444826710299,5.09183195880923,5.13706457539675,0,0.408999999999992
343,10000,"VI","mu_4",20,20.0063744466436,19.9670920431731,20.0456568501141,1,0.408999999999992
