"sim_id","n","method","component","mu_true","estimate","lower","upper","covered","elapsed_seconds"
368,10000,"Gibbs","mu_1",0,0.0143762987249553,-0.0255218263517236,0.0547229386668623,1,531.582
368,10000,"Gibbs","mu_2",5,5.00798139028424,4.96596702469318,5.04918429904527,1,531.582
368,10000,"Gibbs","mu_3",10,10.0139916736056,9.97235804661363,10.0543510136072,1,531.582
368,10000,"Gibbs","mu_4",20,20.005744519424,19.9670454799173,20.0447086080025,1,531.582
368,10000,"VI","mu_1",0,-8.39398993925412e-16,-19.6,19.6,1,2.08699999999999
368,10000,"VI","mu_2",5,1.56369856156238,1.53197642941584,1.59542069370893,0,2.08699999999999
368,10000,"VI","mu_3",10,8.750790926672,8.71827943165289,8.78330242169111,0,2.08699999999999
368,10000,"VI","mu_4",20,20.0056300473749,19.9668011113466,20.0444589834032,1,2.08699999999999
