"sim_id","n","method","component","mu_true","estimate","lower","upper","covered","elapsed_seconds"
470,10000,"Gibbs","mu_1",0,-0.0218064499629426,-0.0637439541328389,0.0201306978269011,1,528.5
470,10000,"Gibbs","mu_2",5,4.99603545191428,4.95519262469031,5.03751420664769,1,528.5
470,10000,"Gibbs","mu_3",10,10.0067572173565,9.96766086286405,10.0472212763836,1,528.5
470,10000,"Gibbs","mu_4",20,20.0000782560122,19.9611838506457,20.0384540049796,1,528.5
470,10000,"VI","mu_1",0,-9.06998536869808e-06,-19.5999842253999,19.5999660854291,1,0.376999999999953
470,10000,"VI","mu_2",5,-9.06998536869808e-06,-19.5999842253999,19.5999660854291,1,0.376999999999953
470,10000,"VI","mu_3",10,5.07313258685772,5.05035412653311,5.09591104718233,0,0.376999999999953
470,10000,"VI","mu_4",20,19.9615183661701,19.9230505280887,19.9999862042514,0,0.376999999999953
