"sim_id","n","method","component","mu_true","estimate","lower","upper","covered","elapsed_seconds"
66,10000,"Gibbs","mu_1",0,-0.000697604334644173,-0.0423562453527779,0.040619640467685,1,527.188
66,10000,"Gibbs","mu_2",5,4.99909971502259,4.95783763093517,5.04032411573208,1,527.188
66,10000,"Gibbs","mu_3",10,9.97978426522642,9.94083522852702,10.0198884580774,1,527.188
66,10000,"Gibbs","mu_4",20,20.0251621304788,19.984919254215,20.0647123667563,1,527.188
66,10000,"VI","mu_1",0,-1.35946877430845e-05,-19.5999786218092,19.5999514324337,1,0.453999999999951
66,10000,"VI","mu_2",5,-1.35946877430845e-05,-19.5999786218092,19.5999514324337,1,0.453999999999951
66,10000,"VI","mu_3",10,5.06829774973417,5.04563863998686,5.09095685948148,0,0.453999999999951
66,10000,"VI","mu_4",20,19.9823776667195,19.943317014687,20.0214383187519,1,0.453999999999951
