"sim_id","n","method","component","mu_true","estimate","lower","upper","covered","elapsed_seconds"
188,10000,"Gibbs","mu_1",0,-0.0248151768814887,-0.0649857824630085,0.014823766535014,1,527.506
188,10000,"Gibbs","mu_2",5,5.02684581373555,4.98551980639138,5.06861661376824,1,527.506
188,10000,"Gibbs","mu_3",10,9.98218787848117,9.9405391826162,10.0231818891691,1,527.506
188,10000,"Gibbs","mu_4",20,20.0394796447834,19.9999406377391,20.0789308875528,1,527.506
188,10000,"VI","mu_1",0,-8.26103569096601e-17,-19.6,19.6,1,1.24599999999998
188,10000,"VI","mu_2",5,0.835457221405167,0.801307808338324,0.869606634472011,0,1.24599999999998
188,10000,"VI","mu_3",10,8.0950852009,8.06497000808609,8.1252003937139,0,1.24599999999998
188,10000,"VI","mu_4",20,20.0396124083428,20.0001751499951,20.0790496666906,0,1.24599999999998
