"sim_id","n","method","component","mu_true","estimate","lower","upper","covered","elapsed_seconds"
460,10000,"Gibbs","mu_1",0,-0.00212570570943875,-0.043148811042443,0.0380093833478244,1,528.631
460,10000,"Gibbs","mu_2",5,5.02066603462447,4.97856917572395,5.06251716864911,1,528.631
460,10000,"Gibbs","mu_3",10,9.99136925682479,9.95100572356397,10.0325152327546,1,528.631
460,10000,"Gibbs","mu_4",20,19.9997872008056,19.9608467170222,20.0389104926951,1,528.631
460,10000,"VI","mu_1",0,-0.0023216836060384,-0.0414992955579016,0.0368559283458248,1,0.281999999999925
460,10000,"VI","mu_2",5,5.02025560107931,4.98152128194654,5.05898992021208,1,0.281999999999925
460,10000,"VI","mu_3",10,9.991507409391,9.95207564558345,10.0309391731985,1,0.281999999999925
460,10000,"VI","mu_4",20,20.0000078092302,19.9605385791591,20.0394770393013,1,0.281999999999925
