"sim_id","n","method","component","mu_true","estimate","lower","upper","covered","elapsed_seconds"
299,10000,"Gibbs","mu_1",0,-0.0182458087077837,-0.0596877222068877,0.0229514531766139,1,528.307
299,10000,"Gibbs","mu_2",5,4.99550136968061,4.95337744691268,5.03692506036387,1,528.307
299,10000,"Gibbs","mu_3",10,10.0058733533962,9.96671298923037,10.0453008467508,1,528.307
299,10000,"Gibbs","mu_4",20,19.9741513651168,19.9341978661463,20.0133864485343,1,528.307
299,10000,"VI","mu_1",0,-4.5411778231091e-15,-19.6,19.6,1,2.59699999999998
299,10000,"VI","mu_2",5,1.91655908389786,1.88630271916489,1.94681544863082,0,2.59699999999998
299,10000,"VI","mu_3",10,9.09871327417653,9.06478170303665,9.13264484531641,0,2.59699999999998
299,10000,"VI","mu_4",20,19.9738561105364,19.934394900202,20.0133173208708,1,2.59699999999998
