"sim_id","n","method","component","mu_true","estimate","lower","upper","covered","elapsed_seconds"
222,10000,"Gibbs","mu_1",0,-0.00974625838176415,-0.0497226159740961,0.0305352351111554,1,531.808
222,10000,"Gibbs","mu_2",5,5.0155238195618,4.97312317628325,5.05773082438609,1,531.808
222,10000,"Gibbs","mu_3",10,9.97741247957281,9.93717710055605,10.0186333157745,1,531.808
222,10000,"Gibbs","mu_4",20,20.044752278763,20.0062447321823,20.0846199664219,0,531.808
222,10000,"VI","mu_1",0,-1.12918540510879e-16,-19.6,19.6,1,1.71000000000004
222,10000,"VI","mu_2",5,0.930482215157457,0.89645315649035,0.964511273824565,0,1.71000000000004
222,10000,"VI","mu_3",10,8.10896080641206,8.07871917704668,8.13920243577743,0,1.71000000000004
222,10000,"VI","mu_4",20,20.0448967447683,20.005554954905,20.0842385346316,0,1.71000000000004
