"sim_id","n","method","component","mu_true","estimate","lower","upper","covered","elapsed_seconds"
79,10000,"Gibbs","mu_1",0,-0.0250251718824578,-0.0659572440847954,0.0151460721164802,1,537.387
79,10000,"Gibbs","mu_2",5,5.00298453399396,4.96056494401389,5.04502317340371,1,537.387
79,10000,"Gibbs","mu_3",10,10.0172664313728,9.97710014316734,10.0568137818182,1,537.387
79,10000,"Gibbs","mu_4",20,19.9874736082785,19.9474343928197,20.0263841451129,1,537.387
79,10000,"VI","mu_1",0,-1.87487096746905e-15,-19.6,19.6,1,3.09800000000007
79,10000,"VI","mu_2",5,1.74408656719172,1.7132125242597,1.77496061012374,0,3.09800000000007
79,10000,"VI","mu_3",10,8.96138293100109,8.92793521592722,8.99483064607497,0,3.09800000000007
79,10000,"VI","mu_4",20,19.9873034011209,19.948382706437,20.0262240958048,1,3.09800000000007
