"sim_id","n","method","component","mu_true","estimate","lower","upper","covered","elapsed_seconds"
418,10000,"Gibbs","mu_1",0,1.73391183910666,1.6673613773516,1.79657719199672,0,525.861
418,10000,"Gibbs","mu_2",5,8.94778449693751,8.86797048853635,9.02442107255169,0,525.861
418,10000,"Gibbs","mu_3",10,19.9353929886342,19.8125868112221,20.0206486029335,0,525.861
418,10000,"Gibbs","mu_4",20,20.0774936575769,19.9930755225637,20.2032431602716,1,525.861
418,10000,"VI","mu_1",0,-1.10596598924841e-06,-19.5999978819588,19.5999956700268,1,0.432000000000016
418,10000,"VI","mu_2",5,-1.10596598924841e-06,-19.5999978819588,19.5999956700268,1,0.432000000000016
418,10000,"VI","mu_3",10,4.9815154823413,4.9588704351775,5.0041605295051,0,0.432000000000016
418,10000,"VI","mu_4",20,19.9472467324363,19.9081137761151,19.9863796887575,0,0.432000000000016
