"sim_id","n","method","component","mu_true","estimate","lower","upper","covered","elapsed_seconds"
71,10000,"Gibbs","mu_1",0,-0.0126728277605919,-0.0534539921236343,0.0276992674475843,1,536.718
71,10000,"Gibbs","mu_2",5,4.99425654679873,4.95235642187667,5.03640805165376,1,536.718
71,10000,"Gibbs","mu_3",10,10.0246815611246,9.98486333430336,10.0649756519247,1,536.718
71,10000,"Gibbs","mu_4",20,19.9908389621505,19.9511704035493,20.0295546983334,1,536.718
71,10000,"VI","mu_1",0,-4.71195116392622e-16,-19.6,19.6,1,2.36700000000008
71,10000,"VI","mu_2",5,1.36947365256992,1.33747462327984,1.40147268186001,0,2.36700000000008
71,10000,"VI","mu_3",10,8.62376347784422,8.59177466591226,8.65575228977618,0,2.36700000000008
71,10000,"VI","mu_4",20,19.9909579036746,19.9517111935828,20.0302046137665,1,2.36700000000008
