"sim_id","n","method","component","mu_true","estimate","lower","upper","covered","elapsed_seconds"
432,10000,"Gibbs","mu_1",0,0.0472073203724444,0.00688346505952939,0.0872977222444785,0,535.267
432,10000,"Gibbs","mu_2",5,4.99565313662606,4.95364902622205,5.03723697493115,1,535.267
432,10000,"Gibbs","mu_3",10,10.0095776727148,9.96902618251842,10.0503970243418,1,535.267
432,10000,"Gibbs","mu_4",20,20.0013800413001,19.961211588983,20.0420363486272,1,535.267
432,10000,"VI","mu_1",0,-1.19603058220055e-15,-19.6,19.6,1,1.88199999999995
432,10000,"VI","mu_2",5,1.74862272709429,1.71803186930091,1.77921358488767,0,1.88199999999995
432,10000,"VI","mu_3",10,8.99237782751305,8.95872875957915,9.02602689544696,0,1.88199999999995
432,10000,"VI","mu_4",20,20.0013711347065,19.9621869689288,20.0405553004841,1,1.88199999999995
