"sim_id","n","method","component","mu_true","estimate","lower","upper","covered","elapsed_seconds"
326,10000,"Gibbs","mu_1",0,0.0275851860098802,-0.0138416143782273,0.0684937937339429,1,504.092
326,10000,"Gibbs","mu_2",5,4.97098526449372,4.92754407910688,5.01377526384379,1,504.092
326,10000,"Gibbs","mu_3",10,9.98437184832282,9.94200541992424,10.0258242879283,1,504.092
326,10000,"Gibbs","mu_4",20,20.0193616265504,19.9807743092383,20.0570029819492,1,504.092
326,10000,"VI","mu_1",0,0.0275278395345021,-0.0116932556373258,0.06674893470633,1,0.388000000000034
326,10000,"VI","mu_2",5,4.97062240430451,4.93090053701356,5.01034427159547,1,0.388000000000034
326,10000,"VI","mu_3",10,9.98435892028168,9.94499305467746,10.0237247858859,1,0.388000000000034
326,10000,"VI","mu_4",20,20.0194118791155,19.9808916193287,20.0579321389022,1,0.388000000000034
