"sim_id","n","method","component","mu_true","estimate","lower","upper","covered","elapsed_seconds"
232,10000,"Gibbs","mu_1",0,0.0131200741260074,-0.0276988387383754,0.0547365144495778,1,511.409
232,10000,"Gibbs","mu_2",5,4.99178033452078,4.94922123744978,5.03436010095614,1,511.409
232,10000,"Gibbs","mu_3",10,9.9899385313439,9.94963591727133,10.0297149743457,1,511.409
232,10000,"Gibbs","mu_4",20,19.9598692296388,19.920377682253,19.9985204397362,0,511.409
232,10000,"VI","mu_1",0,0.0131614745902858,-0.0258307816789351,0.0521537308595067,1,0.345000000000027
232,10000,"VI","mu_2",5,4.99178876472983,4.95236546881333,5.03121206064633,1,0.345000000000027
232,10000,"VI","mu_3",10,9.98979161093376,9.9505881611109,10.0289950607566,1,0.345000000000027
232,10000,"VI","mu_4",20,19.9600119123352,19.9208276612518,19.9991961634187,0,0.345000000000027
