"sim_id","n","method","component","mu_true","estimate","lower","upper","covered","elapsed_seconds"
207,10000,"Gibbs","mu_1",0,-0.0171969329961183,-0.057753966107536,0.023719999361739,1,531.124
207,10000,"Gibbs","mu_2",5,5.00427531287807,4.96277581422867,5.04559044154454,1,531.124
207,10000,"Gibbs","mu_3",10,9.99347504273034,9.95155427166321,10.0350526248011,1,531.124
207,10000,"Gibbs","mu_4",20,19.9881007368353,19.9500474381858,20.0266948599224,1,531.124
207,10000,"VI","mu_1",0,-0.0171399626189907,-0.0564027683819853,0.022122843144004,1,0.303999999999974
207,10000,"VI","mu_2",5,5.00462077667265,4.96605762583859,5.04318392750671,1,0.303999999999974
207,10000,"VI","mu_3",10,9.9937405506418,9.95355406224532,10.0339270390383,1,0.303999999999974
207,10000,"VI","mu_4",20,19.9880702265436,19.9492260411122,20.026914411975,1,0.303999999999974
