"sim_id","n","method","component","mu_true","estimate","lower","upper","covered","elapsed_seconds"
439,10000,"Gibbs","mu_1",0,0.00931992069259127,-0.0315201122895643,0.0507433133093758,1,524.895
439,10000,"Gibbs","mu_2",5,5.03420608374126,4.99186202540498,5.07633790428185,1,524.895
439,10000,"Gibbs","mu_3",10,10.0006926086141,9.96003929468117,10.0419081383994,1,524.895
439,10000,"Gibbs","mu_4",20,20.0040192788629,19.9659629700653,20.0431394415294,1,524.895
439,10000,"VI","mu_1",0,0.00908363578034812,-0.0300764088569195,0.0482436804176157,1,0.298999999999978
439,10000,"VI","mu_2",5,5.03462864487261,4.9950900989446,5.07416719080063,1,0.298999999999978
439,10000,"VI","mu_3",10,10.0004003399972,9.96086325442384,10.0399374255705,1,0.298999999999978
439,10000,"VI","mu_4",20,20.0039261839606,19.9653388114739,20.0425135564472,1,0.298999999999978
