"sim_id","n","method","component","mu_true","estimate","lower","upper","covered","elapsed_seconds"
335,10000,"Gibbs","mu_1",0,-0.032475110310269,-0.0728230004065354,0.00867284834510339,1,511.973
335,10000,"Gibbs","mu_2",5,4.9794509283833,4.9367686224206,5.02227572530112,1,511.973
335,10000,"Gibbs","mu_3",10,10.0105498338341,9.97018430461327,10.0514067980556,1,511.973
335,10000,"Gibbs","mu_4",20,20.0016864516246,19.9628732276129,20.0399427299732,1,511.973
335,10000,"VI","mu_1",0,-0.0325242686675521,-0.0716215548601743,0.00657301752507003,1,0.34800000000007
335,10000,"VI","mu_2",5,4.97974905194956,4.94045723260583,5.01904087129329,1,0.34800000000007
335,10000,"VI","mu_3",10,10.0102091390592,9.97082396933666,10.0495943087817,1,0.34800000000007
335,10000,"VI","mu_4",20,20.0014675828081,19.9624390100202,20.0404961555959,1,0.34800000000007
