"sim_id","n","method","component","mu_true","estimate","lower","upper","covered","elapsed_seconds"
35,10000,"Gibbs","mu_1",0,0.0168789751817757,-0.0235287137693006,0.0572674753826165,1,533.977
35,10000,"Gibbs","mu_2",5,5.06787214915011,5.02703420187234,5.11016283895652,0,533.977
35,10000,"Gibbs","mu_3",10,10.016386945959,9.97475233366501,10.0577756105162,1,533.977
35,10000,"Gibbs","mu_4",20,19.986392599748,19.947141326568,20.0261648553857,1,533.977
35,10000,"VI","mu_1",0,0.016494634543543,-0.0228398399384881,0.055829109025574,1,0.428999999999974
35,10000,"VI","mu_2",5,5.06768604817435,5.02871316535894,5.10665893098977,0,0.428999999999974
35,10000,"VI","mu_3",10,10.016297728235,9.97656060130138,10.0560348551685,1,0.428999999999974
35,10000,"VI","mu_4",20,19.9861252285619,19.9473495176158,20.024900939508,1,0.428999999999974
