"sim_id","n","method","component","mu_true","estimate","lower","upper","covered","elapsed_seconds"
74,10000,"Gibbs","mu_1",0,-0.00831549030689644,-0.048779072986053,0.0308721559220747,1,533.264
74,10000,"Gibbs","mu_2",5,4.99411480763032,4.95352817335767,5.03491522402833,1,533.264
74,10000,"Gibbs","mu_3",10,9.98913515712136,9.94858183306378,10.0293429603695,1,533.264
74,10000,"Gibbs","mu_4",20,19.9904896933068,19.9500865167284,20.0301369646727,1,533.264
74,10000,"VI","mu_1",0,-0.00823029954671758,-0.0474860927437608,0.0310254936503257,1,0.437000000000012
74,10000,"VI","mu_2",5,4.99361401500938,4.95474533775969,5.03248269225906,1,0.437000000000012
74,10000,"VI","mu_3",10,9.98900862800759,9.95007502595665,10.0279422300585,1,0.437000000000012
74,10000,"VI","mu_4",20,19.9903824796171,19.950621960932,20.0301429983021,1,0.437000000000012
