"sim_id","n","method","component","mu_true","estimate","lower","upper","covered","elapsed_seconds"
230,10000,"Gibbs","mu_1",0,0.0256011429769536,-0.0147199589390363,0.065965779188007,1,531.075
230,10000,"Gibbs","mu_2",5,4.99456754718944,4.95225457930094,5.03758096758022,1,531.075
230,10000,"Gibbs","mu_3",10,9.98292151310338,9.94209150416185,10.0237891618653,1,531.075
230,10000,"Gibbs","mu_4",20,20.0145471414417,19.9754467539192,20.0537817059849,1,531.075
230,10000,"VI","mu_1",0,0.0258034098859559,-0.0133749408451785,0.0649817606170903,1,0.484000000000037
230,10000,"VI","mu_2",5,4.99450411685947,4.95521521187764,5.0337930218413,1,0.484000000000037
230,10000,"VI","mu_3",10,9.98305655109926,9.94375871748512,10.0223543847134,1,0.484000000000037
230,10000,"VI","mu_4",20,20.0145894938651,19.9755531812634,20.0536258064667,1,0.484000000000037
