"sim_id","n","method","component","mu_true","estimate","lower","upper","covered","elapsed_seconds"
322,10000,"Gibbs","mu_1",0,-0.00338687739800245,-0.0444259489192071,0.0364560005291473,1,511.818
322,10000,"Gibbs","mu_2",5,4.98795747908973,4.946194714601,5.03025721103933,1,511.818
322,10000,"Gibbs","mu_3",10,10.0028379742822,9.96215765478095,10.0431639996763,1,511.818
322,10000,"Gibbs","mu_4",20,19.9816262100138,19.941037452102,20.0216780146718,1,511.818
322,10000,"VI","mu_1",0,-4.66102826054993e-16,-19.6,19.6,1,3.303
322,10000,"VI","mu_2",5,1.39000228289755,1.35821568086942,1.42178888492568,0,3.303
322,10000,"VI","mu_3",10,8.62625366655132,8.59428286748969,8.65822446561295,0,3.303
322,10000,"VI","mu_4",20,19.9804637750209,19.940780732236,20.0201468178058,1,3.303
