"sim_id","n","method","component","mu_true","estimate","lower","upper","covered","elapsed_seconds"
83,10000,"Gibbs","mu_1",0,0.0457488810881396,0.00523689419017447,0.0865109139948394,0,530.618
83,10000,"Gibbs","mu_2",5,4.99452639407643,4.95126809174336,5.03680445685573,1,530.618
83,10000,"Gibbs","mu_3",10,10.0249344808388,9.98384604971064,10.0647693410636,1,530.618
83,10000,"Gibbs","mu_4",20,19.9837637679322,19.9441994364802,20.0231249849679,1,530.618
83,10000,"VI","mu_1",0,0.0457650246380101,0.00663495559238742,0.0848950936836328,0,0.324999999999932
83,10000,"VI","mu_2",5,4.99463834629148,4.95556973087969,5.03370696170328,1,0.324999999999932
83,10000,"VI","mu_3",10,10.0246671439568,9.98551600106423,10.0638182868494,1,0.324999999999932
83,10000,"VI","mu_4",20,19.9843206611058,19.9448674265909,20.0237738956206,1,0.324999999999932
