"sim_id","n","method","component","mu_true","estimate","lower","upper","covered","elapsed_seconds"
48,10000,"Gibbs","mu_1",0,-0.00717547061303679,-0.0480259625840356,0.0340552199151935,1,533.665
48,10000,"Gibbs","mu_2",5,5.02086889719017,4.97872077373852,5.06397381744483,1,533.665
48,10000,"Gibbs","mu_3",10,10.0443679563865,10.0036756062069,10.0843977620124,0,533.665
48,10000,"Gibbs","mu_4",20,19.9612246067094,19.9213495450918,20.0009347643961,1,533.665
48,10000,"VI","mu_1",0,-0.00723066558452632,-0.0462602519223936,0.0317989207533409,1,0.45900000000006
48,10000,"VI","mu_2",5,5.02117243687366,4.98168118386652,5.06066368988081,1,0.45900000000006
48,10000,"VI","mu_3",10,10.0441817026739,10.0051056945785,10.0832577107693,0,0.45900000000006
48,10000,"VI","mu_4",20,19.9608871186445,19.9216793547444,20.0000948825446,1,0.45900000000006
