"sim_id","n","method","component","mu_true","estimate","lower","upper","covered","elapsed_seconds"
488,10000,"Gibbs","mu_1",0,-0.0305362614045092,-0.0711978940703456,0.00965203322577572,1,465.322
488,10000,"Gibbs","mu_2",5,4.99849434220226,4.95686013464385,5.04048176427973,1,465.322
488,10000,"Gibbs","mu_3",10,10.0401775406869,10.0009759164821,10.0795575039156,0,465.322
488,10000,"Gibbs","mu_4",20,20.0219377909766,19.9823549907254,20.0605129751716,1,465.322
488,10000,"VI","mu_1",0,-0.0306374279381838,-0.0696855794750894,0.00841072359872182,1,0.365999999999985
488,10000,"VI","mu_2",5,4.9988577042346,4.9597405070371,5.03797490143211,1,0.365999999999985
488,10000,"VI","mu_3",10,10.0402267268257,10.0013592025461,10.0790942511053,0,0.365999999999985
488,10000,"VI","mu_4",20,20.0220724090415,19.9822873242237,20.0618574938593,1,0.365999999999985
