"sim_id","n","method","component","mu_true","estimate","lower","upper","covered","elapsed_seconds"
482,10000,"Gibbs","mu_1",0,0.0029295042442924,-0.038165184150216,0.0428552259831753,1,470.39
482,10000,"Gibbs","mu_2",5,4.97972932490042,4.93749811675795,5.02236389795939,1,470.39
482,10000,"Gibbs","mu_3",10,10.0165250451602,9.975904118871,10.0580587924615,1,470.39
482,10000,"Gibbs","mu_4",20,20.020184692697,19.9816383873589,20.059248092755,1,470.39
482,10000,"VI","mu_1",0,0.00292511085272978,-0.036489833929346,0.0423400556348055,1,0.396000000000015
482,10000,"VI","mu_2",5,4.97969948533313,4.94057109691545,5.01882787375081,1,0.396000000000015
482,10000,"VI","mu_3",10,10.0163472212914,9.97722588063212,10.0554685619507,1,0.396000000000015
482,10000,"VI","mu_4",20,20.0203715721062,19.9812342198893,20.0595089243231,1,0.396000000000015
