"sim_id","n","method","component","mu_true","estimate","lower","upper","covered","elapsed_seconds"
296,10000,"Gibbs","mu_1",0,0.0358378863842335,-0.00517898954852448,0.0767295968497811,1,534.131
296,10000,"Gibbs","mu_2",5,4.99938171127491,4.95697465500735,5.04153276328194,1,534.131
296,10000,"Gibbs","mu_3",10,10.0203059391096,9.97888450436349,10.0614505240293,1,534.131
296,10000,"Gibbs","mu_4",20,20.0039008449363,19.965606984377,20.0420743889637,1,534.131
296,10000,"VI","mu_1",0,-3.35434697145735e-07,-19.5999991953735,19.5999985245041,1,0.446000000000026
296,10000,"VI","mu_2",5,-3.35434697145735e-07,-19.5999991953735,19.5999985245041,1,0.446000000000026
296,10000,"VI","mu_3",10,4.94663769626137,4.9239309626184,4.96934442990434,0,0.446000000000026
296,10000,"VI","mu_4",20,19.9557748723768,19.916955163427,19.9945945813265,0,0.446000000000026
