"sim_id","n","method","component","mu_true","estimate","lower","upper","covered","elapsed_seconds"
285,10000,"Gibbs","mu_1",0,-0.00884800896502902,-0.0489914921571019,0.031795312260973,1,525.041
285,10000,"Gibbs","mu_2",5,5.00102021571822,4.95947886695218,5.04316103456592,1,525.041
285,10000,"Gibbs","mu_3",10,9.9990194064484,9.9585438718096,10.039221327169,1,525.041
285,10000,"Gibbs","mu_4",20,20.0018569442567,19.9620623103847,20.0416951451418,1,525.041
285,10000,"VI","mu_1",0,-0.00869584287965221,-0.0476969607581541,0.0303052749988496,1,0.298000000000002
285,10000,"VI","mu_2",5,5.00129803628489,4.96218577458623,5.04041029798354,1,0.298000000000002
285,10000,"VI","mu_3",10,9.99899623774593,9.95979027186211,10.0382022036298,1,0.298000000000002
285,10000,"VI","mu_4",20,20.0018379638602,19.9623527187445,20.0413232089759,1,0.298000000000002
