"sim_id","n","method","component","mu_true","estimate","lower","upper","covered","elapsed_seconds"
364,10000,"Gibbs","mu_1",0,-0.0153491891506551,-0.0551279383290097,0.0245505774727676,1,531.198
364,10000,"Gibbs","mu_2",5,4.99482902521873,4.9528539563946,5.03744086983145,1,531.198
364,10000,"Gibbs","mu_3",10,9.97592015405176,9.93496984263978,10.0180068912021,1,531.198
364,10000,"Gibbs","mu_4",20,20.0182482842286,19.9793208074295,20.057519919085,1,531.198
364,10000,"VI","mu_1",0,-0.0152806100813779,-0.0544004459648458,0.0238392258020901,1,0.349000000000046
364,10000,"VI","mu_2",5,4.99481851486791,4.95563262230143,5.0340044074344,1,0.349000000000046
364,10000,"VI","mu_3",10,9.97552354910375,9.93581172616334,10.0152353720442,1,0.349000000000046
364,10000,"VI","mu_4",20,20.0185352782139,19.9797367827043,20.0573337737234,1,0.349000000000046
