"sim_id","n","method","component","mu_true","estimate","lower","upper","covered","elapsed_seconds"
265,10000,"Gibbs","mu_1",0,-0.0273819430802936,-0.0680977887799864,0.013560764491607,1,532.389
265,10000,"Gibbs","mu_2",5,5.03250757548847,4.99096850402691,5.07379331251347,1,532.389
265,10000,"Gibbs","mu_3",10,10.0154748707388,9.97513717099168,10.0556782792245,1,532.389
265,10000,"Gibbs","mu_4",20,20.012079739297,19.9752397124708,20.0508372158463,1,532.389
265,10000,"VI","mu_1",0,-4.06714214383267e-07,-19.5999990957375,19.599998282309,1,0.433999999999969
265,10000,"VI","mu_2",5,-4.06714214383267e-07,-19.5999990957375,19.599998282309,1,0.433999999999969
265,10000,"VI","mu_3",10,4.93677587711514,4.91406268809393,4.95948906613634,0,0.433999999999969
265,10000,"VI","mu_4",20,19.9587026404827,19.9199151339666,19.9974901469988,0,0.433999999999969
