"sim_id","n","method","component","mu_true","estimate","lower","upper","covered","elapsed_seconds"
354,10000,"Gibbs","mu_1",0,-0.0318350128224859,-0.0712489902937404,0.00896687996729872,1,525.813
354,10000,"Gibbs","mu_2",5,4.98728649382536,4.94612085374502,5.02801075005658,1,525.813
354,10000,"Gibbs","mu_3",10,10.011265403612,9.97024879610424,10.0518010294836,1,525.813
354,10000,"Gibbs","mu_4",20,20.0045862542966,19.9666128442582,20.0433256203637,1,525.813
354,10000,"VI","mu_1",0,-0.0315946200564017,-0.070925719547952,0.00773647943514867,1,0.302999999999997
354,10000,"VI","mu_2",5,4.98701077602299,4.94796804253211,5.02605350951387,1,0.302999999999997
354,10000,"VI","mu_3",10,10.0114008693006,9.97211819039236,10.0506835482088,1,0.302999999999997
354,10000,"VI","mu_4",20,20.0046995384267,19.965554381526,20.0438446953273,1,0.302999999999997
