"sim_id","n","method","component","mu_true","estimate","lower","upper","covered","elapsed_seconds"
449,10000,"Gibbs","mu_1",0,0.022658185391687,-0.0182345519118122,0.0638817604207829,1,523.1
449,10000,"Gibbs","mu_2",5,4.98491051305984,4.94227561327737,5.02643105204,1,523.1
449,10000,"Gibbs","mu_3",10,9.92227899424743,9.88182074339171,9.96362991600465,0,523.1
449,10000,"Gibbs","mu_4",20,20.023806080374,19.9846079814059,20.0637553204615,1,523.1
449,10000,"VI","mu_1",0,0.0228386234410215,-0.0165090892109325,0.0621863360929754,1,0.275000000000091
449,10000,"VI","mu_2",5,4.98419670768524,4.94511877855248,5.02327463681801,1,0.275000000000091
449,10000,"VI","mu_3",10,9.92244683197715,9.88374762301446,9.96114604093984,0,0.275000000000091
449,10000,"VI","mu_4",20,20.0243059242337,19.9846106934491,20.0640011550183,1,0.275000000000091
