"sim_id","n","method","component","mu_true","estimate","lower","upper","covered","elapsed_seconds"
468,10000,"Gibbs","mu_1",0,0.00302285581482396,-0.0373483888977767,0.0434397023161338,1,511.799
468,10000,"Gibbs","mu_2",5,4.99619869277484,4.95420751361492,5.03778899586136,1,511.799
468,10000,"Gibbs","mu_3",10,9.99506874585825,9.95425975650553,10.0353587332314,1,511.799
468,10000,"Gibbs","mu_4",20,20.0025423574017,19.9630847756085,20.0425533181377,1,511.799
468,10000,"VI","mu_1",0,-3.52246274443427e-16,-19.6,19.6,1,2.76900000000001
468,10000,"VI","mu_2",5,1.32580280845237,1.29344978552089,1.35815583138385,0,2.76900000000001
468,10000,"VI","mu_3",10,8.50094873482351,8.4693476748646,8.53254979478243,0,2.76900000000001
468,10000,"VI","mu_4",20,20.0023709826466,19.9630370986408,20.0417048666525,1,2.76900000000001
