"sim_id","n","method","component","mu_true","estimate","lower","upper","covered","elapsed_seconds"
47,10000,"Gibbs","mu_1",0,0.0262044997837071,-0.0139400474080203,0.0664295256340311,1,532.753
47,10000,"Gibbs","mu_2",5,4.9865831706403,4.94378293527249,5.02991192787542,1,532.753
47,10000,"Gibbs","mu_3",10,9.99743606606969,9.95733437469256,10.0382691123482,1,532.753
47,10000,"Gibbs","mu_4",20,20.0112958463309,19.972281420863,20.0497508977763,1,532.753
47,10000,"VI","mu_1",0,0.0262733264897112,-0.0129554109003415,0.0655020638797639,1,0.307999999999993
47,10000,"VI","mu_2",5,4.98639869737365,4.94655602288718,5.02624137186011,1,0.307999999999993
47,10000,"VI","mu_3",10,9.99721445138081,9.95826058298975,10.0361683197719,1,0.307999999999993
47,10000,"VI","mu_4",20,20.0110834314749,19.9722849359498,20.049881927,1,0.307999999999993
