"sim_id","n","method","component","mu_true","estimate","lower","upper","covered","elapsed_seconds"
3,10000,"Gibbs","mu_1",0,-0.00408713706750512,-0.0461857974781084,0.0359470066827947,1,475.03
3,10000,"Gibbs","mu_2",5,4.99919758739601,4.95754851332138,5.04184349890543,1,475.03
3,10000,"Gibbs","mu_3",10,9.9969763224,9.95549260853277,10.0378851655252,1,475.03
3,10000,"Gibbs","mu_4",20,19.9841751170781,19.9456753350337,20.0231863141019,1,475.03
3,10000,"VI","mu_1",0,-0.00399748185702857,-0.0430695119895526,0.0350745482754954,1,0.374000000000024
3,10000,"VI","mu_2",5,4.99918071705074,4.95998047989801,5.03838095420348,1,0.374000000000024
3,10000,"VI","mu_3",10,9.99715543911169,9.95765935100489,10.0366515272185,1,0.374000000000024
3,10000,"VI","mu_4",20,19.9838686336332,19.9448323210576,20.0229049462087,1,0.374000000000024
