"sim_id","n","method","component","mu_true","estimate","lower","upper","covered","elapsed_seconds"
269,10000,"Gibbs","mu_1",0,-0.0189922114711782,-0.0592578887974001,0.0211142820109245,1,530.659
269,10000,"Gibbs","mu_2",5,5.00711484598144,4.96510098303524,5.04933033465266,1,530.659
269,10000,"Gibbs","mu_3",10,9.99475238153119,9.95400698340288,10.0362257036996,1,530.659
269,10000,"Gibbs","mu_4",20,19.9688031151092,19.9298401779165,20.0078134364735,1,530.659
269,10000,"VI","mu_1",0,-4.29422839029096e-16,-19.6,19.6,1,3.88700000000006
269,10000,"VI","mu_2",5,1.40939574216066,1.37734230990345,1.44144917441787,0,3.88700000000006
269,10000,"VI","mu_3",10,8.56647259887012,8.53461406824989,8.59833112949034,0,3.88700000000006
269,10000,"VI","mu_4",20,19.9682900708133,19.9289006256395,20.0076795159872,1,3.88700000000006
