"sim_id","n","method","component","mu_true","estimate","lower","upper","covered","elapsed_seconds"
341,10000,"Gibbs","mu_1",0,-0.00585216190502282,-0.0470735848475607,0.035307741867157,1,512.69
341,10000,"Gibbs","mu_2",5,5.02679196140139,4.98488699366993,5.06863104481452,1,512.69
341,10000,"Gibbs","mu_3",10,9.99435423264554,9.95450515651811,10.0337930945983,1,512.69
341,10000,"Gibbs","mu_4",20,20.0189416039689,19.9798859807461,20.0583254262867,1,512.69
341,10000,"VI","mu_1",0,-8.33664783480081e-16,-19.6,19.6,1,4.56699999999989
341,10000,"VI","mu_2",5,1.57339634297146,1.54179895870438,1.60499372723854,0,4.56699999999989
341,10000,"VI","mu_3",10,8.77289179727083,8.74036148615398,8.80542210838768,0,4.56699999999989
341,10000,"VI","mu_4",20,20.0187006771834,19.9796721047226,20.0577292496442,1,4.56699999999989
