"sim_id","n","method","component","mu_true","estimate","lower","upper","covered","elapsed_seconds"
489,10000,"Gibbs","mu_1",0,-0.00543979530957927,-0.0454870863275433,0.0344148288853793,1,466.291
489,10000,"Gibbs","mu_2",5,4.98517362120629,4.94348739475485,5.02861837812748,1,466.291
489,10000,"Gibbs","mu_3",10,10.0194804648281,9.97962185109147,10.0590417394564,1,466.291
489,10000,"Gibbs","mu_4",20,19.9772005733284,19.93688932214,20.0162536751327,1,466.291
489,10000,"VI","mu_1",0,-3.28292372611986e-07,-19.5999991618952,19.5999985053104,1,0.515999999999963
489,10000,"VI","mu_2",5,-3.28292372611986e-07,-19.5999991618952,19.5999985053104,1,0.515999999999963
489,10000,"VI","mu_3",10,5.01638744115519,4.99382291760492,5.03895196470546,0,0.515999999999963
489,10000,"VI","mu_4",20,19.9329447603569,19.8933872073084,19.9725023134053,0,0.515999999999963
