"sim_id","n","method","component","mu_true","estimate","lower","upper","covered","elapsed_seconds"
137,10000,"Gibbs","mu_1",0,-0.0190345878696198,-0.0593523808052679,0.021170678486212,1,529.43
137,10000,"Gibbs","mu_2",5,4.99751429815426,4.95545432559508,5.03851283684105,1,529.43
137,10000,"Gibbs","mu_3",10,10.0370255498981,9.99463320608942,10.0783299289034,1,529.43
137,10000,"Gibbs","mu_4",20,20.0058655207217,19.9671898137428,20.0445386311436,1,529.43
137,10000,"VI","mu_1",0,-0.0188730151246775,-0.0583091510648378,0.0205631208154828,1,0.368999999999915
137,10000,"VI","mu_2",5,4.99682130246101,4.95822034444256,5.03542226047945,1,0.368999999999915
137,10000,"VI","mu_3",10,10.0368930940135,9.99714625637184,10.0766399316551,1,0.368999999999915
137,10000,"VI","mu_4",20,20.0050943154343,19.9660502583245,20.0441383725441,1,0.368999999999915
