"sim_id","n","method","component","mu_true","estimate","lower","upper","covered","elapsed_seconds"
387,10000,"Gibbs","mu_1",0,0.0105247663750309,-0.0314520802097058,0.0512324917697376,1,532.246
387,10000,"Gibbs","mu_2",5,4.98847547350568,4.94778490744726,5.03108492404216,1,532.246
387,10000,"Gibbs","mu_3",10,9.99053613163669,9.94959650096408,10.0316532833793,1,532.246
387,10000,"Gibbs","mu_4",20,19.9969401924499,19.9580579232325,20.0359592962707,1,532.246
387,10000,"VI","mu_1",0,1.74448253769299,1.71355442263414,1.77541065275183,0,3.928
387,10000,"VI","mu_2",5,8.85979466712084,8.82653088456264,8.89305844967905,0,3.928
387,10000,"VI","mu_3",10,19.9966704777146,19.9413660982236,20.0519748572056,0,3.928
387,10000,"VI","mu_4",20,19.9967450607885,19.941440681643,20.052049439934,1,3.928
