"sim_id","n","method","component","mu_true","estimate","lower","upper","covered","elapsed_seconds"
486,10000,"Gibbs","mu_1",0,-0.0201404843025309,-0.0613837815094492,0.0210867980287093,1,460.829
486,10000,"Gibbs","mu_2",5,5.02916508594998,4.98666569631299,5.07161764265174,1,460.829
486,10000,"Gibbs","mu_3",10,10.0253669674938,9.98518759865819,10.065621002119,1,460.829
486,10000,"Gibbs","mu_4",20,20.0251131795901,19.9856360441865,20.0645256526887,1,460.829
486,10000,"VI","mu_1",0,-0.0203668777031214,-0.0597684517418983,0.0190346963356555,1,0.38900000000001
486,10000,"VI","mu_2",5,5.02872311349904,4.98947727733263,5.06796894966546,1,0.38900000000001
486,10000,"VI","mu_3",10,10.0250222591959,9.98634760733705,10.0636969110547,1,0.38900000000001
486,10000,"VI","mu_4",20,20.025101150854,19.9856078909013,20.0645944108066,1,0.38900000000001
