"sim_id","n","method","component","mu_true","estimate","lower","upper","covered","elapsed_seconds"
68,10000,"Gibbs","mu_1",0,-0.0043926998224285,-0.044650830497404,0.0360274990587241,1,526.113
68,10000,"Gibbs","mu_2",5,4.95861416770926,4.91517980912996,5.00014090558116,1,526.113
68,10000,"Gibbs","mu_3",10,9.95758193446655,9.91809196494027,9.99764998078268,0,526.113
68,10000,"Gibbs","mu_4",20,19.9916858295697,19.9523747267213,20.0322737641945,1,526.113
68,10000,"VI","mu_1",0,-0.0043969584728123,-0.0436058674161524,0.0348119504705278,1,0.30499999999995
68,10000,"VI","mu_2",5,4.95889105504129,4.91962251370942,4.99815959637316,0,0.30499999999995
68,10000,"VI","mu_3",10,9.95764418983672,9.91896581339986,9.99632256627357,0,0.30499999999995
68,10000,"VI","mu_4",20,19.9918140387504,19.9521513317205,20.0314767457803,1,0.30499999999995
