"sim_id","n","method","component","mu_true","estimate","lower","upper","covered","elapsed_seconds"
487,10000,"Gibbs","mu_1",0,0.0208608309489075,-0.0196848979922077,0.0610566106006947,1,432.568
487,10000,"Gibbs","mu_2",5,5.02440929875495,4.98300135219456,5.06586912981452,1,432.568
487,10000,"Gibbs","mu_3",10,10.0002994440382,9.95865589679489,10.0408214956147,1,432.568
487,10000,"Gibbs","mu_4",20,20.020454873277,19.9811341500126,20.059058273934,1,432.568
487,10000,"VI","mu_1",0,0.0208186636522742,-0.0178313188177768,0.0594686461223252,1,0.353000000000009
487,10000,"VI","mu_2",5,5.02431667657705,4.98508907441438,5.06354427873971,1,0.353000000000009
487,10000,"VI","mu_3",10,10.0006167678587,9.96070714816617,10.0405263875513,1,0.353000000000009
487,10000,"VI","mu_4",20,20.0202605318601,19.9812164746422,20.059304589078,1,0.353000000000009
