"sim_id","n","method","component","mu_true","estimate","lower","upper","covered","elapsed_seconds"
89,10000,"Gibbs","mu_1",0,0.00905948580666916,-0.0322999822162248,0.050765585194874,1,531.804
89,10000,"Gibbs","mu_2",5,5.02124186359296,4.97941636805396,5.06362862352829,1,531.804
89,10000,"Gibbs","mu_3",10,10.0266584434792,9.98585171168895,10.0673450796294,1,531.804
89,10000,"Gibbs","mu_4",20,19.9908117107025,19.9517294034421,20.0296665163726,1,531.804
89,10000,"VI","mu_1",0,-7.69502452561309e-07,-19.5999982226878,19.5999966836829,1,0.455999999999904
89,10000,"VI","mu_2",5,-7.69502452561309e-07,-19.5999982226878,19.5999966836829,1,0.455999999999904
89,10000,"VI","mu_3",10,5.04418157913625,5.02145319107336,5.06690996719915,0,0.455999999999904
89,10000,"VI","mu_4",20,19.9448301304102,19.9061180208735,19.9835422399468,0,0.455999999999904
