"sim_id","n","method","component","mu_true","estimate","lower","upper","covered","elapsed_seconds"
109,10000,"Gibbs","mu_1",0,-0.0227330371000683,-0.0632828329437631,0.0182116033448211,1,528.936
109,10000,"Gibbs","mu_2",5,4.99960446260551,4.95643719024651,5.04191799725594,1,528.936
109,10000,"Gibbs","mu_3",10,9.98688004077898,9.94728185970888,10.0268432658514,1,528.936
109,10000,"Gibbs","mu_4",20,20.0104724534544,19.9722650322628,20.0482550567335,1,528.936
109,10000,"VI","mu_1",0,-4.8818489227377e-05,-19.5999341707796,19.5998365338012,1,0.493000000000052
109,10000,"VI","mu_2",5,-4.8818489227377e-05,-19.5999341707796,19.5998365338012,1,0.493000000000052
109,10000,"VI","mu_3",10,5.03194871887276,5.00921232796473,5.05468510978079,0,0.493000000000052
109,10000,"VI","mu_4",20,19.96338564242,19.9247129954387,20.0020582894013,1,0.493000000000052
