"sim_id","n","method","component","mu_true","estimate","lower","upper","covered","elapsed_seconds"
73,10000,"Gibbs","mu_1",0,0.00450145821007984,-0.0363576155253943,0.0455106720099719,1,533.358
73,10000,"Gibbs","mu_2",5,5.01360830937549,4.97190450472412,5.05544930592204,1,533.358
73,10000,"Gibbs","mu_3",10,9.9892320116921,9.9475189737783,10.0308118658182,1,533.358
73,10000,"Gibbs","mu_4",20,19.9910643805911,19.9525869071807,20.0289918317927,1,533.358
73,10000,"VI","mu_1",0,0.00407911872279866,-0.0354293790415365,0.0435876164871338,1,0.215000000000032
73,10000,"VI","mu_2",5,5.01354138747378,4.97477212185525,5.05231065309231,1,0.215000000000032
73,10000,"VI","mu_3",10,9.98871124419859,9.94891016624785,10.0285123221493,1,0.215000000000032
73,10000,"VI","mu_4",20,19.9910315380932,19.9522785716469,20.0297845045395,1,0.215000000000032
