"sim_id","n","method","component","mu_true","estimate","lower","upper","covered","elapsed_seconds"
372,10000,"Gibbs","mu_1",0,-0.0433309858400782,-0.0821722835779855,-0.00221181639667301,0,529.499
372,10000,"Gibbs","mu_2",5,5.00176566018484,4.96011948722082,5.04447518471798,1,529.499
372,10000,"Gibbs","mu_3",10,9.99859523850768,9.95771684514381,10.0405528387482,1,529.499
372,10000,"Gibbs","mu_4",20,20.0232632693352,19.983401235629,20.0636256258633,1,529.499
372,10000,"VI","mu_1",0,-0.0435592066142664,-0.0822626176310524,-0.00485579559748044,0,0.480000000000018
372,10000,"VI","mu_2",5,5.00178258565246,4.96282110605655,5.04074406524837,1,0.480000000000018
372,10000,"VI","mu_3",10,9.9989791218856,9.95929814534531,10.0386600984259,1,0.480000000000018
372,10000,"VI","mu_4",20,20.0231036098204,19.9836263744255,20.0625808452154,1,0.480000000000018
