"sim_id","n","method","component","mu_true","estimate","lower","upper","covered","elapsed_seconds"
321,10000,"Gibbs","mu_1",0,-0.0108729036128024,-0.0509039825025146,0.0288275489897513,1,512.109
321,10000,"Gibbs","mu_2",5,5.0127959885643,4.9697423365578,5.05488863302641,1,512.109
321,10000,"Gibbs","mu_3",10,10.031567578119,9.99138329789425,10.0728651890316,1,512.109
321,10000,"Gibbs","mu_4",20,20.0087111114521,19.9704251650343,20.0469722430495,1,512.109
321,10000,"VI","mu_1",0,-1.22668985768959e-06,-19.599997629233,19.5999951758533,1,0.471000000000004
321,10000,"VI","mu_2",5,-1.22668985768959e-06,-19.599997629233,19.5999951758533,1,0.471000000000004
321,10000,"VI","mu_3",10,4.92393320545979,4.90118537199333,4.94668103892624,0,0.471000000000004
321,10000,"VI","mu_4",20,19.9436267871843,19.9050102832498,19.9822432911188,0,0.471000000000004
