"sim_id","n","method","component","mu_true","estimate","lower","upper","covered","elapsed_seconds"
283,10000,"Gibbs","mu_1",0,-0.0150438271997452,-0.0545320429059565,0.0255748720149224,1,531.314
283,10000,"Gibbs","mu_2",5,4.95739929945669,4.9141608536015,4.99893642033433,0,531.314
283,10000,"Gibbs","mu_3",10,10.007164430927,9.96642436848195,10.0471264875851,1,531.314
283,10000,"Gibbs","mu_4",20,19.998388554222,19.9593970383621,20.0377088206416,1,531.314
283,10000,"VI","mu_1",0,-1.00064435699852e-15,-19.6,19.6,1,2.47800000000007
283,10000,"VI","mu_2",5,1.60763118913211,1.57656648247136,1.63869589579286,0,2.47800000000007
283,10000,"VI","mu_3",10,8.87883307585471,8.84565156835649,8.91201458335292,0,2.47800000000007
283,10000,"VI","mu_4",20,19.9984099143347,19.9594431042718,20.0373767243977,1,2.47800000000007
