"sim_id","n","method","component","mu_true","estimate","lower","upper","covered","elapsed_seconds"
348,10000,"Gibbs","mu_1",0,-0.0119585059729722,-0.0518388932658211,0.0284998203166516,1,513.795
348,10000,"Gibbs","mu_2",5,4.98227134259573,4.94081950648413,5.02261994594619,1,513.795
348,10000,"Gibbs","mu_3",10,9.96204790361227,9.9213658807471,10.0025393032774,1,513.795
348,10000,"Gibbs","mu_4",20,19.9961066147308,19.9569761115927,20.0359487723084,1,513.795
348,10000,"VI","mu_1",0,-1.60429409992838e-16,-19.6,19.6,1,2.20699999999999
348,10000,"VI","mu_2",5,1.07398199676992,1.04077055457499,1.10719343896486,0,2.20699999999999
348,10000,"VI","mu_3",10,8.26578488640777,8.23506653087583,8.29650324193971,0,2.20699999999999
348,10000,"VI","mu_4",20,19.9958576588413,19.9562275013689,20.0354878163138,1,2.20699999999999
