"sim_id","n","method","component","mu_true","estimate","lower","upper","covered","elapsed_seconds"
258,10000,"Gibbs","mu_1",0,0.013296594478967,-0.0280778329408033,0.0538380861755602,1,529.129
258,10000,"Gibbs","mu_2",5,5.03876906517351,4.9960934244555,5.08121004499328,1,529.129
258,10000,"Gibbs","mu_3",10,9.99513861987883,9.95443059115187,10.0358404315296,1,529.129
258,10000,"Gibbs","mu_4",20,20.01047053678,19.9707015500053,20.0499833032659,1,529.129
258,10000,"VI","mu_1",0,-1.2860174701465e-16,-19.6,19.6,1,1.77699999999993
258,10000,"VI","mu_2",5,0.998678339329893,0.96484155844531,1.03251512021448,0,1.77699999999993
258,10000,"VI","mu_3",10,8.23436342876076,8.20392976620458,8.26479709131693,0,1.77699999999993
258,10000,"VI","mu_4",20,20.0100422673518,19.970819070194,20.0492654645097,1,1.77699999999993
