"sim_id","n","method","component","mu_true","estimate","lower","upper","covered","elapsed_seconds"
385,10000,"Gibbs","mu_1",0,0.0105997580421364,-0.0292294638065508,0.0496284650194148,1,532.033
385,10000,"Gibbs","mu_2",5,4.99548283324827,4.95382899236313,5.03641587230864,1,532.033
385,10000,"Gibbs","mu_3",10,10.0364897301123,9.99602027465925,10.0759134465758,1,532.033
385,10000,"Gibbs","mu_4",20,20.0059987522023,19.9659608053625,20.0455340956931,1,532.033
385,10000,"VI","mu_1",0,0.0102409265542309,-0.0288162748141085,0.0492981279225704,1,0.342000000000098
385,10000,"VI","mu_2",5,4.99511116461449,4.95586304042416,5.03435928880483,1,0.342000000000098
385,10000,"VI","mu_3",10,10.0365325266489,9.99752585516851,10.0755391981293,1,0.342000000000098
385,10000,"VI","mu_4",20,20.006274794427,19.9667815344866,20.0457680543673,1,0.342000000000098
