"sim_id","n","method","component","mu_true","estimate","lower","upper","covered","elapsed_seconds"
455,10000,"Gibbs","mu_1",0,-0.0269144963184145,-0.0673514194648109,0.0136975195182229,1,525.544
455,10000,"Gibbs","mu_2",5,4.99788114765889,4.95614862674393,5.04001804974658,1,525.544
455,10000,"Gibbs","mu_3",10,10.0216117944715,9.98159647834528,10.0621517176421,1,525.544
455,10000,"Gibbs","mu_4",20,19.9995078682174,19.9594968542485,20.0390732877005,1,525.544
455,10000,"VI","mu_1",0,-0.0267648399924121,-0.0658701757694722,0.0123404957846479,1,0.384999999999991
455,10000,"VI","mu_2",5,4.99768335632808,4.95881109547921,5.03655561717694,1,0.384999999999991
455,10000,"VI","mu_3",10,10.0215821297906,9.98238666541313,10.0607775941681,1,0.384999999999991
455,10000,"VI","mu_4",20,19.9996415826208,19.9600032106177,20.039279954624,1,0.384999999999991
