"sim_id","n","method","component","mu_true","estimate","lower","upper","covered","elapsed_seconds"
17,10000,"Gibbs","mu_1",0,0.0170248106513495,-0.0238121196252107,0.0582300027535087,1,528.12
17,10000,"Gibbs","mu_2",5,4.99752478096614,4.95533924916202,5.04000967477696,1,528.12
17,10000,"Gibbs","mu_3",10,9.97764260415187,9.93689863732203,10.0187242733396,1,528.12
17,10000,"Gibbs","mu_4",20,19.980592104745,19.9430254795002,20.0190744211494,1,528.12
17,10000,"VI","mu_1",0,-6.37486820635416e-07,-19.5999986213852,19.5999973464116,1,0.432999999999993
17,10000,"VI","mu_2",5,-6.37486820635416e-07,-19.5999986213852,19.5999973464116,1,0.432999999999993
17,10000,"VI","mu_3",10,4.96508282464478,4.94235372088675,4.98781192840282,0,0.432999999999993
17,10000,"VI","mu_4",20,19.9468968805074,19.9081883067297,19.985605454285,0,0.432999999999993
