"sim_id","n","method","component","mu_true","estimate","lower","upper","covered","elapsed_seconds"
336,10000,"Gibbs","mu_1",0,-0.0124567694705851,-0.0533286526431416,0.0273722976649686,1,514.692
336,10000,"Gibbs","mu_2",5,4.98137685443429,4.93940244794058,5.02279882162341,1,514.692
336,10000,"Gibbs","mu_3",10,10.0403254957911,9.99967504753145,10.0812915342854,1,514.692
336,10000,"Gibbs","mu_4",20,20.0129282410639,19.9743693688837,20.0518848896889,1,514.692
336,10000,"VI","mu_1",0,-1.38143891190321e-15,-19.6,19.6,1,2.44799999999998
336,10000,"VI","mu_2",5,1.70942731405145,1.67874324371363,1.74011138438927,0,2.44799999999998
336,10000,"VI","mu_3",10,8.98238738119996,8.94862825737473,9.0161465050252,0,2.44799999999998
336,10000,"VI","mu_4",20,20.0126946226095,19.9738733023106,20.0515159429084,1,2.44799999999998
