"sim_id","n","method","component","mu_true","estimate","lower","upper","covered","elapsed_seconds"
490,10000,"Gibbs","mu_1",0,1.57288120187778,1.50119572581282,1.64418764956863,0,473.629
490,10000,"Gibbs","mu_2",5,8.79568682675019,8.71981918526565,8.87199778254708,0,473.629
490,10000,"Gibbs","mu_3",10,19.8585180727333,19.711147818229,19.9955316376638,0,473.629
490,10000,"Gibbs","mu_4",20,20.1353165358827,19.9983424524083,20.2814156606988,1,473.629
490,10000,"VI","mu_1",0,-4.04487608138329e-06,-19.5999927246045,19.5999846348523,1,0.447000000000003
490,10000,"VI","mu_2",5,-4.04487608138329e-06,-19.5999927246045,19.5999846348523,1,0.447000000000003
490,10000,"VI","mu_3",10,5.01563907760364,4.99297908879411,5.03829906641318,0,0.447000000000003
490,10000,"VI","mu_4",20,19.9610308741866,19.9219747241929,20.0000870241802,1,0.447000000000003
