"sim_id","n","method","component","mu_true","estimate","lower","upper","covered","elapsed_seconds"
117,10000,"Gibbs","mu_1",0,-0.00824239294847099,-0.0488337539177258,0.0325107203760533,1,530.475
117,10000,"Gibbs","mu_2",5,5.01219421000048,4.97055389203419,5.05411400235364,1,530.475
117,10000,"Gibbs","mu_3",10,9.99504614778531,9.95514028334803,10.0351710174159,1,530.475
117,10000,"Gibbs","mu_4",20,19.9810795404833,19.9423758919653,20.0203570144892,1,530.475
117,10000,"VI","mu_1",0,-6.37104184278169e-07,-19.5999985347211,19.5999972605128,1,0.401000000000067
117,10000,"VI","mu_2",5,-6.37104184278169e-07,-19.5999985347211,19.5999972605128,1,0.401000000000067
117,10000,"VI","mu_3",10,4.99251603695952,4.96989966376715,5.0151324101519,0,0.401000000000067
117,10000,"VI","mu_4",20,19.9391833027137,19.8999012393045,19.9784653661229,0,0.401000000000067
