"sim_id","n","method","component","mu_true","estimate","lower","upper","covered","elapsed_seconds"
282,10000,"Gibbs","mu_1",0,0.0311762248482189,-0.00872710843919744,0.0709036634359641,1,526.038
282,10000,"Gibbs","mu_2",5,5.01156707317866,4.96910280843667,5.05363055745139,1,526.038
282,10000,"Gibbs","mu_3",10,9.98496213873573,9.94409358101855,10.0252978579124,1,526.038
282,10000,"Gibbs","mu_4",20,20.007675718378,19.9681903434221,20.0474475908259,1,526.038
282,10000,"VI","mu_1",0,-4.97387951241936e-16,-19.6,19.6,1,1.99699999999996
282,10000,"VI","mu_2",5,1.40362393591568,1.37176280882566,1.4354850630057,0,1.99699999999996
282,10000,"VI","mu_3",10,8.60979775009169,8.57776408920684,8.64183141097653,0,1.99699999999996
282,10000,"VI","mu_4",20,20.0076325390358,19.9682112375883,20.0470538404833,1,1.99699999999996
