"sim_id","n","method","component","mu_true","estimate","lower","upper","covered","elapsed_seconds"
467,10000,"Gibbs","mu_1",0,0.037489486608141,-0.00262200797558424,0.0773886900114354,1,522.418
467,10000,"Gibbs","mu_2",5,5.02046642261883,4.97762166565623,5.06336534461487,1,522.418
467,10000,"Gibbs","mu_3",10,9.99192091209704,9.95053859089433,10.0320035142649,1,522.418
467,10000,"Gibbs","mu_4",20,19.9882834408881,19.9493069529757,20.0271378094661,1,522.418
467,10000,"VI","mu_1",0,-3.29930769554035e-16,-19.6,19.6,1,1.84799999999996
467,10000,"VI","mu_2",5,1.31974822787537,1.28755691218597,1.35193954356477,0,1.84799999999996
467,10000,"VI","mu_3",10,8.55110681297745,8.51921017762779,8.58300344832712,0,1.84799999999996
467,10000,"VI","mu_4",20,19.9881120466147,19.9490447288938,20.0271793643356,1,1.84799999999996
