"sim_id","n","method","component","mu_true","estimate","lower","upper","covered","elapsed_seconds"
479,10000,"Gibbs","mu_1",0,0.0337460407724255,-0.0083775610404842,0.0743703441745453,1,468.693
479,10000,"Gibbs","mu_2",5,5.00661852168452,4.96482835585348,5.04929842850188,1,468.693
479,10000,"Gibbs","mu_3",10,9.98810352391718,9.94686254813543,10.0288969886916,1,468.693
479,10000,"Gibbs","mu_4",20,19.9927863076535,19.9540436174006,20.0319300410127,1,468.693
479,10000,"VI","mu_1",0,0.0339579518424987,-0.00579157582306179,0.0737074795080593,1,0.295999999999992
479,10000,"VI","mu_2",5,5.00672454874912,4.96772070941425,5.04572838808398,1,0.295999999999992
479,10000,"VI","mu_3",10,9.98836385241212,9.949081007296,10.0276466975282,1,0.295999999999992
479,10000,"VI","mu_4",20,19.9932042448074,19.9544209434775,20.0319875461372,1,0.295999999999992
