"sim_id","n","method","component","mu_true","estimate","lower","upper","covered","elapsed_seconds"
339,10000,"Gibbs","mu_1",0,0.0195396497761736,-0.0205266624691925,0.0597278281440566,1,517.264
339,10000,"Gibbs","mu_2",5,5.04491879372768,5.00239073218395,5.08748953962685,0,517.264
339,10000,"Gibbs","mu_3",10,10.0339701265276,9.99223791004972,10.0743470928534,1,517.264
339,10000,"Gibbs","mu_4",20,19.9606182586703,19.922150186755,20.0004039393019,1,517.264
339,10000,"VI","mu_1",0,0.0190840995866431,-0.019830412403426,0.0579986115767123,1,0.435999999999922
339,10000,"VI","mu_2",5,5.04447422849137,5.00520466553101,5.08374379145172,0,0.435999999999922
339,10000,"VI","mu_3",10,10.034157433057,9.99485561388859,10.0734592522253,1,0.435999999999922
339,10000,"VI","mu_4",20,19.9608379389016,19.9215198860939,20.0001559917094,1,0.435999999999922
