"sim_id","n","method","component","mu_true","estimate","lower","upper","covered","elapsed_seconds"
45,10000,"Gibbs","mu_1",0,-0.00368437183480317,-0.0441301357282053,0.0365985212842627,1,528.798
45,10000,"Gibbs","mu_2",5,5.01210327834222,4.96967187106716,5.0539237409187,1,528.798
45,10000,"Gibbs","mu_3",10,10.015979891619,9.97643411629709,10.0552804504957,1,528.798
45,10000,"Gibbs","mu_4",20,20.028319973998,19.9894605915952,20.0666371039369,1,528.798
45,10000,"VI","mu_1",0,-7.56481340468551e-16,-19.6,19.6,1,2.6819999999999
45,10000,"VI","mu_2",5,1.51514449149673,1.48335151317249,1.54693746982098,0,2.6819999999999
45,10000,"VI","mu_3",10,8.74781323490932,8.71531017737065,8.78031629244798,0,2.6819999999999
45,10000,"VI","mu_4",20,20.0280855101035,19.9893711773582,20.0667998428488,1,2.6819999999999
