"sim_id","n","method","component","mu_true","estimate","lower","upper","covered","elapsed_seconds"
306,10000,"Gibbs","mu_1",0,-0.000492712739021647,-0.0417968668960611,0.0403441077225584,1,530.379
306,10000,"Gibbs","mu_2",5,4.97521750885759,4.93300070331885,5.01802893059768,1,530.379
306,10000,"Gibbs","mu_3",10,10.0011986891885,9.96092588470642,10.0408752400045,1,530.379
306,10000,"Gibbs","mu_4",20,19.9781738822184,19.9387107886615,20.0172615656293,1,530.379
306,10000,"VI","mu_1",0,-2.0124925314708e-15,-19.6,19.6,1,3.21699999999998
306,10000,"VI","mu_2",5,1.80060736096576,1.77022130705007,1.83099341488145,0,3.21699999999998
306,10000,"VI","mu_3",10,9.03447902162549,9.00057156219941,9.06838648105156,0,3.21699999999998
306,10000,"VI","mu_4",20,19.9781524086641,19.9389367977892,20.0173680195389,1,3.21699999999998
