"sim_id","n","method","component","mu_true","estimate","lower","upper","covered","elapsed_seconds"
96,10000,"Gibbs","mu_1",0,0.0065615764605607,-0.0338398884932584,0.0476766033463225,1,527.82
96,10000,"Gibbs","mu_2",5,5.05356565686697,5.01159104544252,5.09519292193616,0,527.82
96,10000,"Gibbs","mu_3",10,9.98958265945888,9.94918747091697,10.0294487240474,1,527.82
96,10000,"Gibbs","mu_4",20,19.9937003225037,19.9549997133751,20.0321412222748,1,527.82
96,10000,"VI","mu_1",0,0.00664684454890702,-0.0327606832409169,0.0460543723387309,1,0.437000000000012
96,10000,"VI","mu_2",5,5.0538194884371,5.01448707522109,5.09315190165311,0,0.437000000000012
96,10000,"VI","mu_3",10,9.98955801928696,9.95039009165016,10.0287259469238,1,0.437000000000012
96,10000,"VI","mu_4",20,19.9939322383636,19.9550345435365,20.0328299331907,1,0.437000000000012
