"sim_id","n","method","component","mu_true","estimate","lower","upper","covered","elapsed_seconds"
127,10000,"Gibbs","mu_1",0,0.0192767096794735,-0.0224486531055135,0.0593195122083166,1,530.227
127,10000,"Gibbs","mu_2",5,5.02173537106233,4.98027687069566,5.06419415868512,1,530.227
127,10000,"Gibbs","mu_3",10,9.98717147093638,9.94669194822793,10.0268142823782,1,530.227
127,10000,"Gibbs","mu_4",20,19.9843046020052,19.945151508819,20.0228414943464,1,530.227
127,10000,"VI","mu_1",0,-1.6155599283789e-15,-19.6,19.6,1,2.92399999999998
127,10000,"VI","mu_2",5,1.72274888773097,1.69183974394165,1.75365803152028,0,2.92399999999998
127,10000,"VI","mu_3",10,8.89679578447972,8.8638951528533,8.92969641610614,0,2.92399999999998
127,10000,"VI","mu_4",20,19.9841594637087,19.9443989522369,20.0239199751804,1,2.92399999999998
