"sim_id","n","method","component","mu_true","estimate","lower","upper","covered","elapsed_seconds"
100,10000,"Gibbs","mu_1",0,0.0410090528284092,-0.000164160431117883,0.0825501518706986,1,531.838
100,10000,"Gibbs","mu_2",5,5.00093912632012,4.95894966889408,5.04381928807621,1,531.838
100,10000,"Gibbs","mu_3",10,9.96894231823494,9.92817143445483,10.010583228484,1,531.838
100,10000,"Gibbs","mu_4",20,20.0024090550632,19.9626519549627,20.0410406708444,1,531.838
100,10000,"VI","mu_1",0,-6.02655388458004e-16,-19.6,19.6,1,2.57899999999995
100,10000,"VI","mu_2",5,1.48749385440351,1.45553261618327,1.51945509262376,0,2.57899999999995
100,10000,"VI","mu_3",10,8.59509932008054,8.56311972874847,8.62707891141262,0,2.57899999999995
100,10000,"VI","mu_4",20,20.0028087393154,19.9634748551242,20.0421426235066,1,2.57899999999995
