"sim_id","n","method","component","mu_true","estimate","lower","upper","covered","elapsed_seconds"
158,10000,"Gibbs","mu_1",0,1.47580676560004,1.41534627666122,1.53492490048055,0,532.399
158,10000,"Gibbs","mu_2",5,8.78406259656756,8.72091589188143,8.8481685534673,0,532.399
158,10000,"Gibbs","mu_3",10,19.8658426020533,19.7204772628932,20.0018896224032,0,532.399
158,10000,"Gibbs","mu_4",20,20.1424960415425,20.0043184894487,20.2846880265378,0,532.399
158,10000,"VI","mu_1",0,-5.54975873899523e-16,-19.6,19.6,1,1.81999999999994
158,10000,"VI","mu_2",5,1.47687957923212,1.44543003094371,1.50832912752053,0,1.81999999999994
158,10000,"VI","mu_3",10,8.78459382942142,8.7519813961639,8.81720626267894,0,1.81999999999994
158,10000,"VI","mu_4",20,20.0040509265778,19.9648823274867,20.043219525669,1,1.81999999999994
