"sim_id","n","method","component","mu_true","estimate","lower","upper","covered","elapsed_seconds"
78,10000,"Gibbs","mu_1",0,0.0151040879715102,-0.0251724399717855,0.0551157363553427,1,533.751
78,10000,"Gibbs","mu_2",5,4.98884968462466,4.94655287498668,5.03143547636126,1,533.751
78,10000,"Gibbs","mu_3",10,10.0494555248855,10.0085448425646,10.0894614353873,0,533.751
78,10000,"Gibbs","mu_4",20,19.98744461516,19.9468243673697,20.0265422870454,1,533.751
78,10000,"VI","mu_1",0,-1.98085430366398e-07,-19.5999994704083,19.5999990742375,1,0.230000000000018
78,10000,"VI","mu_2",5,-1.98085430366398e-07,-19.5999994704083,19.5999990742375,1,0.230000000000018
78,10000,"VI","mu_3",10,4.99606236544678,4.97343884349316,5.01868588740041,0,0.230000000000018
78,10000,"VI","mu_4",20,19.9397901380054,19.9005454614185,19.9790348145923,0,0.230000000000018
