"sim_id","n","method","component","mu_true","estimate","lower","upper","covered","elapsed_seconds"
103,10000,"Gibbs","mu_1",0,0.0209165036568345,-0.0190542206648716,0.0614041869731606,1,533.762
103,10000,"Gibbs","mu_2",5,5.00452979550039,4.9622470775805,5.04701330424444,1,533.762
103,10000,"Gibbs","mu_3",10,9.99511092529081,9.95488879715651,10.0356952149268,1,533.762
103,10000,"Gibbs","mu_4",20,19.9849911913362,19.9461242949203,20.0235257858506,1,533.762
103,10000,"VI","mu_1",0,-2.50974269894501e-16,-19.6,19.6,1,2.45800000000008
103,10000,"VI","mu_2",5,1.27833747053516,1.24587425466866,1.31080068640167,0,2.45800000000008
103,10000,"VI","mu_3",10,8.47830718475572,8.44654835187928,8.51006601763217,0,2.45800000000008
103,10000,"VI","mu_4",20,19.9854125618753,19.9465683766279,20.0242567471226,1,2.45800000000008
