"sim_id","n","method","component","mu_true","estimate","lower","upper","covered","elapsed_seconds"
289,10000,"Gibbs","mu_1",0,-0.0263490231956066,-0.0664778964693344,0.0133078379597701,1,531.383
289,10000,"Gibbs","mu_2",5,5.01621477535818,4.9744937583033,5.05773435994179,1,531.383
289,10000,"Gibbs","mu_3",10,10.0178980993151,9.97721629424123,10.059204815007,1,531.383
289,10000,"Gibbs","mu_4",20,20.0129023164275,19.9729004371408,20.0506798578138,1,531.383
289,10000,"VI","mu_1",0,-2.23863464359435e-16,-19.6,19.6,1,3.30799999999999
289,10000,"VI","mu_2",5,1.13179389059964,1.0986654666248,1.16492231457449,0,3.30799999999999
289,10000,"VI","mu_3",10,8.2960568377453,8.26498748869192,8.32712618679869,0,3.30799999999999
289,10000,"VI","mu_4",20,20.0122392185829,19.9731951615624,20.0512832756034,1,3.30799999999999
