"sim_id","n","method","component","mu_true","estimate","lower","upper","covered","elapsed_seconds"
93,10000,"Gibbs","mu_1",0,-0.00814486024324794,-0.0490357773733972,0.0324051750785243,1,531.292
93,10000,"Gibbs","mu_2",5,4.97755963983029,4.93486615539058,5.02011726975621,1,531.292
93,10000,"Gibbs","mu_3",10,9.9820700137845,9.94160049953416,10.022126184068,1,531.292
93,10000,"Gibbs","mu_4",20,19.9903060678587,19.9515798886847,20.0295332370372,1,531.292
93,10000,"VI","mu_1",0,-0.00841482608218811,-0.0474953460001044,0.0306656938357281,1,0.442000000000007
93,10000,"VI","mu_2",5,4.97711719809264,4.93791290059539,5.0163214955899,1,0.442000000000007
93,10000,"VI","mu_3",10,9.98214552558864,9.94308021165376,10.0212108395235,1,0.442000000000007
93,10000,"VI","mu_4",20,19.990526920492,19.9510736860125,20.0299801549715,1,0.442000000000007
