"sim_id","n","method","component","mu_true","estimate","lower","upper","covered","elapsed_seconds"
135,10000,"Gibbs","mu_1",0,0.00626271389128171,-0.0341062530504821,0.0473266567213414,1,531.212
135,10000,"Gibbs","mu_2",5,5.00154353036331,4.9598349297331,5.04360361603268,1,531.212
135,10000,"Gibbs","mu_3",10,9.99269853340166,9.95264708023143,10.0330429157995,1,531.212
135,10000,"Gibbs","mu_4",20,19.9980233342711,19.9594475978502,20.0372205756125,1,531.212
135,10000,"VI","mu_1",0,-6.32523718892906e-16,-19.6,19.6,1,7.96199999999999
135,10000,"VI","mu_2",5,1.43884214703238,1.40683792613607,1.47084636792869,0,7.96199999999999
135,10000,"VI","mu_3",10,8.59306472401533,8.56090524578352,8.62522420224715,0,7.96199999999999
135,10000,"VI","mu_4",20,19.9982015977365,19.9592732271746,20.0371299682984,1,7.96199999999999
