"sim_id","n","method","component","mu_true","estimate","lower","upper","covered","elapsed_seconds"
328,10000,"Gibbs","mu_1",0,-0.0240907933271893,-0.0643496312773763,0.0157131119966444,1,515.97
328,10000,"Gibbs","mu_2",5,4.99324996611522,4.95166427127187,5.03379480015296,1,515.97
328,10000,"Gibbs","mu_3",10,10.0098502930724,9.96847580447557,10.050710260588,1,515.97
328,10000,"Gibbs","mu_4",20,20.0444982792886,20.0048461842355,20.0842247139883,0,515.97
328,10000,"VI","mu_1",0,-0.0241538734134063,-0.0630381723932355,0.0147304255664229,1,0.324999999999932
328,10000,"VI","mu_2",5,4.99296761533223,4.95400799700145,5.03192723366301,1,0.324999999999932
328,10000,"VI","mu_3",10,10.0096686593806,9.9701538535379,10.0491834652233,1,0.324999999999932
328,10000,"VI","mu_4",20,20.0444484362048,20.0049952036229,20.0839016687868,0,0.324999999999932
