"sim_id","n","method","component","mu_true","estimate","lower","upper","covered","elapsed_seconds"
325,10000,"Gibbs","mu_1",0,0.00717845256416192,-0.034175619676456,0.0487649944653023,1,510.048
325,10000,"Gibbs","mu_2",5,4.96521951359494,4.92320472875825,5.00727196469559,1,510.048
325,10000,"Gibbs","mu_3",10,9.99653267317962,9.95639390970858,10.0368325666066,1,510.048
325,10000,"Gibbs","mu_4",20,20.0011065411519,19.96165585682,20.0404370772484,1,510.048
325,10000,"VI","mu_1",0,-1.24882301821357e-15,-19.6,19.6,1,2.04799999999994
325,10000,"VI","mu_2",5,1.66549447450047,1.6347049866553,1.69628396234564,0,2.04799999999994
325,10000,"VI","mu_3",10,8.95779328809942,8.92477469156986,8.99081188462899,0,2.04799999999994
325,10000,"VI","mu_4",20,20.0010882134892,19.9612785169214,20.0408979100571,1,2.04799999999994
