"sim_id","n","method","component","mu_true","estimate","lower","upper","covered","elapsed_seconds"
175,10000,"Gibbs","mu_1",0,0.0167616890206569,-0.0242425741876318,0.0578164012465952,1,529.345
175,10000,"Gibbs","mu_2",5,5.00790822875857,4.96506174337701,5.05050798465527,1,529.345
175,10000,"Gibbs","mu_3",10,9.98304208755645,9.94248105767846,10.0232518822402,1,529.345
175,10000,"Gibbs","mu_4",20,19.9967196629786,19.9570637303974,20.0355779989917,1,529.345
175,10000,"VI","mu_1",0,0.0168041511739228,-0.0228284935516914,0.0564367958995369,1,0.437999999999988
175,10000,"VI","mu_2",5,5.0078509549759,4.96880081423223,5.04690109571958,1,0.437999999999988
175,10000,"VI","mu_3",10,9.98296056235867,9.94390161568784,10.0220195090295,1,0.437999999999988
175,10000,"VI","mu_4",20,19.9970743174891,19.9580069991958,20.0361416357824,1,0.437999999999988
