"sim_id","n","method","component","mu_true","estimate","lower","upper","covered","elapsed_seconds"
121,10000,"Gibbs","mu_1",0,-0.00422475180123716,-0.0460592076829761,0.0366862765132667,1,533.945
121,10000,"Gibbs","mu_2",5,4.96921239145241,4.92757469355779,5.01079948239321,1,533.945
121,10000,"Gibbs","mu_3",10,9.99265667343405,9.95210237499304,10.0337516252907,1,533.945
121,10000,"Gibbs","mu_4",20,19.9936662406678,19.9548909453359,20.0326638902419,1,533.945
121,10000,"VI","mu_1",0,-0.00436142569012843,-0.0436679765775373,0.0349451251972804,1,0.31899999999996
121,10000,"VI","mu_2",5,4.96930142664775,4.93055675339972,5.00804609989578,1,0.31899999999996
121,10000,"VI","mu_3",10,9.99224557475584,9.95300993474967,10.031481214762,1,0.31899999999996
121,10000,"VI","mu_4",20,19.9934890406372,19.953963672477,20.0330144087973,1,0.31899999999996
