"sim_id","n","method","component","mu_true","estimate","lower","upper","covered","elapsed_seconds"
241,10000,"Gibbs","mu_1",0,-0.00212622815667484,-0.0423195313546127,0.0381426664107598,1,530.91
241,10000,"Gibbs","mu_2",5,4.98665072134263,4.94518627387603,5.02831300781297,1,530.91
241,10000,"Gibbs","mu_3",10,9.99669823492778,9.95594917181078,10.0381768962551,1,530.91
241,10000,"Gibbs","mu_4",20,20.003316020124,19.9642038273862,20.0418190297976,1,530.91
241,10000,"VI","mu_1",0,-0.00203075541018303,-0.0412773491752207,0.0372158383548547,1,0.379999999999995
241,10000,"VI","mu_2",5,4.98669828342164,4.9478681436702,5.02552842317308,1,0.379999999999995
241,10000,"VI","mu_3",10,9.99706173611036,9.95731021592264,10.0368132562981,1,0.379999999999995
241,10000,"VI","mu_4",20,20.0033910793442,19.9644011371679,20.0423810215205,1,0.379999999999995
