"sim_id","n","method","component","mu_true","estimate","lower","upper","covered","elapsed_seconds"
319,10000,"Gibbs","mu_1",0,0.0407945723353112,0.000295967841670444,0.081750194026862,0,509.457
319,10000,"Gibbs","mu_2",5,5.02980316961255,4.98721414429749,5.07229865438966,1,509.457
319,10000,"Gibbs","mu_3",10,9.98242657214079,9.94201210399951,10.0236898035168,1,509.457
319,10000,"Gibbs","mu_4",20,20.0071858765739,19.9678176915547,20.0463676600721,1,509.457
319,10000,"VI","mu_1",0,-8.5529453648208e-07,-19.5999982051403,19.5999964945512,1,0.468000000000018
319,10000,"VI","mu_2",5,-8.5529453648208e-07,-19.5999982051403,19.5999964945512,1,0.468000000000018
319,10000,"VI","mu_3",10,5.01685041269321,4.99416963304665,5.03953119233978,0,0.468000000000018
319,10000,"VI","mu_4",20,19.9697017878273,19.9307515132291,20.0086520624256,1,0.468000000000018
