"sim_id","n","method","component","mu_true","estimate","lower","upper","covered","elapsed_seconds"
113,10000,"Gibbs","mu_1",0,0.012145542874275,-0.028773046734844,0.0534979028796816,1,528.401
113,10000,"Gibbs","mu_2",5,5.01317593225273,4.97113397786531,5.05469379402299,1,528.401
113,10000,"Gibbs","mu_3",10,9.98319512778564,9.94104608789748,10.0236215838929,1,528.401
113,10000,"Gibbs","mu_4",20,19.9970755251041,19.9572499524403,20.0356497813439,1,528.401
113,10000,"VI","mu_1",0,0.0125785379221627,-0.0267744956855166,0.051931571529842,1,0.285999999999945
113,10000,"VI","mu_2",5,5.01306661043776,4.97421053771053,5.05192268316499,1,0.285999999999945
113,10000,"VI","mu_3",10,9.98330938061676,9.94361393380535,10.0230048274282,1,0.285999999999945
113,10000,"VI","mu_4",20,19.9971739376548,19.9582609136542,20.0360869616554,1,0.285999999999945
