"sim_id","n","method","component","mu_true","estimate","lower","upper","covered","elapsed_seconds"
396,10000,"Gibbs","mu_1",0,-0.0220705276557984,-0.0633267181322003,0.0179072044093801,1,530.768
396,10000,"Gibbs","mu_2",5,5.01005555573716,4.96813065870173,5.05236153616422,1,530.768
396,10000,"Gibbs","mu_3",10,10.0204171130365,9.9794311773343,10.0612763462689,1,530.768
396,10000,"Gibbs","mu_4",20,20.004440612396,19.9652241896836,20.0424220049334,1,530.768
396,10000,"VI","mu_1",0,-2.07628096560145e-06,-19.599995929021,19.5999917764591,1,0.436000000000035
396,10000,"VI","mu_2",5,-2.07628096560145e-06,-19.599995929021,19.5999917764591,1,0.436000000000035
396,10000,"VI","mu_3",10,5.02654342578915,5.00380607141487,5.04928078016342,0,0.436000000000035
396,10000,"VI","mu_4",20,19.946578707611,19.9079108006076,19.9852466146144,0,0.436000000000035
