"sim_id","n","method","component","mu_true","estimate","lower","upper","covered","elapsed_seconds"
378,10000,"Gibbs","mu_1",0,0.0187424779122832,-0.0219023287264092,0.0592450750418169,1,513.205
378,10000,"Gibbs","mu_2",5,4.97331664909767,4.93055178579244,5.01480892586257,1,513.205
378,10000,"Gibbs","mu_3",10,10.0283652886783,9.98784422404134,10.0697123921369,1,513.205
378,10000,"Gibbs","mu_4",20,19.991864496614,19.9520531431403,20.029306924048,1,513.205
378,10000,"VI","mu_1",0,-1.13353948700442e-15,-19.6,19.6,1,2.85599999999999
378,10000,"VI","mu_2",5,1.62787199310762,1.59708659120605,1.6586573950092,0,2.85599999999999
378,10000,"VI","mu_3",10,8.88394824176977,8.85068291705407,8.91721356648548,0,2.85599999999999
378,10000,"VI","mu_4",20,19.9918342288383,19.9524368287502,20.0312316289263,1,2.85599999999999
