"sim_id","n","method","component","mu_true","estimate","lower","upper","covered","elapsed_seconds"
65,10000,"Gibbs","mu_1",0,0.0108181918632486,-0.0295345827520057,0.0511783563527892,1,529.446
65,10000,"Gibbs","mu_2",5,5.00938803328565,4.96667595123302,5.05242686825264,1,529.446
65,10000,"Gibbs","mu_3",10,10.007688177702,9.96692662826339,10.0478380714305,1,529.446
65,10000,"Gibbs","mu_4",20,19.9640609743995,19.9250693769637,20.0030741343665,1,529.446
65,10000,"VI","mu_1",0,-4.22203793597664e-16,-19.6,19.6,1,2.28300000000002
65,10000,"VI","mu_2",5,1.37215650165645,1.34016868882793,1.40414431448497,0,2.28300000000002
65,10000,"VI","mu_3",10,8.64308918877422,8.61105516819186,8.67512320935659,0,2.28300000000002
65,10000,"VI","mu_4",20,19.9642575359124,19.9250732848297,20.003441786995,1,2.28300000000002
