"sim_id","n","method","component","mu_true","estimate","lower","upper","covered","elapsed_seconds"
302,10000,"Gibbs","mu_1",0,-0.00773085952159635,-0.0477699006104297,0.0330621547320686,1,531.498
302,10000,"Gibbs","mu_2",5,4.97988434788895,4.93780486604515,5.0217548800519,1,531.498
302,10000,"Gibbs","mu_3",10,9.99655511040599,9.95594180811452,10.0384150901677,1,531.498
302,10000,"Gibbs","mu_4",20,20.0009034683087,19.9619394022397,20.0391159132082,1,531.498
302,10000,"VI","mu_1",0,-1.46598477813627e-06,-19.5999972320384,19.5999943000688,1,0.452999999999975
302,10000,"VI","mu_2",5,-1.46598477813627e-06,-19.5999972320384,19.5999943000688,1,0.452999999999975
302,10000,"VI","mu_3",10,4.94696857106104,4.92422032577872,4.96971681634335,0,0.452999999999975
302,10000,"VI","mu_4",20,19.9555496449022,19.9169351554156,19.9941641343889,0,0.452999999999975
