"sim_id","n","method","component","mu_true","estimate","lower","upper","covered","elapsed_seconds"
484,10000,"Gibbs","mu_1",0,-0.0375852019742625,-0.0783580671636356,0.00415902936368426,1,448.193
484,10000,"Gibbs","mu_2",5,5.01010261498601,4.9679288143661,5.05161285709609,1,448.193
484,10000,"Gibbs","mu_3",10,9.99028570829168,9.95068699364234,10.0302512123792,1,448.193
484,10000,"Gibbs","mu_4",20,20.0036077886171,19.9649978590543,20.0419527644697,1,448.193
484,10000,"VI","mu_1",0,-3.83317621001509e-16,-19.6,19.6,1,2.68899999999996
484,10000,"VI","mu_2",5,1.34642305366003,1.31393828601437,1.37890782130568,0,2.68899999999996
484,10000,"VI","mu_3",10,8.52482880902385,8.49315235093467,8.55650526711302,0,2.68899999999996
484,10000,"VI","mu_4",20,20.0036573902531,19.9646982711088,20.0426165093974,1,2.68899999999996
