"sim_id","n","method","component","mu_true","estimate","lower","upper","covered","elapsed_seconds"
94,10000,"Gibbs","mu_1",0,-0.00947229734679771,-0.0504370904647364,0.0312916237433197,1,530.579
94,10000,"Gibbs","mu_2",5,5.00345144317984,4.96095986201882,5.04510328275519,1,530.579
94,10000,"Gibbs","mu_3",10,9.99645395971084,9.95626649709732,10.0364176558417,1,530.579
94,10000,"Gibbs","mu_4",20,19.969873596026,19.9305898562834,20.009155582182,1,530.579
94,10000,"VI","mu_1",0,-0.00956418516532421,-0.0486751203791374,0.029546750048489,1,0.436000000000035
94,10000,"VI","mu_2",5,5.0034872938044,4.96412776315737,5.04284682445143,1,0.436000000000035
94,10000,"VI","mu_3",10,9.99660501686578,9.95771380526509,10.0354962284665,1,0.436000000000035
94,10000,"VI","mu_4",20,19.9697787704182,19.9303335185623,20.0092240222741,1,0.436000000000035
