"sim_id","n","method","component","mu_true","estimate","lower","upper","covered","elapsed_seconds"
456,10000,"Gibbs","mu_1",0,-0.00087886508568629,-0.0403980890778856,0.0389583002432793,1,517.431
456,10000,"Gibbs","mu_2",5,5.01095831232927,4.96856956635925,5.05296583570186,1,517.431
456,10000,"Gibbs","mu_3",10,9.97077582462875,9.93087650795777,10.0098165579481,1,517.431
456,10000,"Gibbs","mu_4",20,19.9885435773265,19.9493294653575,20.0274536991708,1,517.431
456,10000,"VI","mu_1",0,-1.50999028296176e-07,-19.5999995830156,19.5999992810175,1,0.456999999999994
456,10000,"VI","mu_2",5,-1.50999028296176e-07,-19.5999995830156,19.5999992810175,1,0.456999999999994
456,10000,"VI","mu_3",10,4.93462641759723,4.91198169958186,4.9572711356126,0,0.456999999999994
456,10000,"VI","mu_4",20,19.9237677709941,19.8846331158902,19.9629024260979,0,0.456999999999994
