"sim_id","n","method","component","mu_true","estimate","lower","upper","covered","elapsed_seconds"
411,10000,"Gibbs","mu_1",0,-0.0166814224197272,-0.0568925530524563,0.0237640184852326,1,533.159
411,10000,"Gibbs","mu_2",5,5.02072641804827,4.97802083605006,5.06320679511833,1,533.159
411,10000,"Gibbs","mu_3",10,10.0412163520712,9.99970803710324,10.0815565235441,1,533.159
411,10000,"Gibbs","mu_4",20,19.9930933108041,19.9545652435759,20.0313529491532,1,533.159
411,10000,"VI","mu_1",0,-2.27677857707652e-06,-19.5999958444916,19.5999912909345,1,0.449999999999932
411,10000,"VI","mu_2",5,-2.27677857707652e-06,-19.5999958444916,19.5999912909345,1,0.449999999999932
411,10000,"VI","mu_3",10,4.95529544820937,4.93258868269663,4.97800221372211,0,0.449999999999932
411,10000,"VI","mu_4",20,19.9421829840882,19.9033634343842,19.9810025337922,0,0.449999999999932
