"sim_id","n","method","component","mu_true","estimate","lower","upper","covered","elapsed_seconds"
493,10000,"Gibbs","mu_1",0,-0.0298747805116275,-0.0707307517158955,0.0108684281185083,1,465.785
493,10000,"Gibbs","mu_2",5,5.01796580596611,4.97560932730102,5.05859258317883,1,465.785
493,10000,"Gibbs","mu_3",10,10.0172165719417,9.97611802692291,10.0580044459975,1,465.785
493,10000,"Gibbs","mu_4",20,20.0130894405414,19.973538364118,20.052708692935,1,465.785
493,10000,"VI","mu_1",0,-6.08298830445533e-16,-19.6,19.6,1,4.03000000000003
493,10000,"VI","mu_2",5,1.4415607399485,1.40963583815826,1.47348564173873,0,4.03000000000003
493,10000,"VI","mu_3",10,8.57316183765856,8.54106425735552,8.60525941796159,0,4.03000000000003
493,10000,"VI","mu_4",20,20.0125190365725,19.9733347856735,20.0517032874715,1,4.03000000000003
