"sim_id","n","method","component","mu_true","estimate","lower","upper","covered","elapsed_seconds"
95,10000,"Gibbs","mu_1",0,0.0116192215694131,-0.02883848488451,0.052346637082992,1,530.981
95,10000,"Gibbs","mu_2",5,4.97089955560741,4.9275932150035,5.01122722809162,1,530.981
95,10000,"Gibbs","mu_3",10,9.98161994143134,9.94005764180478,10.0228212861746,1,530.981
95,10000,"Gibbs","mu_4",20,19.9761209424048,19.9359494838304,20.0151202139012,1,530.981
95,10000,"VI","mu_1",0,0.0113466812540502,-0.0275571047208577,0.0502504672289582,1,0.278999999999996
95,10000,"VI","mu_2",5,4.97081112120772,4.93176280106133,5.00985944135411,1,0.278999999999996
95,10000,"VI","mu_3",10,9.98148167916775,9.94181365343913,10.0211497048964,1,0.278999999999996
95,10000,"VI","mu_4",20,19.9759068846257,19.9367148006272,20.0150989686241,1,0.278999999999996
