"sim_id","n","method","component","mu_true","estimate","lower","upper","covered","elapsed_seconds"
452,10000,"Gibbs","mu_1",0,-0.0292237871930679,-0.0686049088747756,0.0108581492661552,1,529.86
452,10000,"Gibbs","mu_2",5,4.97824130451167,4.9357379412917,5.02086195054725,1,529.86
452,10000,"Gibbs","mu_3",10,10.0016269647656,9.96026767892026,10.0427501577958,1,529.86
452,10000,"Gibbs","mu_4",20,20.0193309923043,19.9809191372507,20.0580573085514,1,529.86
452,10000,"VI","mu_1",0,-1.42003986188638e-16,-19.6,19.6,1,1.65699999999993
452,10000,"VI","mu_2",5,1.00453996755439,0.971232336150128,1.03784759895866,0,1.65699999999993
452,10000,"VI","mu_3",10,8.28395615375361,8.25292018033481,8.3149921271724,0,1.65699999999993
452,10000,"VI","mu_4",20,20.0193905723032,19.980569259564,20.0582118850425,1,1.65699999999993
