"sim_id","n","method","component","mu_true","estimate","lower","upper","covered","elapsed_seconds"
61,10000,"Gibbs","mu_1",0,-0.0213648198219737,-0.0618885752979875,0.0193431334264894,1,529.681
61,10000,"Gibbs","mu_2",5,4.99284818589337,4.95072665240831,5.03402011208119,1,529.681
61,10000,"Gibbs","mu_3",10,10.0014513526575,9.96153036398674,10.0421165684088,1,529.681
61,10000,"Gibbs","mu_4",20,19.9848068121441,19.9456056204174,20.0233964486861,1,529.681
61,10000,"VI","mu_1",0,-0.0213820077070859,-0.0611003185066318,0.0183363030924601,1,0.275000000000091
61,10000,"VI","mu_2",5,4.99286177470342,4.95325113005446,5.03247241935239,1,0.275000000000091
61,10000,"VI","mu_3",10,10.001241231511,9.96251406230968,10.0399684007123,1,0.275000000000091
61,10000,"VI","mu_4",20,19.9850246251524,19.9462489142105,20.0238003360943,1,0.275000000000091
