"sim_id","n","method","component","mu_true","estimate","lower","upper","covered","elapsed_seconds"
91,10000,"Gibbs","mu_1",0,-0.0217986335467956,-0.0626091162127785,0.0195861710892118,1,530.557
91,10000,"Gibbs","mu_2",5,4.99284334904093,4.9512002766027,5.03509537359669,1,530.557
91,10000,"Gibbs","mu_3",10,10.0148117061336,9.97454164962263,10.0542863253802,1,530.557
91,10000,"Gibbs","mu_4",20,19.9985836108159,19.9594681563458,20.0375008749676,1,530.557
91,10000,"VI","mu_1",0,-0.0217012794718419,-0.0616522162799511,0.0182496573362673,1,0.463000000000079
91,10000,"VI","mu_2",5,4.99272297356121,4.95361983528653,5.03182611183589,1,0.463000000000079
91,10000,"VI","mu_3",10,10.01485062315,9.97629101194133,10.0534102343587,1,0.463000000000079
91,10000,"VI","mu_4",20,19.9983302004602,19.9591067378615,20.0375536630588,1,0.463000000000079
