"sim_id","n","method","component","mu_true","estimate","lower","upper","covered","elapsed_seconds"
97,10000,"Gibbs","mu_1",0,-0.00958292666081868,-0.0499753618301636,0.0313568216605316,1,532.989
97,10000,"Gibbs","mu_2",5,4.97686009295829,4.93530452820921,5.02004290670081,1,532.989
97,10000,"Gibbs","mu_3",10,9.96923840438357,9.92905001767355,10.0098906271642,1,532.989
97,10000,"Gibbs","mu_4",20,20.0093040115214,19.9696098225426,20.0493809017548,1,532.989
97,10000,"VI","mu_1",0,-1.98836739391596e-16,-19.6,19.6,1,3.28399999999999
97,10000,"VI","mu_2",5,1.11732702625216,1.0843590324417,1.15029502006262,0,3.28399999999999
97,10000,"VI","mu_3",10,8.28886660143325,8.25783174025476,8.31990146261174,0,3.28399999999999
97,10000,"VI","mu_4",20,20.0093924203937,19.9700109281286,20.0487739126588,1,3.28399999999999
