"sim_id","n","method","component","mu_true","estimate","lower","upper","covered","elapsed_seconds"
104,10000,"Gibbs","mu_1",0,0.00014602094460095,-0.0401074784755474,0.0395433283443195,1,533.949
104,10000,"Gibbs","mu_2",5,5.00588255422943,4.96346291907858,5.04824801296984,1,533.949
104,10000,"Gibbs","mu_3",10,9.98897170197938,9.94874916158358,10.02875526544,1,533.949
104,10000,"Gibbs","mu_4",20,19.994677068727,19.9551739810622,20.0344067047677,1,533.949
104,10000,"VI","mu_1",0,-0.000168024732117275,-0.0389796300720448,0.0386435806078103,1,0.328999999999951
104,10000,"VI","mu_2",5,5.00626993930451,4.96682180013403,5.04571807847498,1,0.328999999999951
104,10000,"VI","mu_3",10,9.9887890515748,9.94979977501131,10.0277783281383,1,0.328999999999951
104,10000,"VI","mu_4",20,19.9946042779951,19.9550386631215,20.0341698928687,1,0.328999999999951
