"sim_id","n","method","component","mu_true","estimate","lower","upper","covered","elapsed_seconds"
193,10000,"Gibbs","mu_1",0,-0.0312535825087439,-0.0722619520669847,0.0092649975046026,1,526.933
193,10000,"Gibbs","mu_2",5,5.02891368911288,4.98804286954276,5.07149597243668,1,526.933
193,10000,"Gibbs","mu_3",10,9.99483179981786,9.95378161949492,10.0360600108915,1,526.933
193,10000,"Gibbs","mu_4",20,20.0042384362363,19.9650002897848,20.042898357563,1,526.933
193,10000,"VI","mu_1",0,-0.0313443504185414,-0.0704501531775168,0.0077614523404339,1,0.345000000000027
193,10000,"VI","mu_2",5,5.02937337462285,4.99054431039196,5.06820243885374,1,0.345000000000027
193,10000,"VI","mu_3",10,9.99491052760963,9.9551169833084,10.0347040719109,1,0.345000000000027
193,10000,"VI","mu_4",20,20.0039230641278,19.9648324430416,20.043013685214,1,0.345000000000027
