"sim_id","n","method","component","mu_true","estimate","lower","upper","covered","elapsed_seconds"
413,10000,"Gibbs","mu_1",0,-0.00770506971253116,-0.0490566838092224,0.0337042784055719,1,531.89
413,10000,"Gibbs","mu_2",5,4.98408342506161,4.94142777151482,5.02664007971755,1,531.89
413,10000,"Gibbs","mu_3",10,9.98170865253324,9.94163886481086,10.0211324063953,1,531.89
413,10000,"Gibbs","mu_4",20,19.9902184764347,19.951157872666,20.0292952393301,1,531.89
413,10000,"VI","mu_1",0,-0.00737940070214509,-0.0467480336127591,0.0319892322084689,1,0.348999999999933
413,10000,"VI","mu_2",5,4.98419374602186,4.94485854493187,5.02352894711185,1,0.348999999999933
413,10000,"VI","mu_3",10,9.98190921552191,9.9434523853564,10.0203660456874,1,0.348999999999933
413,10000,"VI","mu_4",20,19.9899225690282,19.9502517385619,20.0295933994945,1,0.348999999999933
