"sim_id","n","method","component","mu_true","estimate","lower","upper","covered","elapsed_seconds"
346,10000,"Gibbs","mu_1",0,-0.00897673695447346,-0.0504568756842506,0.0318956956982496,1,528.192
346,10000,"Gibbs","mu_2",5,5.02008402869231,4.97654957425293,5.06330612411252,1,528.192
346,10000,"Gibbs","mu_3",10,10.0041290352693,9.96260158138039,10.0451289030453,1,528.192
346,10000,"Gibbs","mu_4",20,19.9667502585531,19.9263046326629,20.006396089809,1,528.192
346,10000,"VI","mu_1",0,-2.25277977281362e-06,-19.5999957969451,19.5999912913856,1,0.497000000000071
346,10000,"VI","mu_2",5,-2.25277977281362e-06,-19.5999957969451,19.5999912913856,1,0.497000000000071
346,10000,"VI","mu_3",10,4.97956208238294,4.95692191157885,5.00220225318704,0,0.497000000000071
346,10000,"VI","mu_4",20,19.8989221678608,19.8597640136814,19.9380803220401,0,0.497000000000071
