"sim_id","n","method","component","mu_true","estimate","lower","upper","covered","elapsed_seconds"
87,10000,"Gibbs","mu_1",0,-0.0197886305826078,-0.0586127846096681,0.0214146392085298,1,532.072
87,10000,"Gibbs","mu_2",5,4.99671496386304,4.95396408922021,5.03940921888505,1,532.072
87,10000,"Gibbs","mu_3",10,10.0206568934805,9.97928846706862,10.061172479584,1,532.072
87,10000,"Gibbs","mu_4",20,20.0033778588993,19.9642340228709,20.0427953326122,1,532.072
87,10000,"VI","mu_1",0,-0.0193097220663438,-0.0581432444338729,0.0195238003011853,1,0.281000000000063
87,10000,"VI","mu_2",5,4.99677978340359,4.9574852569249,5.03607430988229,1,0.281000000000063
87,10000,"VI","mu_3",10,10.0206346451381,9.98117841372424,10.0600908765519,1,0.281000000000063
87,10000,"VI","mu_4",20,20.0030481741481,19.9638247114991,20.0422716367972,1,0.281000000000063
