"sim_id","n","method","component","mu_true","estimate","lower","upper","covered","elapsed_seconds"
237,10000,"Gibbs","mu_1",0,0.0162510810469431,-0.0256903112949225,0.0570779023754809,1,527.201
237,10000,"Gibbs","mu_2",5,5.01877042090239,4.97701225768433,5.06088977679532,1,527.201
237,10000,"Gibbs","mu_3",10,10.000971113317,9.9606338164,10.0413983825452,1,527.201
237,10000,"Gibbs","mu_4",20,20.0340085367267,19.9954950248142,20.0732605489671,1,527.201
237,10000,"VI","mu_1",0,-7.83596850382259e-16,-19.6,19.6,1,7.07100000000003
237,10000,"VI","mu_2",5,1.55242178446098,1.52060262389121,1.58424094503075,0,7.07100000000003
237,10000,"VI","mu_3",10,8.72460577630457,8.69199654836941,8.75721500423972,0,7.07100000000003
237,10000,"VI","mu_4",20,20.0340001824649,19.9955096450059,20.0724907199239,1,7.07100000000003
