"sim_id","n","method","component","mu_true","estimate","lower","upper","covered","elapsed_seconds"
291,10000,"Gibbs","mu_1",0,0.00688382966471949,-0.0332352519667174,0.0481371015079409,1,528.08
291,10000,"Gibbs","mu_2",5,4.97273057964776,4.9301110530642,5.01499884504635,1,528.08
291,10000,"Gibbs","mu_3",10,10.0255076239934,9.98596656938529,10.0651246114105,1,528.08
291,10000,"Gibbs","mu_4",20,19.9849634788212,19.9467102947136,20.0234570024482,1,528.08
291,10000,"VI","mu_1",0,0.89401873042854,0.859712557637459,0.928324903219622,0,1.68600000000004
291,10000,"VI","mu_2",5,8.20099437639392,8.15837503583624,8.24361371695161,0,1.68600000000004
291,10000,"VI","mu_3",10,8.20099437639392,8.15837503583624,8.24361371695161,0,1.68600000000004
291,10000,"VI","mu_4",20,19.9850306911692,19.9458778232475,20.0241835590909,1,1.68600000000004
