"sim_id","n","method","component","mu_true","estimate","lower","upper","covered","elapsed_seconds"
189,10000,"Gibbs","mu_1",0,-0.00123567462994873,-0.0408524088827338,0.0401381801451642,1,514.398
189,10000,"Gibbs","mu_2",5,5.01712433291576,4.97526466304763,5.0591052314153,1,514.398
189,10000,"Gibbs","mu_3",10,10.0034901854462,9.96252780435017,10.0446678454362,1,514.398
189,10000,"Gibbs","mu_4",20,19.9760212795446,19.9370608899925,20.0150911769713,1,514.398
189,10000,"VI","mu_1",0,-0.000922480945465816,-0.0404211223917713,0.0385761605008396,1,0.383000000000038
189,10000,"VI","mu_2",5,5.01733734288321,4.97839375991273,5.0562809258537,1,0.383000000000038
189,10000,"VI","mu_3",10,10.0035123356411,9.96382240457691,10.0432022667053,1,0.383000000000038
189,10000,"VI","mu_4",20,19.9758014181947,19.9371089085849,20.0144939278044,1,0.383000000000038
