"sim_id","n","method","component","mu_true","estimate","lower","upper","covered","elapsed_seconds"
307,10000,"Gibbs","mu_1",0,-0.0140138850525486,-0.0543239328813583,0.0269427209185685,1,531.589
307,10000,"Gibbs","mu_2",5,5.01598445531608,4.97372584603791,5.05772403239418,1,531.589
307,10000,"Gibbs","mu_3",10,10.0331050504847,9.99254936835035,10.0728351065917,1,531.589
307,10000,"Gibbs","mu_4",20,19.9692104866831,19.9298773038291,20.0079983273476,1,531.589
307,10000,"VI","mu_1",0,-0.0144634338132497,-0.0538025396584483,0.0248756720319488,1,0.211999999999989
307,10000,"VI","mu_2",5,5.01572370030795,4.97683647503291,5.05461092558299,1,0.211999999999989
307,10000,"VI","mu_3",10,10.033311535591,9.99369173265964,10.0729313385223,1,0.211999999999989
307,10000,"VI","mu_4",20,19.969163196335,19.9301963774896,20.0081300151803,1,0.211999999999989
