"sim_id","n","method","component","mu_true","estimate","lower","upper","covered","elapsed_seconds"
340,10000,"Gibbs","mu_1",0,-0.0134317268731234,-0.0559931612486307,0.0277414651784629,1,508.767
340,10000,"Gibbs","mu_2",5,4.97534542742872,4.93413174918678,5.01750779789538,1,508.767
340,10000,"Gibbs","mu_3",10,9.97882363306645,9.94000005211606,10.0189144445065,1,508.767
340,10000,"Gibbs","mu_4",20,19.9809398289464,19.9414235698553,20.0198948010872,1,508.767
340,10000,"VI","mu_1",0,-1.90295281179606e-15,-19.6,19.6,1,2.12799999999999
340,10000,"VI","mu_2",5,1.74740193035421,1.71642271653038,1.77838114417804,0,2.12799999999999
340,10000,"VI","mu_3",10,8.92676510234177,8.89364523727691,8.95988496740663,0,2.12799999999999
340,10000,"VI","mu_4",20,19.9800174992005,19.9407783103139,20.0192566880871,1,2.12799999999999
