"sim_id","n","method","component","mu_true","estimate","lower","upper","covered","elapsed_seconds"
273,10000,"Gibbs","mu_1",0,0.0292725709235914,-0.0128612082364241,0.0708597658331016,1,530.242
273,10000,"Gibbs","mu_2",5,4.99285159859939,4.95186063709304,5.03392317620412,1,530.242
273,10000,"Gibbs","mu_3",10,9.98994940020417,9.9483701964674,10.0306510312213,1,530.242
273,10000,"Gibbs","mu_4",20,19.9864488306021,19.9475728745841,20.0246129141659,1,530.242
273,10000,"VI","mu_1",0,-1.73089556659588e-15,-19.6,19.6,1,2.19000000000005
273,10000,"VI","mu_2",5,1.76904154814,1.73798095444226,1.80010214183774,0,2.19000000000005
273,10000,"VI","mu_3",10,8.87438982865732,8.84088970722589,8.90788995008874,0,2.19000000000005
273,10000,"VI","mu_4",20,19.9866827084137,19.9482070111048,20.0251584057226,1,2.19000000000005
