"sim_id","n","method","component","mu_true","estimate","lower","upper","covered","elapsed_seconds"
281,10000,"Gibbs","mu_1",0,0.0263325325198082,-0.0139826018371087,0.0675790926846098,1,528.553
281,10000,"Gibbs","mu_2",5,5.00305289130206,4.96114709238937,5.04544792235313,1,528.553
281,10000,"Gibbs","mu_3",10,10.0218247962743,9.98187805098592,10.0622445414491,1,528.553
281,10000,"Gibbs","mu_4",20,19.9929692554912,19.9521188162085,20.0324444248997,1,528.553
281,10000,"VI","mu_1",0,0.0256667795573837,-0.0133628665199945,0.0646964256347619,1,0.413999999999987
281,10000,"VI","mu_2",5,5.00285777296934,4.96361518706402,5.04210035887465,1,0.413999999999987
281,10000,"VI","mu_3",10,10.0217577620012,9.9830242614523,10.06049126255,1,0.413999999999987
281,10000,"VI","mu_4",20,19.9928588633402,19.9530409526554,20.032676774025,1,0.413999999999987
