"sim_id","n","method","component","mu_true","estimate","lower","upper","covered","elapsed_seconds"
205,10000,"Gibbs","mu_1",0,0.00547708203230995,-0.0355376845140846,0.04658285620751,1,526.449
205,10000,"Gibbs","mu_2",5,5.00405465553778,4.96172983045246,5.04616483764437,1,526.449
205,10000,"Gibbs","mu_3",10,10.0180971978083,9.97711734410054,10.0599745476695,1,526.449
205,10000,"Gibbs","mu_4",20,19.9807532807119,19.942238247979,20.018800026435,1,526.449
205,10000,"VI","mu_1",0,-2.74607411699862e-07,-19.5999993646586,19.5999988154438,1,0.455000000000041
205,10000,"VI","mu_2",5,-2.74607411699862e-07,-19.5999993646586,19.5999988154438,1,0.455000000000041
205,10000,"VI","mu_3",10,4.93484739568622,4.91209026898183,4.95760452239062,0,0.455000000000041
205,10000,"VI","mu_4",20,19.9381945617531,19.8996234137476,19.9767657097585,0,0.455000000000041
