"sim_id","n","method","component","mu_true","estimate","lower","upper","covered","elapsed_seconds"
77,10000,"Gibbs","mu_1",0,0.00645402807323714,-0.0342885241033308,0.0464024897624425,1,534.422
77,10000,"Gibbs","mu_2",5,4.99285066203231,4.94958555130553,5.03391028307087,1,534.422
77,10000,"Gibbs","mu_3",10,10.0518199918649,10.0119310918915,10.0924524669388,0,534.422
77,10000,"Gibbs","mu_4",20,20.0043430255665,19.9649014168398,20.0445796095715,1,534.422
77,10000,"VI","mu_1",0,-7.66311659514516e-16,-19.6,19.6,1,2.12800000000004
77,10000,"VI","mu_2",5,1.53674210053498,1.50557286960415,1.56791133146581,0,2.12800000000004
77,10000,"VI","mu_3",10,8.81999172198893,8.78727871349315,8.85270473048471,0,2.12800000000004
77,10000,"VI","mu_4",20,20.0041228704077,19.9645733715873,20.0436723692281,1,2.12800000000004
