"sim_id","n","method","component","mu_true","estimate","lower","upper","covered","elapsed_seconds"
429,10000,"Gibbs","mu_1",0,-0.00127663507030461,-0.0414947549178318,0.0394898660989231,1,532.09
429,10000,"Gibbs","mu_2",5,4.99256762838118,4.94974965811376,5.03540909025651,1,532.09
429,10000,"Gibbs","mu_3",10,10.0164268452751,9.97678218243064,10.057062031395,1,532.09
429,10000,"Gibbs","mu_4",20,20.0112003296718,19.9723465793537,20.0516802745777,1,532.09
429,10000,"VI","mu_1",0,-9.97847456693163e-16,-19.6,19.6,1,2.17099999999994
429,10000,"VI","mu_2",5,1.66046346147314,1.62957665829774,1.69135026464854,0,2.17099999999994
429,10000,"VI","mu_3",10,8.94926207928152,8.91590327785267,8.98262088071038,0,2.17099999999994
429,10000,"VI","mu_4",20,20.0114716598917,19.9724353479456,20.0505079718378,1,2.17099999999994
