"sim_id","n","method","component","mu_true","estimate","lower","upper","covered","elapsed_seconds"
143,10000,"Gibbs","mu_1",0,-0.0128380473177656,-0.053509947306533,0.0284901001293888,1,531.002
143,10000,"Gibbs","mu_2",5,4.97721925822851,4.93454424417666,5.01915718225009,1,531.002
143,10000,"Gibbs","mu_3",10,10.0323273418252,9.99251141375996,10.0715868906714,1,531.002
143,10000,"Gibbs","mu_4",20,20.0047194153304,19.9659788058192,20.04266226172,1,531.002
143,10000,"VI","mu_1",0,-1.69748366052242e-07,-19.59999952495,19.5999991854533,1,0.438000000000102
143,10000,"VI","mu_2",5,-1.69748366052242e-07,-19.59999952495,19.5999991854533,1,0.438000000000102
143,10000,"VI","mu_3",10,4.97075235510228,4.94800537436308,4.99349933584149,0,0.438000000000102
143,10000,"VI","mu_4",20,19.9358324238722,19.8972117473672,19.9744531003772,0,0.438000000000102
