"sim_id","n","method","component","mu_true","estimate","lower","upper","covered","elapsed_seconds"
106,10000,"Gibbs","mu_1",0,0.0175836941313281,-0.0240825195985992,0.0580069986472797,1,530.752
106,10000,"Gibbs","mu_2",5,4.99093136214627,4.9482071230763,5.03470451811618,1,530.752
106,10000,"Gibbs","mu_3",10,9.99843213962755,9.95968257948783,10.0377728296731,1,530.752
106,10000,"Gibbs","mu_4",20,19.9999322587065,19.9597782030518,20.0390077029374,1,530.752
106,10000,"VI","mu_1",0,0.0178399919394693,-0.0217600732800847,0.0574400571590233,1,0.436000000000035
106,10000,"VI","mu_2",5,4.99077515358942,4.95125672600555,5.03029358117328,1,0.436000000000035
106,10000,"VI","mu_3",10,9.99847457869927,9.96056727066482,10.0363818867337,1,0.436000000000035
106,10000,"VI","mu_4",20,19.9998585347549,19.9599912325907,20.039725836919,1,0.436000000000035
