"sim_id","n","method","component","mu_true","estimate","lower","upper","covered","elapsed_seconds"
461,10000,"Gibbs","mu_1",0,-0.019438120389556,-0.0592440149393896,0.0200279266417687,1,529.922
461,10000,"Gibbs","mu_2",5,5.0290263301974,4.98695179848994,5.07165224388059,1,529.922
461,10000,"Gibbs","mu_3",10,10.0354319111784,9.99398978598435,10.0753801805039,1,529.922
461,10000,"Gibbs","mu_4",20,20.0404275924976,20.0010979098616,20.0789042919697,0,529.922
461,10000,"VI","mu_1",0,-1.10973746351914e-16,-19.6,19.6,1,1.495
461,10000,"VI","mu_2",5,0.894825022991895,0.861011208041711,0.92863883794208,0,1.495
461,10000,"VI","mu_3",10,8.14309747836346,8.11277137777507,8.17342357895186,0,1.495
461,10000,"VI","mu_4",20,20.0404293148826,20.0009360552682,20.079922574497,0,1.495
