"sim_id","n","method","component","mu_true","estimate","lower","upper","covered","elapsed_seconds"
212,10000,"Gibbs","mu_1",0,0.00131183636191901,-0.0393793573423532,0.0418368892844848,1,532.671
212,10000,"Gibbs","mu_2",5,5.02080018964361,4.97808774688862,5.06350950174734,1,532.671
212,10000,"Gibbs","mu_3",10,10.0308471630431,9.99015006417434,10.0704957636514,1,532.671
212,10000,"Gibbs","mu_4",20,20.0210672103799,19.9816966231629,20.059547141164,1,532.671
212,10000,"VI","mu_1",0,-2.80140939687061e-16,-19.6,19.6,1,2.17499999999995
212,10000,"VI","mu_2",5,1.27546022109201,1.2427492887801,1.30817115340391,0,2.17499999999995
212,10000,"VI","mu_3",10,8.55988270705389,8.52845224135273,8.59131317275505,0,2.17499999999995
212,10000,"VI","mu_4",20,20.0211681650956,19.9821318707359,20.0602044594553,1,2.17499999999995
