"sim_id","n","method","component","mu_true","estimate","lower","upper","covered","elapsed_seconds"
478,10000,"Gibbs","mu_1",0,-0.0504679566472643,-0.0908273843350579,-0.0101662882205933,0,468.597
478,10000,"Gibbs","mu_2",5,5.01323037987156,4.97226744938654,5.05442720443879,1,468.597
478,10000,"Gibbs","mu_3",10,9.9614358531413,9.92136087926001,10.0018614889182,1,468.597
478,10000,"Gibbs","mu_4",20,20.0142528771304,19.9743021197521,20.0523846196948,1,468.597
478,10000,"VI","mu_1",0,-1.25555000130169e-16,-19.6,19.6,1,2.12599999999998
478,10000,"VI","mu_2",5,0.975554839794749,0.941318360829782,1.00979131875972,0,2.12599999999998
478,10000,"VI","mu_3",10,8.15418694358052,8.12432702019387,8.18404686696717,0,2.12599999999998
478,10000,"VI","mu_4",20,20.0144430450395,19.9745509781716,20.0543351119074,1,2.12599999999998
