"sim_id","n","method","component","mu_true","estimate","lower","upper","covered","elapsed_seconds"
392,10000,"Gibbs","mu_1",0,0.0205957149792864,-0.0197831465297894,0.0601246604852671,1,530.511
392,10000,"Gibbs","mu_2",5,5.03673993844327,4.99593351988575,5.07892666549716,1,530.511
392,10000,"Gibbs","mu_3",10,10.0116964968232,9.97129267690082,10.052860091801,1,530.511
392,10000,"Gibbs","mu_4",20,19.9918369606321,19.9524738944397,20.0312157827893,1,530.511
392,10000,"VI","mu_1",0,0.0203996999246225,-0.0187869209397203,0.0595863207889653,1,0.307000000000016
392,10000,"VI","mu_2",5,5.03695449426911,4.99795950749024,5.07594948104798,1,0.307000000000016
392,10000,"VI","mu_3",10,10.0118724868485,9.97253033537443,10.0512146383225,1,0.307000000000016
392,10000,"VI","mu_4",20,19.9918358538199,19.9525572950577,20.031114412582,1,0.307000000000016
