"sim_id","n","method","component","mu_true","estimate","lower","upper","covered","elapsed_seconds"
426,10000,"Gibbs","mu_1",0,0.0187311709647222,-0.0224617351148173,0.0590169079530013,1,530.89
426,10000,"Gibbs","mu_2",5,5.0062290208911,4.96305071759819,5.04918491470776,1,530.89
426,10000,"Gibbs","mu_3",10,10.024768286263,9.98470747683367,10.0652007145553,1,530.89
426,10000,"Gibbs","mu_4",20,20.0351108126608,19.9963053616985,20.0729522553324,1,530.89
426,10000,"VI","mu_1",0,0.0184332883196346,-0.0207893178008056,0.0576558944400748,1,0.306999999999903
426,10000,"VI","mu_2",5,5.00632354758804,4.96651470505076,5.04613239012533,1,0.306999999999903
426,10000,"VI","mu_3",10,10.0248393146166,9.98557484327518,10.0641037859581,1,0.306999999999903
426,10000,"VI","mu_4",20,20.0352317087413,19.996696562493,20.0737668549897,1,0.306999999999903
