"sim_id","n","method","component","mu_true","estimate","lower","upper","covered","elapsed_seconds"
125,10000,"Gibbs","mu_1",0,-0.0214324547926768,-0.0622161276909933,0.0182876637283853,1,530.764
125,10000,"Gibbs","mu_2",5,5.00650066571883,4.96382978332236,5.05021335093331,1,530.764
125,10000,"Gibbs","mu_3",10,10.004272133957,9.9643393735558,10.0449906434225,1,530.764
125,10000,"Gibbs","mu_4",20,19.9909895938527,19.9521834915031,20.029708798805,1,530.764
125,10000,"VI","mu_1",0,-8.86161544125987e-16,-19.6,19.6,1,2.5329999999999
125,10000,"VI","mu_2",5,1.56855122037572,1.53716571360917,1.59993672714227,0,2.5329999999999
125,10000,"VI","mu_3",10,8.83815104909683,8.80550757065095,8.87079452754271,0,2.5329999999999
125,10000,"VI","mu_4",20,19.9908326785214,19.9515935003046,20.0300718567383,1,2.5329999999999
