"sim_id","n","method","component","mu_true","estimate","lower","upper","covered","elapsed_seconds"
475,10000,"Gibbs","mu_1",0,-0.00769227183204923,-0.0478716801261528,0.0327933036747339,1,453.273
475,10000,"Gibbs","mu_2",5,4.98745753076816,4.94628088085048,5.02878653248993,1,453.273
475,10000,"Gibbs","mu_3",10,10.0195377103959,9.97921609677606,10.0598702776679,1,453.273
475,10000,"Gibbs","mu_4",20,19.9745606682161,19.9359656665553,20.0138177330224,1,453.273
475,10000,"VI","mu_1",0,-1.43448931369028e-06,-19.5999974561367,19.5999945871581,1,0.430999999999983
475,10000,"VI","mu_2",5,-1.43448931369028e-06,-19.5999974561367,19.5999945871581,1,0.430999999999983
475,10000,"VI","mu_3",10,4.92200136179461,4.89932630761012,4.94467641597911,0,0.430999999999983
475,10000,"VI","mu_4",20,19.9240752723559,19.8850959563172,19.9630545883946,0,0.430999999999983
