"sim_id","n","method","component","mu_true","estimate","lower","upper","covered","elapsed_seconds"
440,10000,"Gibbs","mu_1",0,0.0130656787903314,-0.0268065489129159,0.0526793355738379,1,509.583
440,10000,"Gibbs","mu_2",5,4.99986362061833,4.95777763313254,5.0426026467765,1,509.583
440,10000,"Gibbs","mu_3",10,9.98084164566906,9.94111860994562,10.021844470076,1,509.583
440,10000,"Gibbs","mu_4",20,19.9604039444333,19.9203329500729,20.0008479171717,1,509.583
440,10000,"VI","mu_1",0,-7.82487095213668e-07,-19.5999982355498,19.5999966705757,1,0.449000000000012
440,10000,"VI","mu_2",5,-7.82487095213668e-07,-19.5999982355498,19.5999966705757,1,0.449000000000012
440,10000,"VI","mu_3",10,4.9919331138805,4.9693984606484,5.0144677671126,0,0.449000000000012
440,10000,"VI","mu_4",20,19.9187913849315,19.8790715843202,19.9585111855427,0,0.449000000000012
