"sim_id","n","method","component","mu_true","estimate","lower","upper","covered","elapsed_seconds"
166,10000,"Gibbs","mu_1",0,-0.00628568901674601,-0.0478222262169272,0.0352302094896832,1,508.728
166,10000,"Gibbs","mu_2",5,5.02562097987288,4.98334284384021,5.06853031544331,1,508.728
166,10000,"Gibbs","mu_3",10,10.0291312761404,9.98896557292444,10.0692939479397,1,508.728
166,10000,"Gibbs","mu_4",20,20.0043059228752,19.9654326510671,20.0436210881903,1,508.728
166,10000,"VI","mu_1",0,-2.05282339627568e-06,-19.5999959567006,19.5999918510538,1,0.517999999999972
166,10000,"VI","mu_2",5,-2.05282339627568e-06,-19.5999959567006,19.5999918510538,1,0.517999999999972
166,10000,"VI","mu_3",10,5.04830169862428,5.02565917547052,5.07094422177804,0,0.517999999999972
166,10000,"VI","mu_4",20,19.9560751484322,19.9169291577748,19.9952211390896,0,0.517999999999972
