"sim_id","n","method","component","mu_true","estimate","lower","upper","covered","elapsed_seconds"
235,10000,"Gibbs","mu_1",0,-0.0316003124648776,-0.0718467704155385,0.00833671818147806,1,529.465
235,10000,"Gibbs","mu_2",5,4.98680357322483,4.94513155842656,5.02753211262116,1,529.465
235,10000,"Gibbs","mu_3",10,9.99116410547874,9.9505027660877,10.0308631113943,1,529.465
235,10000,"Gibbs","mu_4",20,19.994936457958,19.9553972690424,20.034251065504,1,529.465
235,10000,"VI","mu_1",0,-3.02210459725066e-16,-19.6,19.6,1,3.2109999999999
235,10000,"VI","mu_2",5,1.25797956518726,1.22554402093407,1.29041510944046,0,3.2109999999999
235,10000,"VI","mu_3",10,8.47331328907189,8.44201445666032,8.50461212148346,0,3.2109999999999
235,10000,"VI","mu_4",20,19.9945587564926,19.9547736716742,20.034343841311,1,3.2109999999999
