"sim_id","n","method","component","mu_true","estimate","lower","upper","covered","elapsed_seconds"
13,10000,"Gibbs","mu_1",0,-0.0146645935546415,-0.0544149958470903,0.0262787489864028,1,529.583
13,10000,"Gibbs","mu_2",5,4.99714346325108,4.95589964093142,5.03855463455057,1,529.583
13,10000,"Gibbs","mu_3",10,10.0576205984935,10.0170303373338,10.0983872222821,0,529.583
13,10000,"Gibbs","mu_4",20,20.0095272526763,19.9709348094424,20.0480335969232,1,529.583
13,10000,"VI","mu_1",0,-1.14965655084052e-15,-19.6,19.6,1,2.524
13,10000,"VI","mu_2",5,1.64655404924996,1.61556553742669,1.67754256107323,0,2.524
13,10000,"VI","mu_3",10,8.91411408474752,8.88058188860752,8.94764628088753,0,2.524
13,10000,"VI","mu_4",20,20.0096437217623,19.9710787493448,20.0482086941798,1,2.524
