"sim_id","n","method","component","mu_true","estimate","lower","upper","covered","elapsed_seconds"
202,10000,"Gibbs","mu_1",0,0.0111536784713853,-0.0292923611549173,0.0515645979364218,1,526.051
202,10000,"Gibbs","mu_2",5,5.01387545836122,4.97203512811585,5.05607009098169,1,526.051
202,10000,"Gibbs","mu_3",10,10.0030352443622,9.96169229733543,10.0438229028535,1,526.051
202,10000,"Gibbs","mu_4",20,20.00076769209,19.9615262901132,20.039562142879,1,526.051
202,10000,"VI","mu_1",0,-2.68133930493492e-16,-19.6,19.6,1,3.15200000000004
202,10000,"VI","mu_2",5,1.24054258088436,1.20759354939947,1.27349161236925,0,3.15200000000004
202,10000,"VI","mu_3",10,8.40974176715141,8.37841718544844,8.44106634885437,0,3.15200000000004
202,10000,"VI","mu_4",20,20.0000179794289,19.9611766108348,20.0388593480229,1,3.15200000000004
