"sim_id","n","method","component","mu_true","estimate","lower","upper","covered","elapsed_seconds"
318,10000,"Gibbs","mu_1",0,0.00250338321136294,-0.0381044650938047,0.0439906107490378,1,529.275
318,10000,"Gibbs","mu_2",5,5.01217873596865,4.97017548651233,5.05379950221906,1,529.275
318,10000,"Gibbs","mu_3",10,10.0131973020834,9.97236747270379,10.0529726844709,1,529.275
318,10000,"Gibbs","mu_4",20,20.0296446042234,19.9911148841325,20.0689533001322,1,529.275
318,10000,"VI","mu_1",0,-7.43127253846253e-16,-19.6,19.6,1,3.553
318,10000,"VI","mu_2",5,1.53810636634143,1.50659610506131,1.56961662762155,0,3.553
318,10000,"VI","mu_3",10,8.74240962131585,8.70993603215087,8.77488321048083,0,3.553
318,10000,"VI","mu_4",20,20.0295120221463,19.990217681647,20.0688063626455,1,3.553
