"sim_id","n","method","component","mu_true","estimate","lower","upper","covered","elapsed_seconds"
271,10000,"Gibbs","mu_1",0,0.00635474994503922,-0.0346683003133586,0.0474429060003365,1,512.3
271,10000,"Gibbs","mu_2",5,4.98058304036863,4.93731564970931,5.02261488694306,1,512.3
271,10000,"Gibbs","mu_3",10,9.99391923807277,9.95422169991751,10.0342063573628,1,512.3
271,10000,"Gibbs","mu_4",20,20.0236139303789,19.9849123746929,20.0625967754456,1,512.3
271,10000,"VI","mu_1",0,0.00581710047662194,-0.03335476161447,0.0449889625677139,1,0.38799999999992
271,10000,"VI","mu_2",5,4.98072410452304,4.94132255882565,5.02012565022042,1,0.38799999999992
271,10000,"VI","mu_3",10,9.99383017975413,9.95465326757372,10.0330070919345,1,0.38799999999992
271,10000,"VI","mu_4",20,20.0235310879067,19.9844792823392,20.0625828934741,1,0.38799999999992
