"sim_id","n","method","component","mu_true","estimate","lower","upper","covered","elapsed_seconds"
375,10000,"Gibbs","mu_1",0,0.0273731722915322,-0.0139177317581109,0.0690102472312385,1,531.225
375,10000,"Gibbs","mu_2",5,4.97718634897168,4.93442470367873,5.01946650152335,1,531.225
375,10000,"Gibbs","mu_3",10,10.0026544344238,9.96376473824402,10.0424801428003,1,531.225
375,10000,"Gibbs","mu_4",20,20.0242861269563,19.985007969922,20.0634347604135,1,531.225
375,10000,"VI","mu_1",0,-4.67263150739719e-15,-19.6,19.6,1,1.74000000000001
375,10000,"VI","mu_2",5,1.85231738587829,1.82197201741781,1.88266275433877,0,1.74000000000001
375,10000,"VI","mu_3",10,9.07767509322061,9.04390799359578,9.11144219284545,0,1.74000000000001
375,10000,"VI","mu_4",20,20.0245332825199,19.9850079143557,20.0640586506841,1,1.74000000000001
