"sim_id","n","method","component","mu_true","estimate","lower","upper","covered","elapsed_seconds"
197,10000,"Gibbs","mu_1",0,0.0300625146105115,-0.0102652787428464,0.070243209456894,1,529.913
197,10000,"Gibbs","mu_2",5,4.98674431363114,4.94427101474217,5.03156722797096,1,529.913
197,10000,"Gibbs","mu_3",10,9.99305072969271,9.95291123542724,10.0322151585094,1,529.913
197,10000,"Gibbs","mu_4",20,19.9844144995759,19.9449807567386,20.0237398744398,1,529.913
197,10000,"VI","mu_1",0,-1.34561656453485e-06,-19.5999972948965,19.5999946036633,1,0.480000000000018
197,10000,"VI","mu_2",5,-1.34561656453485e-06,-19.5999972948965,19.5999946036633,1,0.480000000000018
197,10000,"VI","mu_3",10,4.99540719772182,4.97276697897458,5.01804741646906,0,0.480000000000018
197,10000,"VI","mu_4",20,19.9337525032768,19.8945945971528,19.9729104094008,0,0.480000000000018
