"sim_id","n","method","component","mu_true","estimate","lower","upper","covered","elapsed_seconds"
437,10000,"Gibbs","mu_1",0,0.00350977202869962,-0.0376355660128331,0.04488633708387,1,512.762
437,10000,"Gibbs","mu_2",5,4.98182822797475,4.94089639832633,5.02330813730869,1,512.762
437,10000,"Gibbs","mu_3",10,10.0034682317535,9.96243203301925,10.043709857288,1,512.762
437,10000,"Gibbs","mu_4",20,20.014214383206,19.9749476811147,20.0527358442238,1,512.762
437,10000,"VI","mu_1",0,-7.34508540143573e-16,-19.6,19.6,1,2.78199999999993
437,10000,"VI","mu_2",5,1.5230270687593,1.49143112138883,1.55462301612976,0,2.78199999999993
437,10000,"VI","mu_3",10,8.65505745919163,8.62263259612983,8.68748232225343,0,2.78199999999993
437,10000,"VI","mu_4",20,20.0144845591857,19.9752689484171,20.0537001699542,1,2.78199999999993
