"sim_id","n","method","component","mu_true","estimate","lower","upper","covered","elapsed_seconds"
260,10000,"Gibbs","mu_1",0,-0.0133883147229238,-0.054050268464537,0.0278473231687281,1,532.137
260,10000,"Gibbs","mu_2",5,4.99144201610433,4.94910407475573,5.03355110641304,1,532.137
260,10000,"Gibbs","mu_3",10,9.9933081378236,9.9530580613997,10.0342555984082,1,532.137
260,10000,"Gibbs","mu_4",20,19.9837134481629,19.9439674041138,20.0226461372556,1,532.137
260,10000,"VI","mu_1",0,-0.0138530230419914,-0.0532352636585005,0.0255292175745178,1,0.326999999999998
260,10000,"VI","mu_2",5,4.99170648684268,4.95208906664319,5.03132390704216,1,0.326999999999998
260,10000,"VI","mu_3",10,9.99315403262734,9.95435939624587,10.0319486690088,1,0.326999999999998
260,10000,"VI","mu_4",20,19.9838605904655,19.9448397529422,20.0228814279888,1,0.326999999999998
