"sim_id","n","method","component","mu_true","estimate","lower","upper","covered","elapsed_seconds"
405,10000,"Gibbs","mu_1",0,-0.0207900829561331,-0.0612762278603084,0.0208719274054101,1,513.902
405,10000,"Gibbs","mu_2",5,4.96935306619171,4.9288639711256,5.01169705837467,1,513.902
405,10000,"Gibbs","mu_3",10,9.96903073288697,9.9279117422908,10.0096408484791,1,513.902
405,10000,"Gibbs","mu_4",20,20.004456218826,19.9657283690468,20.0433278526793,1,513.902
405,10000,"VI","mu_1",0,-3.66168908432999e-07,-19.5999991670767,19.5999984347389,1,0.456000000000017
405,10000,"VI","mu_2",5,-3.66168908432999e-07,-19.5999991670767,19.5999984347389,1,0.456000000000017
405,10000,"VI","mu_3",10,4.93293037363228,4.91031312473376,4.9555476225308,0,0.456000000000017
405,10000,"VI","mu_4",20,19.9725892964063,19.9333118204443,20.0118667723682,1,0.456000000000017
