"sim_id","n","method","component","mu_true","estimate","lower","upper","covered","elapsed_seconds"
23,10000,"Gibbs","mu_1",0,-0.0333322769682878,-0.0733854985559372,0.00624699073515877,1,510.604
23,10000,"Gibbs","mu_2",5,5.01830830725932,4.97652074531432,5.05997078012358,1,510.604
23,10000,"Gibbs","mu_3",10,9.98743846673574,9.94554713603216,10.0275601401943,1,510.604
23,10000,"Gibbs","mu_4",20,20.0505119287109,20.0113363855662,20.090126178488,0,510.604
23,10000,"VI","mu_1",0,-4.58653410635439e-07,-19.599999029806,19.5999981124992,1,0.234000000000037
23,10000,"VI","mu_2",5,-4.58653410635439e-07,-19.599999029806,19.5999981124992,1,0.234000000000037
23,10000,"VI","mu_3",10,4.90335815277005,4.88071046898091,4.92600583655919,0,0.234000000000037
23,10000,"VI","mu_4",20,19.9941368090108,19.9550174500455,20.0332561679761,1,0.234000000000037
