"sim_id","n","method","component","mu_true","estimate","lower","upper","covered","elapsed_seconds"
184,10000,"Gibbs","mu_1",0,0.00840004788488023,-0.0320128577236059,0.0489874859641494,1,511.931
184,10000,"Gibbs","mu_2",5,4.95323682835369,4.90999327383445,4.99540476125583,0,511.931
184,10000,"Gibbs","mu_3",10,9.99038681951778,9.94946083115129,10.0309072063731,1,511.931
184,10000,"Gibbs","mu_4",20,19.9874045315328,19.9474685279045,20.0269916302879,1,511.931
184,10000,"VI","mu_1",0,-1.55008919667852e-15,-19.6,19.6,1,2.15500000000009
184,10000,"VI","mu_2",5,1.72372730397589,1.69313187240817,1.7543227355436,0,2.15500000000009
184,10000,"VI","mu_3",10,9.00380362578582,8.970170603852,9.03743664771964,0,2.15500000000009
184,10000,"VI","mu_4",20,19.9874803454948,19.9482804239048,20.0266802670848,1,2.15500000000009
