"sim_id","n","method","component","mu_true","estimate","lower","upper","covered","elapsed_seconds"
436,10000,"Gibbs","mu_1",0,0.00350150551660718,-0.0367823958008684,0.0440051254571807,1,511.24
436,10000,"Gibbs","mu_2",5,5.00761720285562,4.96604159178398,5.04865325517391,1,511.24
436,10000,"Gibbs","mu_3",10,10.045035581398,10.0038272443211,10.0864052417845,0,511.24
436,10000,"Gibbs","mu_4",20,20.0022266065918,19.9632641566062,20.0412343784887,1,511.24
436,10000,"VI","mu_1",0,-6.9257438735329e-16,-19.6,19.6,1,3.48799999999994
436,10000,"VI","mu_2",5,1.50447305034418,1.47282109637013,1.53612500431823,0,3.48799999999994
436,10000,"VI","mu_3",10,8.6632374559829,8.63064539066878,8.69582952129701,0,3.48799999999994
436,10000,"VI","mu_4",20,20.0020884604039,19.9632671401633,20.0409097806444,1,3.48799999999994
