"sim_id","n","method","component","mu_true","estimate","lower","upper","covered","elapsed_seconds"
254,10000,"Gibbs","mu_1",0,0.031989207238216,-0.00892185346687932,0.0725411235807731,1,530.285
254,10000,"Gibbs","mu_2",5,4.99642901715645,4.95457608906039,5.03908925922369,1,530.285
254,10000,"Gibbs","mu_3",10,10.0052919537152,9.96541888851738,10.0454431687339,1,530.285
254,10000,"Gibbs","mu_4",20,19.9954245158446,19.9569780176366,20.0335922879388,1,530.285
254,10000,"VI","mu_1",0,-3.85034591050463e-16,-19.6,19.6,1,2.96799999999996
254,10000,"VI","mu_2",5,1.41191405343657,1.37983495844022,1.44399314843291,0,2.96799999999996
254,10000,"VI","mu_3",10,8.56790568557785,8.53577423072372,8.60003714043197,0,2.96799999999996
254,10000,"VI","mu_4",20,19.9958862444701,19.9570421029445,20.0347303859958,1,2.96799999999996
