"sim_id","n","method","component","mu_true","estimate","lower","upper","covered","elapsed_seconds"
21,10000,"Gibbs","mu_1",0,-0.0185305854461426,-0.0585872800020593,0.0215057807325211,1,533.159
21,10000,"Gibbs","mu_2",5,4.99412041457706,4.95208261266584,5.03690616488821,1,533.159
21,10000,"Gibbs","mu_3",10,10.0118803866568,9.9722084638123,10.0516372694092,1,533.159
21,10000,"Gibbs","mu_4",20,19.9810392819504,19.9421802140967,20.0197185291928,1,533.159
21,10000,"VI","mu_1",0,-0.0186289538592893,-0.0577581045411976,0.0205001968226189,1,0.510999999999967
21,10000,"VI","mu_2",5,4.99420065841091,4.9543311630566,5.03407015376522,1,0.510999999999967
21,10000,"VI","mu_3",10,10.0118505478801,9.97287767814894,10.0508234176113,1,0.510999999999967
21,10000,"VI","mu_4",20,19.9806130734466,19.9417612573097,20.0194648895835,1,0.510999999999967
