"sim_id","n","method","component","mu_true","estimate","lower","upper","covered","elapsed_seconds"
206,10000,"Gibbs","mu_1",0,-0.00767113175669098,-0.0485935016669258,0.0331100914885938,1,527.66
206,10000,"Gibbs","mu_2",5,5.01772321857678,4.97510976114139,5.06028650444072,1,527.66
206,10000,"Gibbs","mu_3",10,9.97120859118984,9.93072991305583,10.0119569482299,1,527.66
206,10000,"Gibbs","mu_4",20,19.9898827413099,19.9504628777676,20.0277375299364,1,527.66
206,10000,"VI","mu_1",0,-2.10197228010892e-06,-19.5999957269214,19.5999915229769,1,0.298000000000002
206,10000,"VI","mu_2",5,-2.10197228010892e-06,-19.5999957269214,19.5999915229769,1,0.298000000000002
206,10000,"VI","mu_3",10,4.99724327715615,4.97457436233072,5.01991219198158,0,0.298000000000002
206,10000,"VI","mu_4",20,19.9493424152058,19.9103318614778,19.9883529689338,0,0.298000000000002
