"sim_id","n","method","component","mu_true","estimate","lower","upper","covered","elapsed_seconds"
82,10000,"Gibbs","mu_1",0,-0.0244591185380332,-0.0653816011613027,0.016115214157358,1,529.999
82,10000,"Gibbs","mu_2",5,5.03243021232855,4.99115994214033,5.07460560078453,1,529.999
82,10000,"Gibbs","mu_3",10,9.99384867887006,9.95403936587211,10.0339578418442,1,529.999
82,10000,"Gibbs","mu_4",20,20.0106865924414,19.9709399595696,20.0506965833757,1,529.999
82,10000,"VI","mu_1",0,-1.74388966485393e-06,-19.5999964739511,19.5999929861718,1,0.440999999999917
82,10000,"VI","mu_2",5,-1.74388966485393e-06,-19.5999964739511,19.5999929861718,1,0.440999999999917
82,10000,"VI","mu_3",10,4.97533653551985,4.95265334248157,4.99801972855814,0,0.440999999999917
82,10000,"VI","mu_4",20,19.9457976832334,19.9068596241506,19.9847357423162,0,0.440999999999917
