"sim_id","n","method","component","mu_true","estimate","lower","upper","covered","elapsed_seconds"
383,10000,"Gibbs","mu_1",0,0.0143504367854979,-0.026163407134652,0.0549608100847957,1,532.111
383,10000,"Gibbs","mu_2",5,4.96235140509829,4.92089250176502,5.00319011633525,1,532.111
383,10000,"Gibbs","mu_3",10,9.98207588357683,9.94160942245927,10.0217713582028,1,532.111
383,10000,"Gibbs","mu_4",20,19.9774707543814,19.9372441816756,20.0174234297501,1,532.111
383,10000,"VI","mu_1",0,-1.20664887079924e-15,-19.6,19.6,1,3.54300000000001
383,10000,"VI","mu_2",5,1.66070110896668,1.62996234592226,1.69143987201111,0,3.54300000000001
383,10000,"VI","mu_3",10,8.79180705669661,8.75878196746748,8.82483214592575,0,3.54300000000001
383,10000,"VI","mu_4",20,19.9774587526341,19.9375501504466,20.0173673548215,1,3.54300000000001
