"sim_id","n","method","component","mu_true","estimate","lower","upper","covered","elapsed_seconds"
381,10000,"Gibbs","mu_1",0,-0.0133792735248922,-0.0535292808698871,0.0268147459251074,1,528.353
381,10000,"Gibbs","mu_2",5,5.00027857898268,4.95707734549907,5.04169076211232,1,528.353
381,10000,"Gibbs","mu_3",10,10.0047371637959,9.96434894468705,10.0458614739288,1,528.353
381,10000,"Gibbs","mu_4",20,20.0036251623428,19.9639744176844,20.0426359010378,1,528.353
381,10000,"VI","mu_1",0,-1.71370124283039e-06,-19.5999968651217,19.5999934377193,1,0.44399999999996
381,10000,"VI","mu_2",5,-1.71370124283039e-06,-19.5999968651217,19.5999934377193,1,0.44399999999996
381,10000,"VI","mu_3",10,4.94162643721525,4.91900496665092,4.96424790777958,0,0.44399999999996
381,10000,"VI","mu_4",20,19.9450004325281,19.9057450420658,19.9842558229905,0,0.44399999999996
