"sim_id","n","method","component","mu_true","estimate","lower","upper","covered","elapsed_seconds"
172,10000,"Gibbs","mu_1",0,0.0281344115276161,-0.0122352230836519,0.0685027170082057,1,509.908
172,10000,"Gibbs","mu_2",5,4.99904602687238,4.95748193936207,5.04075011149922,1,509.908
172,10000,"Gibbs","mu_3",10,9.98451612099486,9.94392688379747,10.025019068576,1,509.908
172,10000,"Gibbs","mu_4",20,19.9939720916612,19.9536168302196,20.0337066900011,1,509.908
172,10000,"VI","mu_1",0,0.0283535767412861,-0.0103679687230721,0.0670751222056442,1,0.460999999999956
172,10000,"VI","mu_2",5,4.99879181342858,4.95963403484804,5.03794959200913,1,0.460999999999956
172,10000,"VI","mu_3",10,9.98496097549998,9.94583503163559,10.0240869193644,1,0.460999999999956
172,10000,"VI","mu_4",20,19.9937209898799,19.9539030791972,20.0335389005626,1,0.460999999999956
