"sim_id","n","method","component","mu_true","estimate","lower","upper","covered","elapsed_seconds"
249,10000,"Gibbs","mu_1",0,0.0388719107414929,-0.00096982066792062,0.0793642242263627,1,534.31
249,10000,"Gibbs","mu_2",5,4.99510204613289,4.95282784982713,5.03747900360795,1,534.31
249,10000,"Gibbs","mu_3",10,10.0046268774033,9.96404861008729,10.0456036566372,1,534.31
249,10000,"Gibbs","mu_4",20,20.0103797796038,19.9704985431737,20.0494108500337,1,534.31
249,10000,"VI","mu_1",0,-2.33765932059755e-16,-19.6,19.6,1,2.29600000000005
249,10000,"VI","mu_2",5,1.22313218996856,1.19049124536974,1.25577313456737,0,2.29600000000005
249,10000,"VI","mu_3",10,8.43397612890574,8.40250350793319,8.46544874987829,0,2.29600000000005
249,10000,"VI","mu_4",20,20.0101079066456,19.9710328254725,20.0491829878187,1,2.29600000000005
