"sim_id","n","method","component","mu_true","estimate","lower","upper","covered","elapsed_seconds"
204,10000,"Gibbs","mu_1",0,0.0136240145452031,-0.0274085248225165,0.0544317463319005,1,529.082
204,10000,"Gibbs","mu_2",5,4.99030780564854,4.94796394107003,5.0326143125414,1,529.082
204,10000,"Gibbs","mu_3",10,10.0010399350341,9.96097544427499,10.0409934164536,1,529.082
204,10000,"Gibbs","mu_4",20,19.9808809027169,19.9422305360332,20.0221473883768,1,529.082
204,10000,"VI","mu_1",0,-1.58092425525465e-15,-19.6,19.6,1,2.40300000000002
204,10000,"VI","mu_2",5,1.73973902004927,1.70890936004967,1.77056868004887,0,2.40300000000002
204,10000,"VI","mu_3",10,8.93326490758116,8.90018784261644,8.96634197254588,0,2.40300000000002
204,10000,"VI","mu_4",20,19.9806611492268,19.9410389845477,20.0202833139059,1,2.40300000000002
