"sim_id","n","method","component","mu_true","estimate","lower","upper","covered","elapsed_seconds"
168,10000,"Gibbs","mu_1",0,0.008679164864811,-0.0320283099968581,0.0489415185984612,1,513.907
168,10000,"Gibbs","mu_2",5,4.95756274164525,4.91505601950994,4.99930793803832,0,513.907
168,10000,"Gibbs","mu_3",10,9.97680946948885,9.93634252480838,10.0169006686762,1,513.907
168,10000,"Gibbs","mu_4",20,20.0027189428344,19.9637131460648,20.0415806821543,1,513.907
168,10000,"VI","mu_1",0,0.0088119587068048,-0.0300381066839389,0.0476620240975485,1,0.415000000000077
168,10000,"VI","mu_2",5,4.95770844374558,4.91781228600353,4.99760460148762,0,0.415000000000077
168,10000,"VI","mu_3",10,9.97704458022972,9.9377681181203,10.0163210423391,1,0.415000000000077
168,10000,"VI","mu_4",20,20.0025409683136,19.9637348689973,20.0413470676298,1,0.415000000000077
