"sim_id","n","method","component","mu_true","estimate","lower","upper","covered","elapsed_seconds"
459,10000,"Gibbs","mu_1",0,-0.0176994467550627,-0.0591768853582189,0.0221102038339051,1,530.886
459,10000,"Gibbs","mu_2",5,4.98890384274007,4.94754650101469,5.03034350339057,1,530.886
459,10000,"Gibbs","mu_3",10,9.98598626540841,9.9451612896447,10.0257075623859,1,530.886
459,10000,"Gibbs","mu_4",20,19.9949544072508,19.9551224626631,20.0334813901397,1,530.886
459,10000,"VI","mu_1",0,-0.0176749792260092,-0.0567464753069394,0.0213965168549211,1,0.418000000000006
459,10000,"VI","mu_2",5,4.98853838406856,4.94928265912323,5.02779410901389,1,0.418000000000006
459,10000,"VI","mu_3",10,9.98583877817723,9.94676867264652,10.0249088837079,1,0.418000000000006
459,10000,"VI","mu_4",20,19.9948452859566,19.9554399217384,20.0342506501748,1,0.418000000000006
