"sim_id","n","method","component","mu_true","estimate","lower","upper","covered","elapsed_seconds"
27,10000,"Gibbs","mu_1",0,0.00462735568847367,-0.0338129135130002,0.0439198043458967,1,509.688
27,10000,"Gibbs","mu_2",5,4.99930749350246,4.95745188547585,5.04066314310889,1,509.688
27,10000,"Gibbs","mu_3",10,10.0162113409358,9.97507515020509,10.0568320207831,1,509.688
27,10000,"Gibbs","mu_4",20,19.9902038581579,19.9502665181591,20.0293774505841,1,509.688
27,10000,"VI","mu_1",0,-2.99514524273601e-16,-19.6,19.6,1,2.13699999999994
27,10000,"VI","mu_2",5,1.24761338469195,1.21526046310603,1.27996630627787,0,2.13699999999994
27,10000,"VI","mu_3",10,8.49426419205129,8.46253906457391,8.52598931952867,0,2.13699999999994
27,10000,"VI","mu_4",20,19.9898813959501,19.9507830465089,20.0289797453912,1,2.13699999999994
