"sim_id","n","method","component","mu_true","estimate","lower","upper","covered","elapsed_seconds"
388,10000,"Gibbs","mu_1",0,-0.0164163589742076,-0.0563219506860355,0.023724605634413,1,517.278
388,10000,"Gibbs","mu_2",5,5.00206575449426,4.95926276296226,5.04459572387624,1,517.278
388,10000,"Gibbs","mu_3",10,9.99596090487357,9.95483138577386,10.0364835476861,1,517.278
388,10000,"Gibbs","mu_4",20,19.9698268443996,19.9311490383804,20.0083575842304,1,517.278
388,10000,"VI","mu_1",0,-1.95604226924175e-16,-19.6,19.6,1,2.40499999999997
388,10000,"VI","mu_2",5,1.12835851886996,1.09526623749626,1.16145080024366,0,2.40499999999997
388,10000,"VI","mu_3",10,8.33269915353919,8.30157244222653,8.36382586485185,0,2.40499999999997
388,10000,"VI","mu_4",20,19.9700231000673,19.9310331913395,20.0090130087951,1,2.40499999999997
