"sim_id","n","method","component","mu_true","estimate","lower","upper","covered","elapsed_seconds"
31,10000,"Gibbs","mu_1",0,0.006245309986142,-0.034857837461467,0.0470744609559743,1,531.17
31,10000,"Gibbs","mu_2",5,5.00512606737271,4.96348025960121,5.04656307292231,1,531.17
31,10000,"Gibbs","mu_3",10,10.0148073059982,9.97431263691944,10.0554133215854,1,531.17
31,10000,"Gibbs","mu_4",20,19.9889173807696,19.9504331646665,20.0283549798872,1,531.17
31,10000,"VI","mu_1",0,-5.34052469241495e-16,-19.6,19.6,1,3.20799999999997
31,10000,"VI","mu_2",5,1.42410994058144,1.39190709615631,1.45631278500658,0,3.20799999999997
31,10000,"VI","mu_3",10,8.5774967718276,8.54547971028202,8.60951383337317,0,3.20799999999997
31,10000,"VI","mu_4",20,19.9887951222701,19.9499662251259,20.0276240194143,1,3.20799999999997
