"sim_id","n","method","component","mu_true","estimate","lower","upper","covered","elapsed_seconds"
157,10000,"Gibbs","mu_1",0,-0.0550273593960398,-0.094635092292127,-0.0159550241258165,0,531.137
157,10000,"Gibbs","mu_2",5,4.95670335133728,4.91457546951635,4.99924212276732,0,531.137
157,10000,"Gibbs","mu_3",10,9.99591071171611,9.95604664191194,10.0367667395869,1,531.137
157,10000,"Gibbs","mu_4",20,20.0074691498366,19.9698431292648,20.0467045612555,1,531.137
157,10000,"VI","mu_1",0,-1.53355882891951e-16,-19.6,19.6,1,1.97500000000002
157,10000,"VI","mu_2",5,1.03169604923146,0.99887960708666,1.06451249137626,0,1.97500000000002
157,10000,"VI","mu_3",10,8.34697032347999,8.31572432435969,8.3782163226003,0,1.97500000000002
157,10000,"VI","mu_4",20,20.0076092685912,19.968393659353,20.0468248778294,1,1.97500000000002
