"sim_id","n","method","component","mu_true","estimate","lower","upper","covered","elapsed_seconds"
192,10000,"Gibbs","mu_1",0,-0.0268862207588448,-0.0674546263153342,0.0143582982346607,1,529.043
192,10000,"Gibbs","mu_2",5,4.99260064567039,4.94986201724417,5.03378740060449,1,529.043
192,10000,"Gibbs","mu_3",10,10.0057841569577,9.96485965459134,10.0463162535406,1,529.043
192,10000,"Gibbs","mu_4",20,20.008065059017,19.9698374566389,20.0472567128262,1,529.043
192,10000,"VI","mu_1",0,-2.29832833119937e-05,-19.5999680064135,19.5999220398469,1,0.515999999999963
192,10000,"VI","mu_2",5,-2.29832833119937e-05,-19.5999680064135,19.5999220398469,1,0.515999999999963
192,10000,"VI","mu_3",10,5.00700233024426,4.98434690506159,5.02965775542693,0,0.515999999999963
192,10000,"VI","mu_4",20,19.9599499749658,19.9208704301013,19.9990295198304,0,0.515999999999963
