"sim_id","n","method","component","mu_true","estimate","lower","upper","covered","elapsed_seconds"
203,10000,"Gibbs","mu_1",0,-0.00182271147826228,-0.0419852776286047,0.0388532645590474,1,526.682
203,10000,"Gibbs","mu_2",5,4.96665844052951,4.92545365468204,5.00929630497075,1,526.682
203,10000,"Gibbs","mu_3",10,10.0369392395339,9.99682383923981,10.0769599046161,1,526.682
203,10000,"Gibbs","mu_4",20,20.0373369419925,19.9982679586526,20.0764467157146,1,526.682
203,10000,"VI","mu_1",0,-1.15585370967626e-15,-19.6,19.6,1,2.23199999999997
203,10000,"VI","mu_2",5,1.66069872605236,1.6300080201122,1.69138943199252,0,2.23199999999997
203,10000,"VI","mu_3",10,8.94832208595358,8.91481433399687,8.9818298379103,0,2.23199999999997
203,10000,"VI","mu_4",20,20.0371972251548,19.9979973037709,20.0763971465388,1,2.23199999999997
