"sim_id","n","method","component","mu_true","estimate","lower","upper","covered","elapsed_seconds"
167,10000,"Gibbs","mu_1",0,-0.00135905345057645,-0.0415838811595406,0.0393231885966083,1,507.716
167,10000,"Gibbs","mu_2",5,5.02219087831044,4.98045836124763,5.0651874118703,1,507.716
167,10000,"Gibbs","mu_3",10,10.0043541490042,9.96405536562806,10.0451246186935,1,507.716
167,10000,"Gibbs","mu_4",20,20.0093279407448,19.9707294873048,20.0477310718214,1,507.716
167,10000,"VI","mu_1",0,-4.52990413584499e-16,-19.6,19.6,1,4.03499999999997
167,10000,"VI","mu_2",5,1.35642239710193,1.32403694986109,1.38880784434277,0,4.03499999999997
167,10000,"VI","mu_3",10,8.54583955223423,8.51408685050291,8.57759225396554,0,4.03499999999997
167,10000,"VI","mu_4",20,20.0094119015404,19.9704219664631,20.0484018366177,1,4.03499999999997
