"sim_id","n","method","component","mu_true","estimate","lower","upper","covered","elapsed_seconds"
257,10000,"Gibbs","mu_1",0,0.00668554795303243,-0.0340394739935983,0.0461908013523038,1,518.386
257,10000,"Gibbs","mu_2",5,4.96477809670224,4.92282901868391,5.00844092860192,1,518.386
257,10000,"Gibbs","mu_3",10,9.9978744477502,9.95712162073518,10.0382958185192,1,518.386
257,10000,"Gibbs","mu_4",20,19.9868305327702,19.9480502033353,20.0256561744865,1,518.386
257,10000,"VI","mu_1",0,-7.74715794842745e-16,-19.6,19.6,1,2.154
257,10000,"VI","mu_2",5,1.58198607950959,1.55080157349784,1.61317058552133,0,2.154
257,10000,"VI","mu_3",10,8.83391829872951,8.80099306310634,8.86684353435268,0,2.154
257,10000,"VI","mu_4",20,19.9865754393914,19.9474224868695,20.0257283919134,1,2.154
