"sim_id","n","method","component","mu_true","estimate","lower","upper","covered","elapsed_seconds"
476,10000,"Gibbs","mu_1",0,1.11392228687455,1.03973520914999,1.18773141616198,0,452.089
476,10000,"Gibbs","mu_2",5,8.3872591848741,8.32062737659015,8.45817569579747,0,452.089
476,10000,"Gibbs","mu_3",10,19.9270812610819,19.7899731693049,20.0351453211382,0,452.089
476,10000,"Gibbs","mu_4",20,20.1249901869965,20.0198799875209,20.2590332779168,0,452.089
476,10000,"VI","mu_1",0,-1.732819139225e-16,-19.6,19.6,1,1.92199999999997
476,10000,"VI","mu_2",5,1.11313064956008,1.08030830739361,1.14595299172655,0,1.92199999999997
476,10000,"VI","mu_3",10,8.38642473264195,8.35475544502022,8.41809402026368,0,1.92199999999997
476,10000,"VI","mu_4",20,20.0264973600762,19.9880864653014,20.064908254851,1,1.92199999999997
