"sim_id","n","method","component","mu_true","estimate","lower","upper","covered","elapsed_seconds"
333,10000,"Gibbs","mu_1",0,0.0172331315515246,-0.0234537564989562,0.0579597830931536,1,526.642
333,10000,"Gibbs","mu_2",5,4.97933950645553,4.93689265001594,5.02167235137641,1,526.642
333,10000,"Gibbs","mu_3",10,9.96946637378689,9.92982165762806,10.0077022019413,1,526.642
333,10000,"Gibbs","mu_4",20,20.0258938610037,19.9848717053173,20.0662316360546,1,526.642
333,10000,"VI","mu_1",0,-5.91939993059919e-16,-19.6,19.6,1,4.00400000000002
333,10000,"VI","mu_2",5,1.43749574718624,1.40576140513531,1.46923008923717,0,4.00400000000002
333,10000,"VI","mu_3",10,8.66128877543602,8.62920666311377,8.69337088775827,0,4.00400000000002
333,10000,"VI","mu_4",20,20.0260654387715,19.986491764067,20.065639113476,1,4.00400000000002
