"sim_id","n","method","component","mu_true","estimate","lower","upper","covered","elapsed_seconds"
178,10000,"Gibbs","mu_1",0,-0.00309783976099902,-0.0436546264707783,0.0372914611821677,1,511.047
178,10000,"Gibbs","mu_2",5,5.00198981024524,4.95978344290349,5.04331707046378,1,511.047
178,10000,"Gibbs","mu_3",10,10.0146652659453,9.97340746585245,10.0547680669059,1,511.047
178,10000,"Gibbs","mu_4",20,19.9946400184355,19.954609285476,20.033796725101,1,511.047
178,10000,"VI","mu_1",0,-0.00244666441775632,-0.0414628602552727,0.0365695314197601,1,0.525000000000034
178,10000,"VI","mu_2",5,5.00260077908742,4.96349132992262,5.04171022825222,1,0.525000000000034
178,10000,"VI","mu_3",10,10.0149235773267,9.97561200740091,10.0542351472524,1,0.525000000000034
178,10000,"VI","mu_4",20,19.994655829849,19.9552902247018,20.0340214349963,1,0.525000000000034
