"sim_id","n","method","component","mu_true","estimate","lower","upper","covered","elapsed_seconds"
223,10000,"Gibbs","mu_1",0,0.0164496889512491,-0.0234814990877624,0.0571178194172684,1,514.802
223,10000,"Gibbs","mu_2",5,4.97826027986756,4.93580139611985,5.02068083516656,1,514.802
223,10000,"Gibbs","mu_3",10,9.98200993896899,9.940621633866,10.0233139557256,1,514.802
223,10000,"Gibbs","mu_4",20,19.9798360892082,19.9409833127655,20.0186172649277,1,514.802
223,10000,"VI","mu_1",0,0.0161932181218483,-0.0227585595374845,0.055144995781181,1,0.345000000000027
223,10000,"VI","mu_2",5,4.9780477282646,4.93891674154497,5.01717871498422,1,0.345000000000027
223,10000,"VI","mu_3",10,9.98210108554099,9.94243209696683,10.0217700741152,1,0.345000000000027
223,10000,"VI","mu_4",20,19.9801041802278,19.9410446435644,20.0191637168912,1,0.345000000000027
