"sim_id","n","method","component","mu_true","estimate","lower","upper","covered","elapsed_seconds"
499,10000,"Gibbs","mu_1",0,-0.0155289707892827,-0.0558530056014779,0.0251330347526159,1,464.418
499,10000,"Gibbs","mu_2",5,4.98667215515627,4.94466198408154,5.02863761784771,1,464.418
499,10000,"Gibbs","mu_3",10,10.0083802934802,9.96793342938614,10.0489467674243,1,464.418
499,10000,"Gibbs","mu_4",20,19.9791466500947,19.9407537693977,20.0184804259134,1,464.418
499,10000,"VI","mu_1",0,-6.60561537552831e-16,-19.6,19.6,1,2.80799999999999
499,10000,"VI","mu_2",5,1.51047954332522,1.47916226261453,1.54179682403591,0,2.80799999999999
499,10000,"VI","mu_3",10,8.71764382157511,8.68501386912059,8.75027377402962,0,2.80799999999999
499,10000,"VI","mu_4",20,19.9794330010777,19.9400355989362,20.0188304032193,1,2.80799999999999
