"sim_id","n","method","component","mu_true","estimate","lower","upper","covered","elapsed_seconds"
450,10000,"Gibbs","mu_1",0,0.00746139623275305,-0.0326735967152993,0.0479667009747391,1,523.584
450,10000,"Gibbs","mu_2",5,5.01207581974111,4.97120506901536,5.05307278689611,1,523.584
450,10000,"Gibbs","mu_3",10,10.0227219634113,9.98172943298919,10.0630386561366,1,523.584
450,10000,"Gibbs","mu_4",20,19.9908867956755,19.9526024352127,20.0309952410839,1,523.584
450,10000,"VI","mu_1",0,0.00805936367248686,-0.0308161589570138,0.0469348863019875,1,0.36099999999999
450,10000,"VI","mu_2",5,5.01242230312816,4.97333130102643,5.05151330522989,1,0.36099999999999
450,10000,"VI","mu_3",10,10.022846193771,9.98350559084719,10.0621867966949,1,0.36099999999999
450,10000,"VI","mu_4",20,19.9906330892894,19.9511318095884,20.0301343689903,1,0.36099999999999
