"sim_id","n","method","component","mu_true","estimate","lower","upper","covered","elapsed_seconds"
397,10000,"Gibbs","mu_1",0,0.011496512694322,-0.0296651056666709,0.0521038502622145,1,530.094
397,10000,"Gibbs","mu_2",5,5.00826240484752,4.96645357605104,5.05031551129627,1,530.094
397,10000,"Gibbs","mu_3",10,9.98804689698176,9.94738303376651,10.028660185226,1,530.094
397,10000,"Gibbs","mu_4",20,19.9985366905907,19.9600372245322,20.0369239141128,1,530.094
397,10000,"VI","mu_1",0,-7.81777762110426e-16,-19.6,19.6,1,2.64699999999993
397,10000,"VI","mu_2",5,1.5464112852391,1.51477499638779,1.57804757409041,0,2.64699999999993
397,10000,"VI","mu_3",10,8.69279519835962,8.66026693805343,8.72532345866582,0,2.64699999999993
397,10000,"VI","mu_4",20,19.9983126023501,19.959353482294,20.0372717224062,1,2.64699999999993
