"sim_id","n","method","component","mu_true","estimate","lower","upper","covered","elapsed_seconds"
115,10000,"Gibbs","mu_1",0,-0.00830037503412488,-0.0492461991081908,0.0336479112740472,1,530.615
115,10000,"Gibbs","mu_2",5,4.97688044984709,4.93467286694483,5.01906854717705,1,530.615
115,10000,"Gibbs","mu_3",10,10.003227183373,9.96342832812447,10.042315174914,1,530.615
115,10000,"Gibbs","mu_4",20,19.9819031931257,19.9426456424431,20.0209276036489,1,530.615
115,10000,"VI","mu_1",0,-0.00882224836118305,-0.0483588787599504,0.0307143820375843,1,0.467999999999961
115,10000,"VI","mu_2",5,4.97639117514087,4.93727786012206,5.01550449015968,1,0.467999999999961
115,10000,"VI","mu_3",10,10.0030453937711,9.96430240091385,10.0417883866283,1,0.467999999999961
115,10000,"VI","mu_4",20,19.982128066967,19.942706765352,20.0215493685821,1,0.467999999999961
