"sim_id","n","method","component","mu_true","estimate","lower","upper","covered","elapsed_seconds"
108,10000,"Gibbs","mu_1",0,-0.0525919920761388,-0.0933553346119222,-0.0128450953414253,0,527.504
108,10000,"Gibbs","mu_2",5,4.98695795688576,4.94436633757984,5.02926331401979,1,527.504
108,10000,"Gibbs","mu_3",10,9.99747092337316,9.95721818067568,10.037948684136,1,527.504
108,10000,"Gibbs","mu_4",20,19.9934741742436,19.9537761792461,20.032155237889,1,527.504
108,10000,"VI","mu_1",0,-0.0525150560368971,-0.0915774598350629,-0.0134526522387313,0,0.345000000000027
108,10000,"VI","mu_2",5,4.98656063370527,4.94730864053482,5.02581262687573,1,0.345000000000027
108,10000,"VI","mu_3",10,9.99774346384464,9.95876119727652,10.0367257304127,1,0.345000000000027
108,10000,"VI","mu_4",20,19.9939523519644,19.9544430476941,20.0334616562346,1,0.345000000000027
