"sim_id","n","method","component","mu_true","estimate","lower","upper","covered","elapsed_seconds"
120,10000,"Gibbs","mu_1",0,-0.0298817258561322,-0.0699534449511584,0.0103504570671876,1,508.622
120,10000,"Gibbs","mu_2",5,5.01603901431497,4.97478293120235,5.05915980860595,1,508.622
120,10000,"Gibbs","mu_3",10,9.9952290002847,9.95516330122861,10.0362831120898,1,508.622
120,10000,"Gibbs","mu_4",20,19.9808823913826,19.941479185506,20.0194120464216,1,508.622
120,10000,"VI","mu_1",0,-3.20416280702108e-16,-19.6,19.6,1,2.387
120,10000,"VI","mu_2",5,1.23039255115065,1.19775764421308,1.26302745808821,0,2.387
120,10000,"VI","mu_3",10,8.45943345064476,8.42791533388158,8.49095156740794,0,2.387
120,10000,"VI","mu_4",20,19.9788271895943,19.9398284056808,20.0178259735079,1,2.387
