"sim_id","n","method","component","mu_true","estimate","lower","upper","covered","elapsed_seconds"
85,10000,"Gibbs","mu_1",0,-0.0156676040161815,-0.0561745053414693,0.0250669639484806,1,530.746
85,10000,"Gibbs","mu_2",5,5.01158055708857,4.970600051775,5.05268899050314,1,530.746
85,10000,"Gibbs","mu_3",10,10.0656331988095,10.0257058213826,10.1057360012625,0,530.746
85,10000,"Gibbs","mu_4",20,20.0109492410247,19.9720865773798,20.0509680234976,1,530.746
85,10000,"VI","mu_1",0,-7.85223536329719e-16,-19.6,19.6,1,4.76199999999994
85,10000,"VI","mu_2",5,1.55791272023842,1.52648467493202,1.58934076554481,0,4.76199999999994
85,10000,"VI","mu_3",10,8.77003329030064,8.73754511833844,8.80252146226284,0,4.76199999999994
85,10000,"VI","mu_4",20,20.0111418190007,19.9717125425204,20.050571095481,1,4.76199999999994
