"sim_id","n","method","component","mu_true","estimate","lower","upper","covered","elapsed_seconds"
4,10000,"Gibbs","mu_1",0,0.034549307945968,-0.00675986820844852,0.0748154423471681,1,409.446
4,10000,"Gibbs","mu_2",5,5.01769050446676,4.97614337493493,5.05920437615174,1,409.446
4,10000,"Gibbs","mu_3",10,9.98541357537935,9.94487567924243,10.0248476901626,1,409.446
4,10000,"Gibbs","mu_4",20,20.0234662652521,19.984544960982,20.0621825361492,1,409.446
4,10000,"VI","mu_1",0,-4.95222578388824e-16,-19.6,19.6,1,3.19099999999997
4,10000,"VI","mu_2",5,1.43180728808253,1.39962465452319,1.46398992164188,0,3.19099999999997
4,10000,"VI","mu_3",10,8.53394174614331,8.50214599700783,8.56573749527878,0,3.19099999999997
4,10000,"VI","mu_4",20,20.0231394786252,19.9838688067147,20.0624101505358,1,3.19099999999997
