"sim_id","n","method","component","mu_true","estimate","lower","upper","covered","elapsed_seconds"
409,10000,"Gibbs","mu_1",0,0.00290388009513731,-0.0374429794297421,0.0440795019071095,1,530.312
409,10000,"Gibbs","mu_2",5,4.99441278452054,4.951883577593,5.03687387817176,1,530.312
409,10000,"Gibbs","mu_3",10,9.99424393088947,9.95404116730233,10.0349627214268,1,530.312
409,10000,"Gibbs","mu_4",20,20.0071689664341,19.9690530703013,20.0457532305711,1,530.312
409,10000,"VI","mu_1",0,0.00300361498053364,-0.0366813882203554,0.0426886181814227,1,0.442999999999984
409,10000,"VI","mu_2",5,4.99443808570935,4.9550989734153,5.0337771980034,1,0.442999999999984
409,10000,"VI","mu_3",10,9.99433326060016,9.95556060819469,10.0331059130056,1,0.442999999999984
409,10000,"VI","mu_4",20,20.0072533740819,19.968232536667,20.0462742114969,1,0.442999999999984
