"sim_id","n","method","component","mu_true","estimate","lower","upper","covered","elapsed_seconds"
8,10000,"Gibbs","mu_1",0,-0.018143100398421,-0.058755519960081,0.0228524703311564,1,443.243
8,10000,"Gibbs","mu_2",5,4.96874415481888,4.92616217746524,5.01087434194238,1,443.243
8,10000,"Gibbs","mu_3",10,10.0094495267212,9.9687092214492,10.0499827037872,1,443.243
8,10000,"Gibbs","mu_4",20,19.9959242050114,19.9556014369773,20.0356866068112,1,443.243
8,10000,"VI","mu_1",0,-0.0179591342759552,-0.0567751154599709,0.0208568469080605,1,0.335000000000036
8,10000,"VI","mu_2",5,4.96897469859333,4.93006072600473,5.00788867118193,1,0.335000000000036
8,10000,"VI","mu_3",10,10.0095649142504,9.9703054492798,10.048824379221,1,0.335000000000036
8,10000,"VI","mu_4",20,19.9958405282091,19.9560061740997,20.0356748823185,1,0.335000000000036
