"sim_id","n","method","component","mu_true","estimate","lower","upper","covered","elapsed_seconds"
464,10000,"Gibbs","mu_1",0,-0.0015300665709666,-0.0413421750333379,0.0390844524828264,1,528.754
464,10000,"Gibbs","mu_2",5,5.00496116063414,4.96271794166039,5.04756092860554,1,528.754
464,10000,"Gibbs","mu_3",10,9.99969126519985,9.95934869668799,10.0410195432858,1,528.754
464,10000,"Gibbs","mu_4",20,19.9915305645455,19.951733117036,20.0312043612992,1,528.754
464,10000,"VI","mu_1",0,-9.10124512784175e-16,-19.6,19.6,1,2.92200000000003
464,10000,"VI","mu_2",5,1.57856202106526,1.54724157666164,1.60988246546888,0,2.92200000000003
464,10000,"VI","mu_3",10,8.71803070923787,8.68548539613535,8.75057602234038,0,2.92200000000003
464,10000,"VI","mu_4",20,19.9914045390767,19.9518630874783,20.0309459906751,1,2.92200000000003
