"sim_id","n","method","component","mu_true","estimate","lower","upper","covered","elapsed_seconds"
304,10000,"Gibbs","mu_1",0,-0.00912029961464613,-0.0504962044947497,0.0318744294799344,1,529.955
304,10000,"Gibbs","mu_2",5,4.95584418929066,4.91466680613456,4.99766259891513,0,529.955
304,10000,"Gibbs","mu_3",10,10.0019084715083,9.96096246777048,10.0418322162631,1,529.955
304,10000,"Gibbs","mu_4",20,19.9776087855011,19.9381401839846,20.0184072272237,1,529.955
304,10000,"VI","mu_1",0,-0.00926588743737033,-0.0485898778656394,0.0300581029908988,1,0.371999999999957
304,10000,"VI","mu_2",5,4.95559898140018,4.91647145062671,4.99472651217364,0,0.371999999999957
304,10000,"VI","mu_3",10,10.0016688496922,9.96280551158969,10.0405321877948,1,0.371999999999957
304,10000,"VI","mu_4",20,19.9776684517833,19.9381751918369,20.0171617117297,1,0.371999999999957
