"sim_id","n","method","component","mu_true","estimate","lower","upper","covered","elapsed_seconds"
146,10000,"Gibbs","mu_1",0,0.0193043808434793,-0.0206929781535815,0.0605826151268722,1,534.161
146,10000,"Gibbs","mu_2",5,5.00510665593721,4.96314774100698,5.04607934880485,1,534.161
146,10000,"Gibbs","mu_3",10,9.98981397157979,9.95166253147752,10.030173136247,1,534.161
146,10000,"Gibbs","mu_4",20,19.9812785895628,19.9408436043843,20.0209926281023,1,534.161
146,10000,"VI","mu_1",0,-4.72665280471131e-06,-19.5999917704269,19.5999823171213,1,0.485000000000014
146,10000,"VI","mu_2",5,-4.72665280471131e-06,-19.5999917704269,19.5999823171213,1,0.485000000000014
146,10000,"VI","mu_3",10,5.0149998538388,4.99248367374307,5.03751603393453,0,0.485000000000014
146,10000,"VI","mu_4",20,19.9201318357258,19.8803103614398,19.9599533100119,0,0.485000000000014
