"sim_id","n","method","component","mu_true","estimate","lower","upper","covered","elapsed_seconds"
423,10000,"Gibbs","mu_1",0,0.00960725308484277,-0.0315969421088397,0.0514707416585098,1,534.561
423,10000,"Gibbs","mu_2",5,5.00721673602766,4.9669007971,5.04865684046083,1,534.561
423,10000,"Gibbs","mu_3",10,10.0179340311015,9.97788245950391,10.0582923708238,1,534.561
423,10000,"Gibbs","mu_4",20,19.999403151609,19.9601701696908,20.0395522425465,1,534.561
423,10000,"VI","mu_1",0,-4.69792425106225e-16,-19.6,19.6,1,3.077
423,10000,"VI","mu_2",5,1.41641692298065,1.3843533449843,1.448480500977,0,3.077
423,10000,"VI","mu_3",10,8.57681254703124,8.54502685156513,8.60859824249734,0,3.077
423,10000,"VI","mu_4",20,19.9997636794809,19.9602543761755,20.0392729827862,1,3.077
