"sim_id","n","method","component","mu_true","estimate","lower","upper","covered","elapsed_seconds"
481,10000,"Gibbs","mu_1",0,0.00717469942496716,-0.0323314139732331,0.0481906227042925,1,451.822
481,10000,"Gibbs","mu_2",5,5.02803263816759,4.98717263384933,5.06972171131141,1,451.822
481,10000,"Gibbs","mu_3",10,10.008669177636,9.9694053825826,10.0486465653231,1,451.822
481,10000,"Gibbs","mu_4",20,19.9941618444935,19.955226692021,20.0328940805473,1,451.822
481,10000,"VI","mu_1",0,-4.24466575306682e-16,-19.6,19.6,1,2.10299999999995
481,10000,"VI","mu_2",5,1.38356866273098,1.35127871201589,1.41585861344608,0,2.10299999999995
481,10000,"VI","mu_3",10,8.55247065603258,8.52081047828301,8.58413083378214,0,2.10299999999995
481,10000,"VI","mu_4",20,19.9939556610603,19.9546217851582,20.0332895369625,1,2.10299999999995
