"sim_id","n","method","component","mu_true","estimate","lower","upper","covered","elapsed_seconds"
182,10000,"Gibbs","mu_1",0,-0.038300408660556,-0.0782887561628694,0.00308276875453706,1,531.344
182,10000,"Gibbs","mu_2",5,4.97832383085438,4.9364575673164,5.02073804085375,1,531.344
182,10000,"Gibbs","mu_3",10,10.0047862053564,9.96426109638462,10.044129891658,1,531.344
182,10000,"Gibbs","mu_4",20,20.0098637162133,19.970177936868,20.0497698359374,1,531.344
182,10000,"VI","mu_1",0,-2.31907421843301e-16,-19.6,19.6,1,2.10299999999995
182,10000,"VI","mu_2",5,1.16048833535071,1.12762417721643,1.193352493485,0,2.10299999999995
182,10000,"VI","mu_3",10,8.4216943421135,8.39057651252874,8.45281217169827,0,2.10299999999995
182,10000,"VI","mu_4",20,20.0082031625984,19.9688126888409,20.047593636356,1,2.10299999999995
