"sim_id","n","method","component","mu_true","estimate","lower","upper","covered","elapsed_seconds"
152,10000,"Gibbs","mu_1",0,0.0230623114889502,-0.0182856670505047,0.0635384787257217,1,530.516
152,10000,"Gibbs","mu_2",5,4.96460359000896,4.92260856765308,5.00631444452058,1,530.516
152,10000,"Gibbs","mu_3",10,9.99696051620238,9.95677778601543,10.0372301391558,1,530.516
152,10000,"Gibbs","mu_4",20,20.0243316776623,19.9844205748453,20.0631906653137,1,530.516
152,10000,"VI","mu_1",0,0.0233029573409333,-0.0156058075062683,0.0622117221881349,1,0.487999999999943
152,10000,"VI","mu_2",5,4.96467244997551,4.92539805560871,5.00394684434232,1,0.487999999999943
152,10000,"VI","mu_3",10,9.99685304044105,9.95788557990204,10.0358205009801,1,0.487999999999943
152,10000,"VI","mu_4",20,20.0239074828802,19.9842447758249,20.0635701899354,1,0.487999999999943
