"sim_id","n","method","component","mu_true","estimate","lower","upper","covered","elapsed_seconds"
359,10000,"Gibbs","mu_1",0,0.00574125759865304,-0.0346861021059606,0.0473532795215692,1,510.433
359,10000,"Gibbs","mu_2",5,5.00324310661738,4.96094176720897,5.04515727171923,1,510.433
359,10000,"Gibbs","mu_3",10,10.0348461627086,9.99392505227126,10.0750091749818,1,510.433
359,10000,"Gibbs","mu_4",20,20.0062053360256,19.9665481732772,20.0455414390944,1,510.433
359,10000,"VI","mu_1",0,0.00569762302039037,-0.0336929132858043,0.045088159326585,1,0.299000000000035
359,10000,"VI","mu_2",5,5.00281307544727,4.96373476666479,5.04189138422975,1,0.299000000000035
359,10000,"VI","mu_3",10,10.0349688946086,9.99606010810051,10.0738776811166,1,0.299000000000035
359,10000,"VI","mu_4",20,20.0063472559964,19.9669179784284,20.0457765335644,1,0.299000000000035
