"sim_id","n","method","component","mu_true","estimate","lower","upper","covered","elapsed_seconds"
297,10000,"Gibbs","mu_1",0,0.000593053279787602,-0.0400404035559238,0.04109918313862,1,527.196
297,10000,"Gibbs","mu_2",5,4.95329865817846,4.91148978986345,4.99606254592597,0,527.196
297,10000,"Gibbs","mu_3",10,10.0032518259864,9.96328929435743,10.0432566705186,1,527.196
297,10000,"Gibbs","mu_4",20,20.0083936257169,19.9698758021535,20.0470599077477,1,527.196
297,10000,"VI","mu_1",0,-2.68599251991189e-15,-19.6,19.6,1,2.53000000000009
297,10000,"VI","mu_2",5,1.77493867196032,1.74454363330621,1.80533371061443,0,2.53000000000009
297,10000,"VI","mu_3",10,9.04143546086171,9.00721658509523,9.07565433662819,0,2.53000000000009
297,10000,"VI","mu_4",20,20.008512514873,19.9697822529632,20.0472427767827,1,2.53000000000009
