"sim_id","n","method","component","mu_true","estimate","lower","upper","covered","elapsed_seconds"
11,10000,"Gibbs","mu_1",0,-0.00751089112369793,-0.0484640913890447,0.0335686043392107,1,528.253
11,10000,"Gibbs","mu_2",5,4.98250850088301,4.94068228693606,5.02488707901526,1,528.253
11,10000,"Gibbs","mu_3",10,9.98372909153403,9.94326850906918,10.0238729450767,1,528.253
11,10000,"Gibbs","mu_4",20,20.0042641197927,19.9645423798739,20.0439814309426,1,528.253
11,10000,"VI","mu_1",0,-6.51107394820251e-16,-19.6,19.6,1,3.29599999999994
11,10000,"VI","mu_2",5,1.46889468958585,1.43722654316846,1.50056283600323,0,3.29599999999994
11,10000,"VI","mu_3",10,8.62820380260092,8.59573236512502,8.66067524007683,0,3.29599999999994
11,10000,"VI","mu_4",20,20.0042598046724,19.9652621502566,20.0432574590882,1,3.29599999999994
