"sim_id","n","method","component","mu_true","estimate","lower","upper","covered","elapsed_seconds"
280,10000,"Gibbs","mu_1",0,0.0398804188459594,-0.00114030302405737,0.0801879541896751,1,534.427
280,10000,"Gibbs","mu_2",5,4.98927097248655,4.94665747940813,5.03139867578637,1,534.427
280,10000,"Gibbs","mu_3",10,10.0103708282911,9.9708914215877,10.0508254899528,1,534.427
280,10000,"Gibbs","mu_4",20,19.9764537279436,19.937033602266,20.0143403806109,1,534.427
280,10000,"VI","mu_1",0,-1.68099685406395e-15,-19.6,19.6,1,1.94299999999998
280,10000,"VI","mu_2",5,1.81786644099588,1.78734265319899,1.84839022879277,0,1.94299999999998
280,10000,"VI","mu_3",10,9.06163300577615,9.02784397779737,9.09542203375493,0,1.94299999999998
280,10000,"VI","mu_4",20,19.9765215885938,19.937415409098,20.0156277680895,1,1.94299999999998
