"sim_id","n","method","component","mu_true","estimate","lower","upper","covered","elapsed_seconds"
417,10000,"Gibbs","mu_1",0,0.0117285522827458,-0.028179065124628,0.0521817314034134,1,531.657
417,10000,"Gibbs","mu_2",5,4.99990300422819,4.95791707423873,5.04290012050747,1,531.657
417,10000,"Gibbs","mu_3",10,9.99187514514782,9.95058636288273,10.0337311002959,1,531.657
417,10000,"Gibbs","mu_4",20,19.9792063822361,19.9401292320516,20.0178295007903,1,531.657
417,10000,"VI","mu_1",0,0.011513975278187,-0.0273543780864786,0.0503823286428527,1,0.22300000000007
417,10000,"VI","mu_2",5,4.99959683894941,4.96022863973623,5.0389650381626,1,0.22300000000007
417,10000,"VI","mu_3",10,9.99200857837139,9.95236609204781,10.031651064695,1,0.22300000000007
417,10000,"VI","mu_4",20,19.9792930956496,19.9403570440178,20.0182291472814,1,0.22300000000007
