"sim_id","n","method","component","mu_true","estimate","lower","upper","covered","elapsed_seconds"
315,10000,"Gibbs","mu_1",0,-0.0187258794525705,-0.0581121949074493,0.0215122322078053,1,532.113
315,10000,"Gibbs","mu_2",5,5.01723107752086,4.97466583405296,5.05847561520435,1,532.113
315,10000,"Gibbs","mu_3",10,9.98057135315177,9.93989945395166,10.0213424246874,1,532.113
315,10000,"Gibbs","mu_4",20,20.0246552302159,19.9853727340739,20.0644453424473,1,532.113
315,10000,"VI","mu_1",0,-5.48686574562655e-07,-19.5999988003835,19.5999977030104,1,0.474000000000046
315,10000,"VI","mu_2",5,-5.48686574562655e-07,-19.5999988003835,19.5999977030104,1,0.474000000000046
315,10000,"VI","mu_3",10,4.97635640988234,4.95374452853245,4.99896829123223,0,0.474000000000046
315,10000,"VI","mu_4",20,19.9735938791479,19.9342882512209,20.012899507075,1,0.474000000000046
