"sim_id","n","method","component","mu_true","estimate","lower","upper","covered","elapsed_seconds"
301,10000,"Gibbs","mu_1",0,-0.00691906891388808,-0.0464451160932868,0.0339685874654375,1,535.349
301,10000,"Gibbs","mu_2",5,5.00272491563067,4.9595657865352,5.04499985126318,1,535.349
301,10000,"Gibbs","mu_3",10,9.98354967611519,9.94141537132504,10.0233819564136,1,535.349
301,10000,"Gibbs","mu_4",20,19.99931561455,19.9603025913155,20.0381770130002,1,535.349
301,10000,"VI","mu_1",0,-1.56123153116592e-07,-19.5999995903451,19.5999992780988,1,0.481999999999971
301,10000,"VI","mu_2",5,-1.56123153116592e-07,-19.5999995903451,19.5999992780988,1,0.481999999999971
301,10000,"VI","mu_3",10,4.94648627942777,4.92384413631979,4.96912842253574,0,0.481999999999971
301,10000,"VI","mu_4",20,19.9570120746753,19.9178641199028,19.9961600294477,0,0.481999999999971
