"sim_id","n","method","component","mu_true","estimate","lower","upper","covered","elapsed_seconds"
277,10000,"Gibbs","mu_1",0,0.0249163379114615,-0.016197202023228,0.0659251985384744,1,537.16
277,10000,"Gibbs","mu_2",5,5.00949265043561,4.96816440180085,5.05094864763238,1,537.16
277,10000,"Gibbs","mu_3",10,10.0036542414308,9.9632264784703,10.0438604602019,1,537.16
277,10000,"Gibbs","mu_4",20,20.0102324927886,19.9712277835259,20.0485899230605,1,537.16
277,10000,"VI","mu_1",0,0.0251403869032598,-0.0143549752280166,0.0646357490345361,1,0.398000000000025
277,10000,"VI","mu_2",5,5.0098524801843,4.97099849898622,5.04870646138237,1,0.398000000000025
277,10000,"VI","mu_3",10,10.0034310564191,9.96391007410991,10.0429520387282,1,0.398000000000025
277,10000,"VI","mu_4",20,20.0101796453458,19.9712359087432,20.0491233819485,1,0.398000000000025
