"sim_id","n","method","component","mu_true","estimate","lower","upper","covered","elapsed_seconds"
473,10000,"Gibbs","mu_1",0,0.0151531904428079,-0.0253014399408595,0.0559164299998069,1,466.05
473,10000,"Gibbs","mu_2",5,4.98770963185083,4.9451135098884,5.03019309266681,1,466.05
473,10000,"Gibbs","mu_3",10,9.98661346917241,9.94604823707772,10.0272918764796,1,466.05
473,10000,"Gibbs","mu_4",20,19.9941897075379,19.9547256223295,20.032948510418,1,466.05
473,10000,"VI","mu_1",0,-7.62849199143388e-07,-19.5999982698519,19.5999967441535,1,0.329000000000008
473,10000,"VI","mu_2",5,-7.62849199143388e-07,-19.5999982698519,19.5999967441535,1,0.329000000000008
473,10000,"VI","mu_3",10,5.01744171901868,4.99471233000002,5.04017110803733,0,0.329000000000008
473,10000,"VI","mu_4",20,19.9380371286051,19.8993299637415,19.9767442934686,0,0.329000000000008
