"sim_id","n","method","component","mu_true","estimate","lower","upper","covered","elapsed_seconds"
298,10000,"Gibbs","mu_1",0,-0.00316918580702173,-0.0430961690874544,0.0370268984967377,1,527.235
298,10000,"Gibbs","mu_2",5,5.00769555327173,4.96553946490878,5.04941584241883,1,527.235
298,10000,"Gibbs","mu_3",10,9.99268755571067,9.95218299659142,10.0334888043497,1,527.235
298,10000,"Gibbs","mu_4",20,19.9762895863871,19.9373752204453,20.0150757205361,1,527.235
298,10000,"VI","mu_1",0,-2.10671725535756e-16,-19.6,19.6,1,2.37699999999995
298,10000,"VI","mu_2",5,1.16911888402787,1.13615453477843,1.20208323327731,0,2.37699999999995
298,10000,"VI","mu_3",10,8.382910168984,8.35173909894026,8.41408123902774,0,2.37699999999995
298,10000,"VI","mu_4",20,19.9770482055142,19.937934239863,20.0161621711655,1,2.37699999999995
