"sim_id","n","method","component","mu_true","estimate","lower","upper","covered","elapsed_seconds"
64,10000,"Gibbs","mu_1",0,-0.00231689746972041,-0.0443729122963831,0.0382495779310845,1,510.72
64,10000,"Gibbs","mu_2",5,4.98523749277483,4.94385264700696,5.02657506834269,1,510.72
64,10000,"Gibbs","mu_3",10,10.0298929025725,9.98980782645995,10.069541459959,1,510.72
64,10000,"Gibbs","mu_4",20,19.9846946456684,19.945830113735,20.0239347666381,1,510.72
64,10000,"VI","mu_1",0,-1.43095607644212e-15,-19.6,19.6,1,2.483
64,10000,"VI","mu_2",5,1.70360959034722,1.67262217860465,1.7345970020898,0,2.483
64,10000,"VI","mu_3",10,8.89185508609205,8.8585305652651,8.925179606919,0,2.483
64,10000,"VI","mu_4",20,19.9851093899865,19.9462193529607,20.0239994270123,1,2.483
