"sim_id","n","method","component","mu_true","estimate","lower","upper","covered","elapsed_seconds"
112,10000,"Gibbs","mu_1",0,-0.0133320533305817,-0.0534314890045006,0.027717308500378,1,532.183
112,10000,"Gibbs","mu_2",5,5.00599543273204,4.96319441647444,5.04766648131273,1,532.183
112,10000,"Gibbs","mu_3",10,9.99207488042147,9.95172258573796,10.0314470796003,1,532.183
112,10000,"Gibbs","mu_4",20,19.9908692610693,19.9511485464826,20.0312224233492,1,532.183
112,10000,"VI","mu_1",0,-1.09746929257987e-06,-19.5999975556053,19.5999953606667,1,0.191000000000031
112,10000,"VI","mu_2",5,-1.09746929257987e-06,-19.5999975556053,19.5999953606667,1,0.191000000000031
112,10000,"VI","mu_3",10,5.0215860826079,4.99902300289632,5.04414916231948,0,0.191000000000031
112,10000,"VI","mu_4",20,19.9494242099336,19.9098588747591,19.988989545108,0,0.191000000000031
