"sim_id","n","method","component","mu_true","estimate","lower","upper","covered","elapsed_seconds"
410,10000,"Gibbs","mu_1",0,1.76020857535597,1.69181672576305,1.82759917414458,0,533.528
410,10000,"Gibbs","mu_2",5,8.90535188065872,8.82766424889085,8.98409749007197,0,533.528
410,10000,"Gibbs","mu_3",10,19.9219952697474,19.78755667115,20.018129695842,0,533.528
410,10000,"Gibbs","mu_4",20,20.0888094358008,19.9955739533577,20.2203055690974,1,533.528
410,10000,"VI","mu_1",0,-0.0017618252876421,-0.0416841961838491,0.0381605456085649,1,0.377999999999929
410,10000,"VI","mu_2",5,5.03313141720338,4.99436814290075,5.07189469150601,1,0.377999999999929
410,10000,"VI","mu_3",10,10.0326885632091,9.99354359122494,10.0718335351932,1,0.377999999999929
410,10000,"VI","mu_4",20,20.0051922183772,19.9661945592728,20.0441898774815,1,0.377999999999929
