"sim_id","n","method","component","mu_true","estimate","lower","upper","covered","elapsed_seconds"
110,10000,"Gibbs","mu_1",0,0.00717880267837968,-0.0327970185220524,0.0477017158472008,1,526.504
110,10000,"Gibbs","mu_2",5,4.99831183915471,4.9555912427647,5.04138948684218,1,526.504
110,10000,"Gibbs","mu_3",10,10.0085199570266,9.96819559835456,10.0485012908764,1,526.504
110,10000,"Gibbs","mu_4",20,19.9814961452809,19.9426400266198,20.0201442870555,1,526.504
110,10000,"VI","mu_1",0,-1.037010208012e-15,-19.6,19.6,1,2.16600000000005
110,10000,"VI","mu_2",5,1.60310797981272,1.5719741422027,1.63424181742273,0,2.16600000000005
110,10000,"VI","mu_3",10,8.82376995874275,8.79077542911316,8.85676448837235,0,2.16600000000005
110,10000,"VI","mu_4",20,19.9810653756089,19.941928042588,20.0202027086298,1,2.16600000000005
