"sim_id","n","method","component","mu_true","estimate","lower","upper","covered","elapsed_seconds"
72,10000,"Gibbs","mu_1",0,-0.00769189709518157,-0.0476971322757458,0.0324634727620044,1,536.69
72,10000,"Gibbs","mu_2",5,4.98740786759398,4.94539954179654,5.02947279670168,1,536.69
72,10000,"Gibbs","mu_3",10,10.0070608505969,9.96625751465107,10.0478508228349,1,536.69
72,10000,"Gibbs","mu_4",20,19.9984480309489,19.9591717664973,20.0381790736581,1,536.69
72,10000,"VI","mu_1",0,-1.74736979854451e-16,-19.6,19.6,1,1.79600000000005
72,10000,"VI","mu_2",5,1.08410519002672,1.05118185442668,1.11702852562675,0,1.79600000000005
72,10000,"VI","mu_3",10,8.30685801644637,8.2756916208581,8.33802441203464,0,1.79600000000005
72,10000,"VI","mu_4",20,19.9987106566369,19.9595185759517,20.037902737322,1,1.79600000000005
