"sim_id","n","method","component","mu_true","estimate","lower","upper","covered","elapsed_seconds"
38,10000,"Gibbs","mu_1",0,-0.00671238619533228,-0.0471369133723977,0.0345367872548683,1,527.744
38,10000,"Gibbs","mu_2",5,5.0197148318037,4.97855411030472,5.05962871077108,1,527.744
38,10000,"Gibbs","mu_3",10,9.9731041729003,9.93351322160191,10.0133463316672,1,527.744
38,10000,"Gibbs","mu_4",20,20.0137562160399,19.9732746187025,20.0531432764415,1,527.744
38,10000,"VI","mu_1",0,-2.57373711268338e-16,-19.6,19.6,1,2.91500000000008
38,10000,"VI","mu_2",5,1.22036039971614,1.18734994791506,1.25337085151722,0,2.91500000000008
38,10000,"VI","mu_3",10,8.37020710378131,8.33945273790413,8.40096146965849,0,2.91500000000008
38,10000,"VI","mu_4",20,20.0134364846412,19.9735361525622,20.0533368167202,1,2.91500000000008
