"sim_id","n","method","component","mu_true","estimate","lower","upper","covered","elapsed_seconds"
126,10000,"Gibbs","mu_1",0,0.00532509182827862,-0.0356477875614348,0.0466068805697838,1,534.15
126,10000,"Gibbs","mu_2",5,4.99895821701954,4.95763398711256,5.04015213606689,1,534.15
126,10000,"Gibbs","mu_3",10,10.0063822749898,9.96655928179589,10.0467083390652,1,534.15
126,10000,"Gibbs","mu_4",20,20.0039075844061,19.964668471696,20.043057866216,1,534.15
126,10000,"VI","mu_1",0,-1.17937093142957e-15,-19.6,19.6,1,3.50300000000004
126,10000,"VI","mu_2",5,1.66548226023933,1.63424112689045,1.69672339358821,0,3.50300000000004
126,10000,"VI","mu_3",10,8.80878430146722,8.77597601757873,8.84159258535571,0,3.50300000000004
126,10000,"VI","mu_4",20,20.0037366606033,19.96449748141,20.0429758397966,1,3.50300000000004
