"sim_id","n","method","component","mu_true","estimate","lower","upper","covered","elapsed_seconds"
102,10000,"Gibbs","mu_1",0,0.00238769166301663,-0.0378221471151039,0.0428817729809658,1,532.58
102,10000,"Gibbs","mu_2",5,4.99615577919081,4.95429500388105,5.03812930761017,1,532.58
102,10000,"Gibbs","mu_3",10,10.0405474514643,9.99984050101063,10.0805171802599,1,532.58
102,10000,"Gibbs","mu_4",20,20.0226976762284,19.9837422865359,20.062606831428,1,532.58
102,10000,"VI","mu_1",0,-7.97190593034761e-07,-19.5999984593541,19.5999968649729,1,0.493000000000052
102,10000,"VI","mu_2",5,-7.97190593034761e-07,-19.5999984593541,19.5999968649729,1,0.493000000000052
102,10000,"VI","mu_3",10,4.96874315966991,4.94607153944313,4.99141477989669,0,0.493000000000052
102,10000,"VI","mu_4",20,19.9450193704597,19.9060225944719,19.9840161464474,0,0.493000000000052
