"sim_id","n","method","component","mu_true","estimate","lower","upper","covered","elapsed_seconds"
195,10000,"Gibbs","mu_1",0,0.0325193080722634,-0.00884059655616159,0.0745644248522694,1,529.053
195,10000,"Gibbs","mu_2",5,4.98359798144853,4.94277932967571,5.02481540605165,1,529.053
195,10000,"Gibbs","mu_3",10,10.022964050838,9.98285985164982,10.0626839223341,1,529.053
195,10000,"Gibbs","mu_4",20,20.0235030673866,19.9845099937282,20.0623508015148,1,529.053
195,10000,"VI","mu_1",0,-4.80728063626899e-15,-19.6,19.6,1,1.67899999999997
195,10000,"VI","mu_2",5,2.00529728429519,1.97514368244872,2.03545088614166,0,1.67899999999997
195,10000,"VI","mu_3",10,9.27366191460762,9.23920136609637,9.30812246311886,0,1.67899999999997
195,10000,"VI","mu_4",20,20.0235035617389,19.9846135250271,20.0623935984508,1,1.67899999999997
