"sim_id","n","method","component","mu_true","estimate","lower","upper","covered","elapsed_seconds"
474,10000,"Gibbs","mu_1",0,0.00655758454223744,-0.034066591933435,0.0476771026757531,1,467.327
474,10000,"Gibbs","mu_2",5,4.96423439308075,4.92158057439433,5.00538999109517,1,467.327
474,10000,"Gibbs","mu_3",10,9.99539559045956,9.95571424116543,10.0351449224196,1,467.327
474,10000,"Gibbs","mu_4",20,20.0429423194141,20.003461196491,20.0820671199116,0,467.327
474,10000,"VI","mu_1",0,-1.44517469669959e-06,-19.5999968431036,19.5999939527542,1,0.435999999999979
474,10000,"VI","mu_2",5,-1.44517469669959e-06,-19.5999968431036,19.5999939527542,1,0.435999999999979
474,10000,"VI","mu_3",10,5.06038619653149,5.03770727405967,5.08306511900331,0,0.435999999999979
474,10000,"VI","mu_4",20,20.0004499934155,19.9614903081348,20.0394096786962,1,0.435999999999979
