"sim_id","n","method","component","mu_true","estimate","lower","upper","covered","elapsed_seconds"
105,10000,"Gibbs","mu_1",0,0.00144039173902903,-0.038739758972991,0.0412043395037754,1,526.94
105,10000,"Gibbs","mu_2",5,4.9775403420947,4.93507203487078,5.01976489914954,1,526.94
105,10000,"Gibbs","mu_3",10,10.0175155365252,9.97628146417217,10.0591144247125,1,526.94
105,10000,"Gibbs","mu_4",20,19.9869502086094,19.9482976995799,20.0258748126363,1,526.94
105,10000,"VI","mu_1",0,0.00128061540639398,-0.0375661992764335,0.0401274300892214,1,0.307999999999993
105,10000,"VI","mu_2",5,4.97733516069164,4.93792751135854,5.01674281002474,1,0.307999999999993
105,10000,"VI","mu_3",10,10.017362333707,9.97835411341891,10.0563705539952,1,0.307999999999993
105,10000,"VI","mu_4",20,19.9870999250645,19.9475504174297,20.0266494326993,1,0.307999999999993
