"sim_id","n","method","component","mu_true","estimate","lower","upper","covered","elapsed_seconds"
369,10000,"Gibbs","mu_1",0,-0.0280161005019968,-0.0695496199010052,0.0132696038976185,1,529.99
369,10000,"Gibbs","mu_2",5,4.99426236105201,4.95336927059738,5.03638895715178,1,529.99
369,10000,"Gibbs","mu_3",10,10.0032067368793,9.96158433509044,10.043648589053,1,529.99
369,10000,"Gibbs","mu_4",20,19.9726283880153,19.9331639280099,20.0109077440383,1,529.99
369,10000,"VI","mu_1",0,-5.0324385514545e-06,-19.5999911605993,19.5999810957222,1,0.517000000000053
369,10000,"VI","mu_2",5,-5.0324385514545e-06,-19.5999911605993,19.5999810957222,1,0.517000000000053
369,10000,"VI","mu_3",10,4.99976167907166,4.97716384346073,5.0223595146826,0,0.517000000000053
369,10000,"VI","mu_4",20,19.9274498194816,19.8880701408034,19.9668294981598,0,0.517000000000053
