"sim_id","n","method","component","mu_true","estimate","lower","upper","covered","elapsed_seconds"
90,10000,"Gibbs","mu_1",0,-0.00484246781969609,-0.0446249435347382,0.0357842437356238,1,532.468
90,10000,"Gibbs","mu_2",5,4.99257790030309,4.9512038886035,5.03260371158462,1,532.468
90,10000,"Gibbs","mu_3",10,9.97582443309734,9.9356478495653,10.0167837478161,1,532.468
90,10000,"Gibbs","mu_4",20,19.9793602170521,19.9389813940291,20.0185572550849,1,532.468
90,10000,"VI","mu_1",0,-1.51404932468407e-16,-19.6,19.6,1,2.93899999999996
90,10000,"VI","mu_2",5,1.00801879505664,0.974198606337686,1.0418389837756,0,2.93899999999996
90,10000,"VI","mu_3",10,8.08964068357376,8.05932237841963,8.11995898872789,0,2.93899999999996
90,10000,"VI","mu_4",20,19.9790625742659,19.939562241224,20.0185629073077,1,2.93899999999996
