"sim_id","n","method","component","mu_true","estimate","lower","upper","covered","elapsed_seconds"
309,10000,"Gibbs","mu_1",0,0.0202708988199412,-0.0204678108644189,0.0610691685225913,1,514.113
309,10000,"Gibbs","mu_2",5,5.00269820472785,4.96053933953585,5.04481589973205,1,514.113
309,10000,"Gibbs","mu_3",10,10.002011586404,9.96149297267746,10.0425226491379,1,514.113
309,10000,"Gibbs","mu_4",20,20.0213832075354,19.981827161576,20.0597493384525,1,514.113
309,10000,"VI","mu_1",0,0.020580639508788,-0.0189238907500915,0.0600851697676675,1,0.283000000000015
309,10000,"VI","mu_2",5,5.00264328102524,4.96337635204513,5.04191021000534,1,0.283000000000015
309,10000,"VI","mu_3",10,10.001955098455,9.96234855145532,10.0415616454547,1,0.283000000000015
309,10000,"VI","mu_4",20,20.0215210897108,19.9830676085347,20.059974570887,1,0.283000000000015
