"sim_id","n","method","component","mu_true","estimate","lower","upper","covered","elapsed_seconds"
231,10000,"Gibbs","mu_1",0,0.00553608738863075,-0.0354519232178798,0.0463183528857411,1,531.253
231,10000,"Gibbs","mu_2",5,5.00145375994561,4.959395574376,5.0425219885369,1,531.253
231,10000,"Gibbs","mu_3",10,10.0240681632451,9.98441936840611,10.0650957226595,1,531.253
231,10000,"Gibbs","mu_4",20,19.9714943293993,19.9323468414317,20.0108847821078,1,531.253
231,10000,"VI","mu_1",0,-9.52997453265511e-16,-19.6,19.6,1,7.60799999999995
231,10000,"VI","mu_2",5,1.58620463552871,1.55460051309483,1.6178087579626,0,7.60799999999995
231,10000,"VI","mu_3",10,8.71920007632342,8.68673516234735,8.75166499029948,0,7.60799999999995
231,10000,"VI","mu_4",20,19.9711225980824,19.931993049054,20.0102521471108,1,7.60799999999995
