"sim_id","n","method","component","mu_true","estimate","lower","upper","covered","elapsed_seconds"
469,10000,"Gibbs","mu_1",0,-0.0318656866238571,-0.0722160125146841,0.00862617388876163,1,526.824
469,10000,"Gibbs","mu_2",5,5.00251418798956,4.95918717339136,5.04493376609075,1,526.824
469,10000,"Gibbs","mu_3",10,9.97527435392614,9.93403443519566,10.016042033484,1,526.824
469,10000,"Gibbs","mu_4",20,19.9764705707308,19.9373516086687,20.0154437163652,1,526.824
469,10000,"VI","mu_1",0,-0.0320610816291228,-0.0713030404411293,0.0071808771828837,1,0.254000000000019
469,10000,"VI","mu_2",5,5.00240258917936,4.96339653684077,5.04140864151796,1,0.254000000000019
469,10000,"VI","mu_3",10,9.97505485237419,9.93565299379297,10.0144567109554,1,0.254000000000019
469,10000,"VI","mu_4",20,19.9760828524066,19.9369298861957,20.0152358186175,1,0.254000000000019
