"sim_id","n","method","component","mu_true","estimate","lower","upper","covered","elapsed_seconds"
5,10000,"Gibbs","mu_1",0,-0.0212111321799792,-0.0624209549795117,0.0197902925034339,1,465.757
5,10000,"Gibbs","mu_2",5,4.99842725694994,4.95628445197479,5.03879894164831,1,465.757
5,10000,"Gibbs","mu_3",10,10.017922814659,9.97825496869493,10.0584441801859,1,465.757
5,10000,"Gibbs","mu_4",20,20.0134101232828,19.9746917089893,20.0519105174336,1,465.757
5,10000,"VI","mu_1",0,-0.0211561001366667,-0.0607902336397434,0.01847803336641,1,0.262999999999977
5,10000,"VI","mu_2",5,4.99844872288477,4.95945978145987,5.03743766430968,1,0.262999999999977
5,10000,"VI","mu_3",10,10.0178274097077,9.97876279148966,10.0568920279257,1,0.262999999999977
5,10000,"VI","mu_4",20,20.0129720912894,19.9738503347992,20.0520938477797,1,0.262999999999977
