"sim_id","n","method","component","mu_true","estimate","lower","upper","covered","elapsed_seconds"
324,10000,"Gibbs","mu_1",0,-0.0251582174457674,-0.0653929846311741,0.0144217474422383,1,513.177
324,10000,"Gibbs","mu_2",5,5.00271661294242,4.95991468471252,5.04492099065754,1,513.177
324,10000,"Gibbs","mu_3",10,9.97906473890766,9.93945385942719,10.0200695344513,1,513.177
324,10000,"Gibbs","mu_4",20,19.9916689693624,19.9532055553552,20.0309782566009,1,513.177
324,10000,"VI","mu_1",0,-0.0252615715913884,-0.0641779855762253,0.0136548423934484,1,0.434000000000083
324,10000,"VI","mu_2",5,5.00286909648651,4.96316652186338,5.04257167110964,1,0.434000000000083
324,10000,"VI","mu_3",10,9.97916385077011,9.93985642442074,10.0184712771195,1,0.434000000000083
324,10000,"VI","mu_4",20,19.9920490812093,19.9531590444294,20.0309391179893,1,0.434000000000083
