"sim_id","n","method","component","mu_true","estimate","lower","upper","covered","elapsed_seconds"
176,10000,"Gibbs","mu_1",0,-0.00765054986710334,-0.0489961595324928,0.0329415350978183,1,525.678
176,10000,"Gibbs","mu_2",5,4.9831007764889,4.9419604634843,5.02471827674278,1,525.678
176,10000,"Gibbs","mu_3",10,9.99651479875963,9.95597766471655,10.0359284663039,1,525.678
176,10000,"Gibbs","mu_4",20,20.0091724080473,19.9695321960684,20.0491314937768,1,525.678
176,10000,"VI","mu_1",0,-6.02833726585646e-16,-19.6,19.6,1,2.97800000000007
176,10000,"VI","mu_2",5,1.44520616251999,1.41321310875655,1.47719921628343,0,2.97800000000007
176,10000,"VI","mu_3",10,8.57619226398095,8.54434582043304,8.60803870752887,0,2.97800000000007
176,10000,"VI","mu_4",20,20.0093657868374,19.9698404198676,20.0488911538071,1,2.97800000000007
