"sim_id","n","method","component","mu_true","estimate","lower","upper","covered","elapsed_seconds"
382,10000,"Gibbs","mu_1",0,0.000611942809213205,-0.0402798103161905,0.0407244256997656,1,528.072
382,10000,"Gibbs","mu_2",5,5.01032341064602,4.96718965169911,5.05333750683082,1,528.072
382,10000,"Gibbs","mu_3",10,9.97080562558825,9.92948549407655,10.0122564332151,1,528.072
382,10000,"Gibbs","mu_4",20,20.0146411820317,19.9762747731106,20.0539515383709,1,528.072
382,10000,"VI","mu_1",0,-1.18922473998272e-06,-19.5999976382939,19.5999952598444,1,0.418000000000006
382,10000,"VI","mu_2",5,-1.18922473998272e-06,-19.5999976382939,19.5999952598444,1,0.418000000000006
382,10000,"VI","mu_3",10,4.99111351258069,4.96839283893851,5.01383418622288,0,0.418000000000006
382,10000,"VI","mu_4",20,19.9629600463056,19.924209742215,20.0017103503963,1,0.418000000000006
