"sim_id","n","method","component","mu_true","estimate","lower","upper","covered","elapsed_seconds"
239,10000,"Gibbs","mu_1",0,-0.00440945725517357,-0.0472553676922821,0.0369431762144627,1,513.494
239,10000,"Gibbs","mu_2",5,4.99619430821615,4.9553985430988,5.03564643354915,1,513.494
239,10000,"Gibbs","mu_3",10,10.031008543682,9.99016588523107,10.070597667029,1,513.494
239,10000,"Gibbs","mu_4",20,19.9944083106631,19.9547333150572,20.0329448399982,1,513.494
239,10000,"VI","mu_1",0,-0.0045965058702579,-0.044982578260269,0.0357895665197532,1,0.255999999999972
239,10000,"VI","mu_2",5,4.99605656229332,4.95774550074976,5.03436762383689,1,0.255999999999972
239,10000,"VI","mu_3",10,10.0305439705432,9.99162591185762,10.0694620292289,1,0.255999999999972
239,10000,"VI","mu_4",20,19.9944215588894,19.9551508866818,20.0336922310971,1,0.255999999999972
