"sim_id","n","method","component","mu_true","estimate","lower","upper","covered","elapsed_seconds"
217,10000,"Gibbs","mu_1",0,-0.0351960992972113,-0.0756832254508775,0.00569654688481223,1,526.639
217,10000,"Gibbs","mu_2",5,5.0104017559548,4.96878168285188,5.05259711891815,1,526.639
217,10000,"Gibbs","mu_3",10,10.0246981399818,9.98437246688871,10.0649832344931,1,526.639
217,10000,"Gibbs","mu_4",20,19.9954059385658,19.9566378398024,20.0337962850002,1,526.639
217,10000,"VI","mu_1",0,-7.69973000261964e-16,-19.6,19.6,1,2.375
217,10000,"VI","mu_2",5,1.42894892517037,1.39699081804954,1.4609070322912,0,2.375
217,10000,"VI","mu_3",10,8.66518313188196,8.63308911554965,8.69727714821426,0,2.375
217,10000,"VI","mu_4",20,19.9950590147097,19.9559294661095,20.0341885633098,1,2.375
