"sim_id","n","method","component","mu_true","estimate","lower","upper","covered","elapsed_seconds"
250,10000,"Gibbs","mu_1",0,-0.0108971419189023,-0.0513689123195194,0.0293213317712537,1,531.324
250,10000,"Gibbs","mu_2",5,4.98183799930392,4.94095708300003,5.02335248465027,1,531.324
250,10000,"Gibbs","mu_3",10,9.9865386527478,9.94559082035866,10.0277624441837,1,531.324
250,10000,"Gibbs","mu_4",20,19.9852568774152,19.9467595315815,20.0240699274489,1,531.324
250,10000,"VI","mu_1",0,-1.48241866090351e-16,-19.6,19.6,1,1.76200000000006
250,10000,"VI","mu_2",5,1.03891103526166,1.00560183603001,1.0722202344933,0,1.76200000000006
250,10000,"VI","mu_3",10,8.25472180089271,8.22362465774553,8.28581894403989,0,1.76200000000006
250,10000,"VI","mu_4",20,19.9854326802301,19.9467326417932,20.0241327186669,1,1.76200000000006
