"sim_id","n","method","component","mu_true","estimate","lower","upper","covered","elapsed_seconds"
407,10000,"Gibbs","mu_1",0,-0.0038438685135555,-0.0442622144344532,0.0366891223399044,1,534.262
407,10000,"Gibbs","mu_2",5,5.01682578051719,4.9751480501299,5.05961681693716,1,534.262
407,10000,"Gibbs","mu_3",10,10.0094874533099,9.96991267151342,10.0486319778749,1,534.262
407,10000,"Gibbs","mu_4",20,20.0066331154058,19.9670821368373,20.0450101391089,1,534.262
407,10000,"VI","mu_1",0,-1.11229570773081e-06,-19.5999974812561,19.5999952566646,1,0.257000000000062
407,10000,"VI","mu_2",5,-1.11229570773081e-06,-19.5999974812561,19.5999952566646,1,0.257000000000062
407,10000,"VI","mu_3",10,5.05935624101756,5.03670955102937,5.08200293100575,0,0.257000000000062
407,10000,"VI","mu_4",20,19.9616569079525,19.9225324260726,20.0007813898323,1,0.257000000000062
