"sim_id","n","method","component","mu_true","estimate","lower","upper","covered","elapsed_seconds"
305,10000,"Gibbs","mu_1",0,-0.00528431849555144,-0.0467647753945786,0.0357249334169233,1,530.676
305,10000,"Gibbs","mu_2",5,4.98721288773143,4.94522962796696,5.02989002433619,1,530.676
305,10000,"Gibbs","mu_3",10,10.032418979717,9.99269127893297,10.0727194636205,1,530.676
305,10000,"Gibbs","mu_4",20,19.9739734828686,19.9361042851799,20.013767562171,1,530.676
305,10000,"VI","mu_1",0,-9.4992769521337e-06,-19.59998332304,19.5999643244861,1,0.52800000000002
305,10000,"VI","mu_2",5,-9.4992769521337e-06,-19.59998332304,19.5999643244861,1,0.52800000000002
305,10000,"VI","mu_3",10,5.04119912882711,5.01851062676018,5.06388763089403,0,0.52800000000002
305,10000,"VI","mu_4",20,19.9185889156327,19.8796776744085,19.9575001568569,0,0.52800000000002
