"sim_id","n","method","component","mu_true","estimate","lower","upper","covered","elapsed_seconds"
191,10000,"Gibbs","mu_1",0,-0.0231886618254987,-0.0630572605684096,0.0159990915845693,1,528.452
191,10000,"Gibbs","mu_2",5,4.98756570983096,4.94528551645734,5.0292249392276,1,528.452
191,10000,"Gibbs","mu_3",10,9.98389481587194,9.94242645211264,10.0240907996089,1,528.452
191,10000,"Gibbs","mu_4",20,20.010454629903,19.970927209845,20.0507102802004,1,528.452
191,10000,"VI","mu_1",0,-7.53958080749379e-07,-19.599998373118,19.5999968652018,1,0.468000000000075
191,10000,"VI","mu_2",5,-7.53958080749379e-07,-19.599998373118,19.5999968652018,1,0.468000000000075
191,10000,"VI","mu_3",10,4.90691057128391,4.88426518853954,4.92955595402828,0,0.468000000000075
191,10000,"VI","mu_4",20,19.9628071514117,19.9236759267664,20.0019383760569,1,0.468000000000075
