"sim_id","n","method","component","mu_true","estimate","lower","upper","covered","elapsed_seconds"
208,10000,"Gibbs","mu_1",0,0.0156051434496737,-0.0246530902035909,0.0572908612378913,1,528.733
208,10000,"Gibbs","mu_2",5,4.99597192973193,4.95412908192031,5.03719872283026,1,528.733
208,10000,"Gibbs","mu_3",10,9.98996280559742,9.94994912948889,10.0300139635328,1,528.733
208,10000,"Gibbs","mu_4",20,19.9916590576006,19.9523633907496,20.0323934560168,1,528.733
208,10000,"VI","mu_1",0,1.61535510445177,1.58420773035163,1.64650247855191,0,4.74900000000002
208,10000,"VI","mu_2",5,8.74604936352025,8.71331559769092,8.77878312934958,0,4.74900000000002
208,10000,"VI","mu_3",10,19.9915507222604,19.9356080066991,20.0474934378217,0,4.74900000000002
208,10000,"VI","mu_4",20,19.9916503456295,19.9357076305401,20.0475930607188,1,4.74900000000002
