"sim_id","n","method","component","mu_true","estimate","lower","upper","covered","elapsed_seconds"
447,10000,"Gibbs","mu_1",0,-0.00385708934596873,-0.0430496879413638,0.0358333237098712,1,511.526
447,10000,"Gibbs","mu_2",5,4.98098283425601,4.93804323022194,5.02423128957537,1,511.526
447,10000,"Gibbs","mu_3",10,10.0054603252622,9.96456706489784,10.0466663429934,1,511.526
447,10000,"Gibbs","mu_4",20,19.9973194071743,19.9573927746165,20.0365132549914,1,511.526
447,10000,"VI","mu_1",0,-0.00416890848525594,-0.0426209114789894,0.0342830945084775,1,0.337000000000046
447,10000,"VI","mu_2",5,4.98080385432982,4.9408668943724,5.02074081428724,1,0.337000000000046
447,10000,"VI","mu_3",10,10.0054856114785,9.96616933358441,10.0448018893726,1,0.337000000000046
447,10000,"VI","mu_4",20,19.9970613799212,19.9579240278181,20.0361987320242,1,0.337000000000046
