"sim_id","n","method","component","mu_true","estimate","lower","upper","covered","elapsed_seconds"
22,10000,"Gibbs","mu_1",0,0.00856656710356703,-0.0315374129588953,0.0488305772184056,1,532.435
22,10000,"Gibbs","mu_2",5,4.98884919107234,4.94616889619586,5.03196407582817,1,532.435
22,10000,"Gibbs","mu_3",10,10.02396593083,9.98269424708841,10.0647997396488,1,532.435
22,10000,"Gibbs","mu_4",20,20.020996772865,19.9821726392327,20.0606451255548,1,532.435
22,10000,"VI","mu_1",0,-9.90861097325677e-07,-19.5999980201554,19.5999960384332,1,0.478000000000065
22,10000,"VI","mu_2",5,-9.90861097325677e-07,-19.5999980201554,19.5999960384332,1,0.478000000000065
22,10000,"VI","mu_3",10,4.97762455333083,4.9549176340612,5.00033147260047,0,0.478000000000065
22,10000,"VI","mu_4",20,19.9717957616474,19.9329769801942,20.0106145431007,1,0.478000000000065
