"sim_id","n","method","component","mu_true","estimate","lower","upper","covered","elapsed_seconds"
136,10000,"Gibbs","mu_1",0,0.00313832882433321,-0.036361787486149,0.0431044921690456,1,530.87
136,10000,"Gibbs","mu_2",5,4.98589146285064,4.94439867445893,5.0276277951251,1,530.87
136,10000,"Gibbs","mu_3",10,10.0104505014494,9.96891989249005,10.0516712542557,1,530.87
136,10000,"Gibbs","mu_4",20,20.0398368167058,20.0006535271195,20.0783644692139,0,530.87
136,10000,"VI","mu_1",0,-2.67943094979098e-16,-19.6,19.6,1,4.83499999999992
136,10000,"VI","mu_2",5,1.23785257440876,1.20518085826543,1.27052429055209,0,4.83499999999992
136,10000,"VI","mu_3",10,8.3799456129804,8.34852878436348,8.41136244159732,0,4.83499999999992
136,10000,"VI","mu_4",20,20.0399194425584,20.000789903216,20.0790489819008,0,4.83499999999992
