"sim_id","n","method","component","mu_true","estimate","lower","upper","covered","elapsed_seconds"
43,10000,"Gibbs","mu_1",0,1.5552080546442,1.47546377555331,1.63046544554571,0,528.683
43,10000,"Gibbs","mu_2",5,8.72111879549267,8.63905869069519,8.80119976870058,0,528.683
43,10000,"Gibbs","mu_3",10,19.8764070200136,19.7364054798336,20.0394195091092,0,528.683
43,10000,"Gibbs","mu_4",20,20.223572418241,20.0637876190028,20.3612086605077,0,528.683
43,10000,"VI","mu_1",0,-0.0317511667496423,-0.0715256993097605,0.00802336581047586,1,0.341999999999985
43,10000,"VI","mu_2",5,5.00910796878785,4.97018367195806,5.04803226561763,1,0.341999999999985
43,10000,"VI","mu_3",10,10.0019187479644,9.96288383907527,10.0409536568534,1,0.341999999999985
43,10000,"VI","mu_4",20,20.0505361120255,20.0114532631582,20.0896189608928,0,0.341999999999985
