"sim_id","n","method","component","mu_true","estimate","lower","upper","covered","elapsed_seconds"
76,10000,"Gibbs","mu_1",0,0.00174098249976597,-0.0380920539174345,0.0412909062962112,1,534.9
76,10000,"Gibbs","mu_2",5,4.99899252028266,4.95746266263936,5.04008143771285,1,534.9
76,10000,"Gibbs","mu_3",10,10.0272821462963,9.98702889588208,10.0678007369726,1,534.9
76,10000,"Gibbs","mu_4",20,19.995696783402,19.9563975505361,20.03484565708,1,534.9
76,10000,"VI","mu_1",0,0.0019003573748294,-0.0374023961289373,0.0412031108785961,1,0.441000000000031
76,10000,"VI","mu_2",5,4.99910828017562,4.96008771339195,5.03812884695929,1,0.441000000000031
76,10000,"VI","mu_3",10,10.0271739393123,9.98762467982778,10.0667231987969,1,0.441000000000031
76,10000,"VI","mu_4",20,19.9954459449756,19.9565098932977,20.0343819966534,1,0.441000000000031
