"sim_id","n","method","component","mu_true","estimate","lower","upper","covered","elapsed_seconds"
472,10000,"Gibbs","mu_1",0,-0.0170440657766297,-0.0582124697665158,0.0243905003846805,1,528.766
472,10000,"Gibbs","mu_2",5,4.97957791981746,4.93706725534464,5.02127707702756,1,528.766
472,10000,"Gibbs","mu_3",10,10.015789559545,9.97463094555292,10.0571814844193,1,528.766
472,10000,"Gibbs","mu_4",20,20.0018784435966,19.9632787387151,20.0407705757636,1,528.766
472,10000,"VI","mu_1",0,-6.95795686085262e-16,-19.6,19.6,1,2.79599999999994
472,10000,"VI","mu_2",5,1.45521507901072,1.42347461590771,1.48695554211373,0,2.79599999999994
472,10000,"VI","mu_3",10,8.67129248386098,8.63882744258029,8.70375752514168,0,2.79599999999994
472,10000,"VI","mu_4",20,20.0018323161734,19.9629575812147,20.0407070511321,1,2.79599999999994
