"sim_id","n","method","component","mu_true","estimate","lower","upper","covered","elapsed_seconds"
169,10000,"Gibbs","mu_1",0,0.0117938324789035,-0.0277548294689713,0.0522043949827459,1,522.575
169,10000,"Gibbs","mu_2",5,5.03057612616754,4.9895513823712,5.07204271001442,1,522.575
169,10000,"Gibbs","mu_3",10,10.0117227972525,9.97052395114264,10.0535449612783,1,522.575
169,10000,"Gibbs","mu_4",20,19.9499624365087,19.9110299420795,19.9890812788087,0,522.575
169,10000,"VI","mu_1",0,-2.05476522069349e-16,-19.6,19.6,1,2.91300000000001
169,10000,"VI","mu_2",5,1.14930599165808,1.11614207044361,1.18246991287254,0,2.91300000000001
169,10000,"VI","mu_3",10,8.31643967263333,8.2853995159613,8.34747982930535,0,2.91300000000001
169,10000,"VI","mu_4",20,19.9499240115984,19.910879955805,19.9889680673919,0,2.91300000000001
