"sim_id","n","method","component","mu_true","estimate","lower","upper","covered","elapsed_seconds"
60,10000,"Gibbs","mu_1",0,-0.0449080427437404,-0.0843206516876309,-0.00465142093837406,0,528.765
60,10000,"Gibbs","mu_2",5,5.0389633693403,4.99567961750856,5.08184963824742,1,528.765
60,10000,"Gibbs","mu_3",10,10.027961746369,9.98762334519186,10.068068158204,1,528.765
60,10000,"Gibbs","mu_4",20,19.985176209987,19.9458737767456,20.024817997094,1,528.765
60,10000,"VI","mu_1",0,-0.0450997470497257,-0.0840433832819803,-0.00615611081747121,0,0.461999999999989
60,10000,"VI","mu_2",5,5.03865397754224,4.99876052871084,5.07854742637363,1,0.461999999999989
60,10000,"VI","mu_3",10,10.0278297156992,9.98907791710021,10.0665815142981,1,0.461999999999989
60,10000,"VI","mu_4",20,19.9851602447692,19.9459210645078,20.0243994250306,1,0.461999999999989
