"sim_id","n","method","component","mu_true","estimate","lower","upper","covered","elapsed_seconds"
453,10000,"Gibbs","mu_1",0,-0.0266932633980907,-0.0672705189912458,0.0124985699488028,1,529.452
453,10000,"Gibbs","mu_2",5,4.9861218233719,4.94498461838995,5.02714518864485,1,529.452
453,10000,"Gibbs","mu_3",10,10.0216294564937,9.98107924901853,10.0617418876997,1,529.452
453,10000,"Gibbs","mu_4",20,20.0273862236622,19.987539163538,20.0673060308374,1,529.452
453,10000,"VI","mu_1",0,-1.50465988556774e-06,-19.5999972060785,19.5999941967587,1,0.458999999999946
453,10000,"VI","mu_2",5,-1.50465988556774e-06,-19.5999972060785,19.5999941967587,1,0.458999999999946
453,10000,"VI","mu_3",10,4.97726723619371,4.95470454792957,4.99982992445785,0,0.458999999999946
453,10000,"VI","mu_4",20,19.9547167792543,19.9151493331736,19.994284225335,0,0.458999999999946
