"sim_id","n","method","component","mu_true","estimate","lower","upper","covered","elapsed_seconds"
376,10000,"Gibbs","mu_1",0,-0.00686825520987797,-0.0478860998695534,0.0342635951163038,1,530.073
376,10000,"Gibbs","mu_2",5,5.0428745179315,5.00104158098768,5.0852267739077,0,530.073
376,10000,"Gibbs","mu_3",10,9.99065458894756,9.95079186537004,10.0309189800417,1,530.073
376,10000,"Gibbs","mu_4",20,19.967968360887,19.9292151784963,20.0060289088159,1,530.073
376,10000,"VI","mu_1",0,-2.10561849791923e-16,-19.6,19.6,1,1.71399999999994
376,10000,"VI","mu_2",5,1.09603849311272,1.06236517016268,1.12971181606276,0,1.71399999999994
376,10000,"VI","mu_3",10,8.30622930919352,8.27552189958439,8.33693671880265,0,1.71399999999994
376,10000,"VI","mu_4",20,19.9683152643406,19.9294099105831,20.007220618098,1,1.71399999999994
