"sim_id","n","method","component","mu_true","estimate","lower","upper","covered","elapsed_seconds"
123,10000,"Gibbs","mu_1",0,-0.0464382512407527,-0.0868635265878463,-0.00539285705045162,0,532.057
123,10000,"Gibbs","mu_2",5,4.98603168048027,4.94521188189751,5.02737038337784,1,532.057
123,10000,"Gibbs","mu_3",10,10.0104047450931,9.9703012111929,10.0498760377953,1,532.057
123,10000,"Gibbs","mu_4",20,19.9903565445103,19.9513715184277,20.0286438877605,1,532.057
123,10000,"VI","mu_1",0,0.780908537214899,0.745593126299674,0.816223948130123,0,1.452
123,10000,"VI","mu_2",5,8.10358795144946,8.06167082735115,8.14550507554778,0,1.452
123,10000,"VI","mu_3",10,8.10358795144946,8.06167082735115,8.14550507554778,0,1.452
123,10000,"VI","mu_4",20,19.9902939269047,19.9514573755389,20.0291304782705,1,1.452
