"sim_id","n","method","component","mu_true","estimate","lower","upper","covered","elapsed_seconds"
317,10000,"Gibbs","mu_1",0,-0.00962758869264633,-0.0495475173517722,0.0314628208664014,1,515.008
317,10000,"Gibbs","mu_2",5,4.99730490334608,4.955344054605,5.0385300728968,1,515.008
317,10000,"Gibbs","mu_3",10,10.0148629003462,9.97412903414993,10.0558788065145,1,515.008
317,10000,"Gibbs","mu_4",20,20.0202272100867,19.9808569624471,20.0592532099562,1,515.008
317,10000,"VI","mu_1",0,-3.74701654804825e-16,-19.6,19.6,1,3.88300000000004
317,10000,"VI","mu_2",5,1.29293011875457,1.26052416913723,1.32533606837191,0,3.88300000000004
317,10000,"VI","mu_3",10,8.47876987477638,8.44692356711456,8.51061618243819,0,3.88300000000004
317,10000,"VI","mu_4",20,20.0199676733025,19.9811843723582,20.0587509742467,1,3.88300000000004
