"sim_id","n","method","component","mu_true","estimate","lower","upper","covered","elapsed_seconds"
225,10000,"Gibbs","mu_1",0,-0.00300120757694048,-0.0436732358390512,0.0370123231904266,1,531.291
225,10000,"Gibbs","mu_2",5,5.01131335851489,4.97004592275354,5.05322046925484,1,531.291
225,10000,"Gibbs","mu_3",10,9.99453144812951,9.95484322303429,10.0346794508051,1,531.291
225,10000,"Gibbs","mu_4",20,19.961131867505,19.9219081333528,19.9998522913369,0,531.291
225,10000,"VI","mu_1",0,-3.72146658390479e-16,-19.6,19.6,1,7.58699999999999
225,10000,"VI","mu_2",5,1.30999849349766,1.27749227538911,1.3425047116062,0,7.58699999999999
225,10000,"VI","mu_3",10,8.50731789244384,8.47590211475253,8.53873367013516,0,7.58699999999999
225,10000,"VI","mu_4",20,19.9607324961921,19.9213112112464,20.0001537811377,1,7.58699999999999
