"sim_id","n","method","component","mu_true","estimate","lower","upper","covered","elapsed_seconds"
30,10000,"Gibbs","mu_1",0,-0.0097649952595598,-0.0518712339245304,0.0309346023081815,1,534.776
30,10000,"Gibbs","mu_2",5,4.99570608797367,4.95404867900157,5.03933203144225,1,534.776
30,10000,"Gibbs","mu_3",10,10.0049549548721,9.96565538827211,10.0457423615872,1,534.776
30,10000,"Gibbs","mu_4",20,20.0024387670098,19.9634665749591,20.0419461569549,1,534.776
30,10000,"VI","mu_1",0,-0.00987238747592186,-0.0495273677851882,0.0297825928333444,1,0.45900000000006
30,10000,"VI","mu_2",5,4.99549227661645,4.95598303133389,5.03500152189902,1,0.45900000000006
30,10000,"VI","mu_3",10,10.004715484641,9.96580277439252,10.0436281948895,1,0.45900000000006
30,10000,"VI","mu_4",20,20.0026687998284,19.9639234059774,20.0414141936794,1,0.45900000000006
