"sim_id","n","method","component","mu_true","estimate","lower","upper","covered","elapsed_seconds"
177,10000,"Gibbs","mu_1",0,-0.0365408349219742,-0.0772197889295049,0.0043953051347704,1,526.934
177,10000,"Gibbs","mu_2",5,4.96708398863525,4.92454038447063,5.00993718285986,1,526.934
177,10000,"Gibbs","mu_3",10,9.95110490545824,9.91035154477913,9.99106249573822,0,526.934
177,10000,"Gibbs","mu_4",20,19.9987573347163,19.9592670813901,20.0374505016749,1,526.934
177,10000,"VI","mu_1",0,-7.7429475175754e-16,-19.6,19.6,1,2.79499999999996
177,10000,"VI","mu_2",5,1.50630765115669,1.47488037858043,1.53773492373296,0,2.79499999999996
177,10000,"VI","mu_3",10,8.73552739086344,8.70298915660299,8.76806562512388,0,2.79499999999996
177,10000,"VI","mu_4",20,19.9988891003731,19.9595472930371,20.0382309077091,1,2.79499999999996
