"sim_id","n","method","component","mu_true","estimate","lower","upper","covered","elapsed_seconds"
160,10000,"Gibbs","mu_1",0,-0.0127252025228397,-0.0528764838882548,0.0278104140582022,1,531.935
160,10000,"Gibbs","mu_2",5,4.98553847761722,4.94427141916081,5.0267732970656,1,531.935
160,10000,"Gibbs","mu_3",10,9.99502869133572,9.95336297326045,10.0372729428969,1,531.935
160,10000,"Gibbs","mu_4",20,19.9947266993867,19.9551345747639,20.033960870793,1,531.935
160,10000,"VI","mu_1",0,-2.15654064284539e-06,-19.5999962785564,19.5999919654751,1,0.43100000000004
160,10000,"VI","mu_2",5,-2.15654064284539e-06,-19.5999962785564,19.5999919654751,1,0.43100000000004
160,10000,"VI","mu_3",10,4.9323428828485,4.90964773314871,4.95503803254829,0,0.43100000000004
160,10000,"VI","mu_4",20,19.9330284314658,19.8941506654478,19.9719061974838,0,0.43100000000004
