"sim_id","n","method","component","mu_true","estimate","lower","upper","covered","elapsed_seconds"
196,10000,"Gibbs","mu_1",0,0.0189592126081894,-0.0230246243965984,0.0594147159299106,1,528.941
196,10000,"Gibbs","mu_2",5,5.01173666438895,4.96995503766813,5.05244342278424,1,528.941
196,10000,"Gibbs","mu_3",10,10.0246994895129,9.98453184000685,10.064871425787,1,528.941
196,10000,"Gibbs","mu_4",20,19.9794288135244,19.9396802271456,20.0190517854495,1,528.941
196,10000,"VI","mu_1",0,-1.49497576951493e-15,-19.6,19.6,1,2.72799999999995
196,10000,"VI","mu_2",5,1.72482341490762,1.69391437590832,1.75573245390691,0,2.72799999999995
196,10000,"VI","mu_3",10,8.88364035732312,8.85042448708725,8.91685622755899,0,2.72799999999995
196,10000,"VI","mu_4",20,19.9796164690565,19.940393146874,20.018839791239,1,2.72799999999995
