"sim_id","n","method","component","mu_true","estimate","lower","upper","covered","elapsed_seconds"
56,10000,"Gibbs","mu_1",0,-0.000196082299136414,-0.0409978092237533,0.0404287616412265,1,530.644
56,10000,"Gibbs","mu_2",5,5.01011265863019,4.96794459935194,5.05144862415195,1,530.644
56,10000,"Gibbs","mu_3",10,9.97184537779011,9.93107731283298,10.012439296637,1,530.644
56,10000,"Gibbs","mu_4",20,20.0193300133554,19.9799558764675,20.0580032384816,1,530.644
56,10000,"VI","mu_1",0,-5.20533042196711e-07,-19.5999987287824,19.5999976877163,1,0.457000000000107
56,10000,"VI","mu_2",5,-5.20533042196711e-07,-19.5999987287824,19.5999976877163,1,0.457000000000107
56,10000,"VI","mu_3",10,5.03093401228922,5.00829412683884,5.05357389773961,0,0.457000000000107
56,10000,"VI","mu_4",20,19.9723392461211,19.9331796154065,20.0114988768357,1,0.457000000000107
