"sim_id","n","method","component","mu_true","estimate","lower","upper","covered","elapsed_seconds"
259,10000,"Gibbs","mu_1",0,-0.00664449609005156,-0.0458511733951278,0.0336682632136922,1,532.079
259,10000,"Gibbs","mu_2",5,5.03791315488373,4.99562661187477,5.0800421287304,1,532.079
259,10000,"Gibbs","mu_3",10,9.98021798228763,9.93810952599868,10.0225189018556,1,532.079
259,10000,"Gibbs","mu_4",20,19.9907309774409,19.9516576932512,20.0291144014696,1,532.079
259,10000,"VI","mu_1",0,-8.48420726295041e-17,-19.6,19.6,1,1.42100000000005
259,10000,"VI","mu_2",5,0.846069780124119,0.811725830768371,0.880413729479868,0,1.42100000000005
259,10000,"VI","mu_3",10,8.06195042425332,8.03164943303485,8.09225141547179,0,1.42100000000005
259,10000,"VI","mu_4",20,19.9908502369179,19.9521048443628,20.029595629473,1,1.42100000000005
