"sim_id","n","method","component","mu_true","estimate","lower","upper","covered","elapsed_seconds"
416,10000,"Gibbs","mu_1",0,0.0109143772982219,-0.0290393155903323,0.0509634292074726,1,528.888
416,10000,"Gibbs","mu_2",5,5.02362621675082,4.98174985978541,5.06657540421211,1,528.888
416,10000,"Gibbs","mu_3",10,10.020166432862,9.97912911874324,10.0605436520309,1,528.888
416,10000,"Gibbs","mu_4",20,20.0192850922973,19.979859588072,20.0591167009462,1,528.888
416,10000,"VI","mu_1",0,-2.26053507752094e-16,-19.6,19.6,1,1.71899999999994
416,10000,"VI","mu_2",5,1.18044331471459,1.14789713994496,1.21298948948423,0,1.71899999999994
416,10000,"VI","mu_3",10,8.42603458660635,8.39479431996988,8.45727485324282,0,1.71899999999994
416,10000,"VI","mu_4",20,20.0191113340502,19.9794084885616,20.0588141795387,1,1.71899999999994
