"sim_id","n","method","component","mu_true","estimate","lower","upper","covered","elapsed_seconds"
201,10000,"Gibbs","mu_1",0,0.00921723177924267,-0.031833880637888,0.0502481161661034,1,530.525
201,10000,"Gibbs","mu_2",5,4.99811831668591,4.9556987904708,5.03966629021176,1,530.525
201,10000,"Gibbs","mu_3",10,10.0003061472391,9.95937201524516,10.04152861618,1,530.525
201,10000,"Gibbs","mu_4",20,20.0430210235109,20.0046288848325,20.081700696423,0,530.525
201,10000,"VI","mu_1",0,-3.74192780669231e-16,-19.6,19.6,1,2.53899999999999
201,10000,"VI","mu_2",5,1.34913254996886,1.3168173429377,1.38144775700001,0,2.53899999999999
201,10000,"VI","mu_3",10,8.53313784010819,8.50115794577825,8.56511773443813,0,2.53899999999999
201,10000,"VI","mu_4",20,20.0429253771209,20.0042253704948,20.081625383747,0,2.53899999999999
