"sim_id","n","method","component","mu_true","estimate","lower","upper","covered","elapsed_seconds"
107,10000,"Gibbs","mu_1",0,0.00152092082141023,-0.0382259937090276,0.0426100157513811,1,528.282
107,10000,"Gibbs","mu_2",5,5.02322317480684,4.98262254656765,5.06616934393093,1,528.282
107,10000,"Gibbs","mu_3",10,9.99500577024576,9.9548143456382,10.0361611923145,1,528.282
107,10000,"Gibbs","mu_4",20,20.0092174267003,19.9690738778634,20.0477645598768,1,528.282
107,10000,"VI","mu_1",0,0.00141110293775573,-0.037802547946096,0.0406247538216075,1,0.349000000000046
107,10000,"VI","mu_2",5,5.02319154596764,4.98451273645835,5.06187035547692,1,0.349000000000046
107,10000,"VI","mu_3",10,9.99516433189808,9.95604204689426,10.0342866169019,1,0.349000000000046
107,10000,"VI","mu_4",20,20.0095666790303,19.9697569824252,20.0493763756354,1,0.349000000000046
