"sim_id","n","method","component","mu_true","estimate","lower","upper","covered","elapsed_seconds"
483,10000,"Gibbs","mu_1",0,0.00878991849560458,-0.0318515971510869,0.0487039226036654,1,435.574
483,10000,"Gibbs","mu_2",5,5.0291964399655,4.98600190987506,5.07044036457223,1,435.574
483,10000,"Gibbs","mu_3",10,10.0003143169175,9.96030642293433,10.0409726004988,1,435.574
483,10000,"Gibbs","mu_4",20,20.0022185589923,19.9632847288033,20.0415682358438,1,435.574
483,10000,"VI","mu_1",0,0.00875321085441768,-0.0302120755910578,0.0477184972998932,1,0.262999999999977
483,10000,"VI","mu_2",5,5.02887878590432,4.98932460812718,5.06843296368146,1,0.262999999999977
483,10000,"VI","mu_3",10,10.0003606070539,9.96123403176557,10.0394871823422,1,0.262999999999977
483,10000,"VI","mu_4",20,20.0019089444997,19.9627481639594,20.04106972504,1,0.262999999999977
