"sim_id","n","method","component","mu_true","estimate","lower","upper","covered","elapsed_seconds"
88,10000,"Gibbs","mu_1",0,-0.0103030533220947,-0.049404225231352,0.0290674669139448,1,527.269
88,10000,"Gibbs","mu_2",5,5.01713996305385,4.97450181241167,5.0584582420034,1,527.269
88,10000,"Gibbs","mu_3",10,10.0216934021321,9.98077769167487,10.0619851099366,1,527.269
88,10000,"Gibbs","mu_4",20,20.0233719450005,19.9837900270087,20.0625248842477,1,527.269
88,10000,"VI","mu_1",0,-0.0101774519277007,-0.0485551783042255,0.0282002744488241,1,0.348999999999933
88,10000,"VI","mu_2",5,5.01756707272442,4.9782485695376,5.05688557591123,1,0.348999999999933
88,10000,"VI","mu_3",10,10.0218896510678,9.98217641883929,10.0616028832963,1,0.348999999999933
88,10000,"VI","mu_4",20,20.0233748755251,19.9839455979589,20.0628041530912,1,0.348999999999933
