"sim_id","n","method","component","mu_true","estimate","lower","upper","covered","elapsed_seconds"
173,10000,"Gibbs","mu_1",0,-0.0114083178365682,-0.0522126506179805,0.0287324019818516,1,527.54
173,10000,"Gibbs","mu_2",5,5.02557588727064,4.98388175922203,5.06778703779448,1,527.54
173,10000,"Gibbs","mu_3",10,9.99386293046943,9.9540172376927,10.0349002714024,1,527.54
173,10000,"Gibbs","mu_4",20,19.9834554066084,19.9432762633583,20.0228085991842,1,527.54
173,10000,"VI","mu_1",0,-3.92719832498547e-16,-19.6,19.6,1,2.8069999999999
173,10000,"VI","mu_2",5,1.30506702493811,1.27267708170626,1.33745696816997,0,2.8069999999999
173,10000,"VI","mu_3",10,8.50261159716553,8.47128363350039,8.53393956083067,0,2.8069999999999
173,10000,"VI","mu_4",20,19.9831988402959,19.9433891502933,20.0230085302984,1,2.8069999999999
