"sim_id","n","method","component","mu_true","estimate","lower","upper","covered","elapsed_seconds"
57,10000,"Gibbs","mu_1",0,0.000148140648287285,-0.0413116785704398,0.0411524004743848,1,531.959
57,10000,"Gibbs","mu_2",5,5.00797479763813,4.96661816187409,5.0498438966066,1,531.959
57,10000,"Gibbs","mu_3",10,9.99046788989904,9.94911354871169,10.0309259740838,1,531.959
57,10000,"Gibbs","mu_4",20,20.0067547705579,19.9675364462483,20.0470569930015,1,531.959
57,10000,"VI","mu_1",0,0.661401824259661,0.625912490819723,0.6968911576996,0,1.17099999999994
57,10000,"VI","mu_2",5,7.92544040889176,7.88410120420246,7.96677961358105,0,1.17099999999994
57,10000,"VI","mu_3",10,7.92544040889176,7.88410120420246,7.96677961358105,0,1.17099999999994
57,10000,"VI","mu_4",20,20.0060269100981,19.9664612981939,20.0455925220024,1,1.17099999999994
