"sim_id","n","method","component","mu_true","estimate","lower","upper","covered","elapsed_seconds"
323,10000,"Gibbs","mu_1",0,-0.0108593751694117,-0.0517557189275159,0.0293465072950057,1,512.365
323,10000,"Gibbs","mu_2",5,4.99001442217594,4.94772886751964,5.03253000926821,1,512.365
323,10000,"Gibbs","mu_3",10,10.0372215289753,9.99675038365273,10.0776528552167,1,512.365
323,10000,"Gibbs","mu_4",20,19.978830222671,19.940309711662,20.0173862765281,1,512.365
323,10000,"VI","mu_1",0,-1.08367063177642e-15,-19.6,19.6,1,2.74900000000002
323,10000,"VI","mu_2",5,1.59845315586361,1.56705270246599,1.62985360926124,0,2.74900000000002
323,10000,"VI","mu_3",10,8.88234403121122,8.84918473620018,8.91550332622225,0,2.74900000000002
323,10000,"VI","mu_4",20,19.979252688644,19.9408877081673,20.0176176691208,1,2.74900000000002
