"sim_id","n","method","component","mu_true","estimate","lower","upper","covered","elapsed_seconds"
129,10000,"Gibbs","mu_1",0,0.89683512298277,0.824378903214391,0.972330166895555,0,531.775
129,10000,"Gibbs","mu_2",5,8.08941489827988,8.0297522723307,8.15088832060673,0,531.775
129,10000,"Gibbs","mu_3",10,19.8487161559847,19.6988526278997,19.9830600370504,0,531.775
129,10000,"Gibbs","mu_4",20,20.1130114462674,19.9787188478333,20.2615102443975,1,531.775
129,10000,"VI","mu_1",0,-1.01938902977366e-16,-19.6,19.6,1,1.79200000000003
129,10000,"VI","mu_2",5,0.895014865978293,0.86118884395579,0.928840888000797,0,1.79200000000003
129,10000,"VI","mu_3",10,8.08723860580782,8.05664929746902,8.11782791414663,0,1.79200000000003
129,10000,"VI","mu_4",20,19.9808327890124,19.941919767363,20.0197458106619,1,1.79200000000003
