"sim_id","n","method","component","mu_true","estimate","lower","upper","covered","elapsed_seconds"
270,10000,"Gibbs","mu_1",0,-0.00733771820882749,-0.0489835887244758,0.033599818850944,1,513.72
270,10000,"Gibbs","mu_2",5,5.02424315841025,4.98257221787534,5.06589161332017,1,513.72
270,10000,"Gibbs","mu_3",10,10.0127146307791,9.97087389019367,10.052385684527,1,513.72
270,10000,"Gibbs","mu_4",20,19.979891725145,19.941229419608,20.0195405739898,1,513.72
270,10000,"VI","mu_1",0,-0.00722891535651637,-0.0463845582758801,0.0319267275628474,1,0.502000000000066
270,10000,"VI","mu_2",5,5.02420834374067,4.9852730757054,5.06314361177595,1,0.502000000000066
270,10000,"VI","mu_3",10,10.0124131953017,9.97311285588866,10.0517135347147,1,0.502000000000066
270,10000,"VI","mu_4",20,19.9800941819317,19.9406808515535,20.01950751231,1,0.502000000000066
