"sim_id","n","method","component","mu_true","estimate","lower","upper","covered","elapsed_seconds"
485,10000,"Gibbs","mu_1",0,-0.0262289737415944,-0.0670423747209101,0.0146318141694258,1,463.639
485,10000,"Gibbs","mu_2",5,5.00746555276689,4.96673609561622,5.04818919883424,1,463.639
485,10000,"Gibbs","mu_3",10,9.96925455501542,9.92876244824599,10.0102527144292,1,463.639
485,10000,"Gibbs","mu_4",20,20.0081311845611,19.9685996872062,20.0474711993281,1,463.639
485,10000,"VI","mu_1",0,-1.80597271487548e-16,-19.6,19.6,1,1.87800000000004
485,10000,"VI","mu_2",5,1.10150453220996,1.06769872833819,1.13531033608173,0,1.87800000000004
485,10000,"VI","mu_3",10,8.23542068086565,8.2047677801501,8.2660735815812,0,1.87800000000004
485,10000,"VI","mu_4",20,20.0077961707763,19.9689824649908,20.0466098765618,1,1.87800000000004
