"sim_id","n","method","component","mu_true","estimate","lower","upper","covered","elapsed_seconds"
162,10000,"Gibbs","mu_1",0,0.0121140113360878,-0.0274312404126098,0.051798991670833,1,531.576
162,10000,"Gibbs","mu_2",5,5.01267034951228,4.97124028372364,5.05504740775751,1,531.576
162,10000,"Gibbs","mu_3",10,10.0077550071613,9.96706555273252,10.0485790071062,1,531.576
162,10000,"Gibbs","mu_4",20,20.0053808182139,19.965850516171,20.044864355098,1,531.576
162,10000,"VI","mu_1",0,0.0118118556650958,-0.0270015872976292,0.0506252986278208,1,0.301999999999907
162,10000,"VI","mu_2",5,5.01264535873334,4.97323668990526,5.05205402756141,1,0.301999999999907
162,10000,"VI","mu_3",10,10.0079060042998,9.96855135249648,10.0472606561031,1,0.301999999999907
162,10000,"VI","mu_4",20,20.0051490297957,19.9659177107,20.0443803488915,1,0.301999999999907
