"sim_id","n","method","component","mu_true","estimate","lower","upper","covered","elapsed_seconds"
185,10000,"Gibbs","mu_1",0,-0.0562485395134425,-0.0975498208541798,-0.0150515689806033,0,529.376
185,10000,"Gibbs","mu_2",5,5.01300853584716,4.96997517750476,5.05520801507731,1,529.376
185,10000,"Gibbs","mu_3",10,9.96386897647464,9.92397732851601,10.0037010660617,1,529.376
185,10000,"Gibbs","mu_4",20,19.9783272087183,19.9401274953701,20.0172055184252,1,529.376
185,10000,"VI","mu_1",0,-0.0564813129338688,-0.0957162858282008,-0.0172463400395368,0,0.326999999999998
185,10000,"VI","mu_2",5,5.01230240706596,4.9726784116821,5.05192640244983,1,0.326999999999998
185,10000,"VI","mu_3",10,9.96404688240539,9.92510076991057,10.0029929949002,1,0.326999999999998
185,10000,"VI","mu_4",20,19.9783649002191,19.9393595196631,20.0173702807751,1,0.326999999999998
