"sim_id","n","method","component","mu_true","estimate","lower","upper","covered","elapsed_seconds"
101,10000,"Gibbs","mu_1",0,0.0117337465013994,-0.0280560881476921,0.0515260640585929,1,532.724
101,10000,"Gibbs","mu_2",5,4.98953656082954,4.94787233238437,5.03172342544066,1,532.724
101,10000,"Gibbs","mu_3",10,9.98200436991282,9.94022764746834,10.0232010914658,1,532.724
101,10000,"Gibbs","mu_4",20,19.9716306271612,19.9326605624639,20.01012264261,1,532.724
101,10000,"VI","mu_1",0,-1.79129749590688e-16,-19.6,19.6,1,1.90099999999995
101,10000,"VI","mu_2",5,1.12035310616628,1.0872998401563,1.15340637217626,0,1.90099999999995
101,10000,"VI","mu_3",10,8.30177717166962,8.2707353547742,8.33281898856504,0,1.90099999999995
101,10000,"VI","mu_4",20,19.9712832567453,19.9320598008864,20.0105067126042,1,1.90099999999995
