"sim_id","n","method","component","mu_true","estimate","lower","upper","covered","elapsed_seconds"
374,10000,"Gibbs","mu_1",0,0.0143446056827373,-0.0252198778224981,0.053144754933565,1,529.072
374,10000,"Gibbs","mu_2",5,5.00938604684535,4.96618389107259,5.05177105880106,1,529.072
374,10000,"Gibbs","mu_3",10,9.99146965832822,9.95175559631043,10.0322420793016,1,529.072
374,10000,"Gibbs","mu_4",20,20.023857762081,19.9858422343749,20.0631522023095,1,529.072
374,10000,"VI","mu_1",0,0.0143910659816814,-0.0240653803238144,0.0528475122871772,1,0.300000000000068
374,10000,"VI","mu_2",5,5.00931286264378,4.96986960198963,5.04875612329792,1,0.300000000000068
374,10000,"VI","mu_3",10,9.99135054045663,9.95209682279283,10.0306042581204,1,0.300000000000068
374,10000,"VI","mu_4",20,20.0234691147765,19.9837901558742,20.0631480736788,1,0.300000000000068
