"sim_id","n","method","component","mu_true","estimate","lower","upper","covered","elapsed_seconds"
211,10000,"Gibbs","mu_1",0,-0.006985036143481,-0.0475122544534236,0.0347362507853152,1,527.395
211,10000,"Gibbs","mu_2",5,4.98651156055637,4.9437633385189,5.02794563195375,1,527.395
211,10000,"Gibbs","mu_3",10,9.98492227327937,9.9451656383355,10.0254185229977,1,527.395
211,10000,"Gibbs","mu_4",20,20.0125563796237,19.9737723589393,20.052000005965,1,527.395
211,10000,"VI","mu_1",0,-5.19224845021832e-16,-19.6,19.6,1,2.31100000000004
211,10000,"VI","mu_2",5,1.42689590367439,1.39517889960576,1.45861290774302,0,2.31100000000004
211,10000,"VI","mu_3",10,8.69907380248829,8.66665035010888,8.7314972548677,0,2.31100000000004
211,10000,"VI","mu_4",20,20.0125426053569,19.9735526699862,20.0515325407276,1,2.31100000000004
