"sim_id","n","method","component","mu_true","estimate","lower","upper","covered","elapsed_seconds"
365,10000,"Gibbs","mu_1",0,0.00208774271671839,-0.0379278276958318,0.0421599283115763,1,512.144
365,10000,"Gibbs","mu_2",5,5.00168078855683,4.95864477286123,5.04364651256344,1,512.144
365,10000,"Gibbs","mu_3",10,10.0014824266125,9.95917555677711,10.0422428284654,1,512.144
365,10000,"Gibbs","mu_4",20,19.9992019447382,19.960556878401,20.0380447593025,1,512.144
365,10000,"VI","mu_1",0,-2.72920442022899e-16,-19.6,19.6,1,2.56900000000007
365,10000,"VI","mu_2",5,1.25999408088446,1.22722396940618,1.29276419236273,0,2.56900000000007
365,10000,"VI","mu_3",10,8.40550457949785,8.37401314053077,8.43699601846494,0,2.56900000000007
365,10000,"VI","mu_4",20,19.9990863695946,19.9602650644948,20.0379076746944,1,2.56900000000007
