"sim_id","n","method","component","mu_true","estimate","lower","upper","covered","elapsed_seconds"
248,10000,"Gibbs","mu_1",0,0.0103954903100837,-0.030702078067723,0.0513056287213773,1,535.846
248,10000,"Gibbs","mu_2",5,4.99042664965342,4.94964284299594,5.0315811938457,1,535.846
248,10000,"Gibbs","mu_3",10,10.0248505440126,9.98391371251782,10.0669687285534,1,535.846
248,10000,"Gibbs","mu_4",20,20.02914054348,19.9912548119106,20.0678223291795,1,535.846
248,10000,"VI","mu_1",0,0.0104824613538699,-0.0291750237806358,0.0501399464883756,1,0.346000000000004
248,10000,"VI","mu_2",5,4.99040184062312,4.95178212919022,5.02902155205602,1,0.346000000000004
248,10000,"VI","mu_3",10,10.0246566388725,9.98512864942096,10.0641846283241,1,0.346000000000004
248,10000,"VI","mu_4",20,20.0291688276291,19.9901479902139,20.0681896650443,1,0.346000000000004
