"sim_id","n","method","component","mu_true","estimate","lower","upper","covered","elapsed_seconds"
327,10000,"Gibbs","mu_1",0,0.00557235758073933,-0.0351471223123275,0.0452653651797982,1,510.305
327,10000,"Gibbs","mu_2",5,4.99578335784774,4.95364477020881,5.03782294447483,1,510.305
327,10000,"Gibbs","mu_3",10,10.0282908406832,9.98769974374107,10.0687579460509,1,510.305
327,10000,"Gibbs","mu_4",20,19.9683734188851,19.9290884851241,20.0075526851427,1,510.305
327,10000,"VI","mu_1",0,-3.76090627934885e-07,-19.599999081705,19.5999983295238,1,0.499000000000024
327,10000,"VI","mu_2",5,-3.76090627934885e-07,-19.599999081705,19.5999983295238,1,0.499000000000024
327,10000,"VI","mu_3",10,4.99553297238258,4.97287203225697,5.01819391250819,0,0.499000000000024
327,10000,"VI","mu_4",20,19.8803989114849,19.8413476312279,19.9194501917418,0,0.499000000000024
