"sim_id","n","method","component","mu_true","estimate","lower","upper","covered","elapsed_seconds"
46,10000,"Gibbs","mu_1",0,-0.00723260260395154,-0.0477143542303403,0.0338614957775945,1,536.135
46,10000,"Gibbs","mu_2",5,4.97372547152365,4.93206975689222,5.0162239143604,1,536.135
46,10000,"Gibbs","mu_3",10,9.99488711139355,9.95347908723964,10.036025474346,1,536.135
46,10000,"Gibbs","mu_4",20,19.9876375963915,19.9494444223846,20.02622130614,1,536.135
46,10000,"VI","mu_1",0,-3.44306844095423e-07,-19.599999125723,19.5999984371093,1,0.461000000000013
46,10000,"VI","mu_2",5,-3.44306844095423e-07,-19.599999125723,19.5999984371093,1,0.461000000000013
46,10000,"VI","mu_3",10,4.97453457824531,4.95177927323274,4.99728988325789,0,0.461000000000013
46,10000,"VI","mu_4",20,19.9144633485833,19.8758833267229,19.9530433704437,0,0.461000000000013
