"sim_id","n","method","component","mu_true","estimate","lower","upper","covered","elapsed_seconds"
59,10000,"Gibbs","mu_1",0,-0.00984569309084378,-0.0500794345591622,0.0306789462666235,1,513.552
59,10000,"Gibbs","mu_2",5,5.02688893997516,4.98470642106581,5.06911636180798,1,513.552
59,10000,"Gibbs","mu_3",10,10.044047916929,10.0027120009377,10.0835732228036,0,513.552
59,10000,"Gibbs","mu_4",20,19.9865577550621,19.9470966720621,20.0261602578021,1,513.552
59,10000,"VI","mu_1",0,-0.00975331621936811,-0.0490861218755086,0.0295794894367723,1,0.436000000000035
59,10000,"VI","mu_2",5,5.02651237187652,4.9873314854817,5.06569325827134,1,0.436000000000035
59,10000,"VI","mu_3",10,10.0432470690962,10.0039403562391,10.0825537819532,0,0.436000000000035
59,10000,"VI","mu_4",20,19.9867263500319,19.9477441202887,20.025708579775,1,0.436000000000035
