"sim_id","n","method","component","mu_true","estimate","lower","upper","covered","elapsed_seconds"
33,10000,"Gibbs","mu_1",0,0.0151679634159286,-0.0250800015846576,0.0556999177968533,1,527.276
33,10000,"Gibbs","mu_2",5,5.00398492913852,4.96192491403174,5.04615465741603,1,527.276
33,10000,"Gibbs","mu_3",10,9.98384380032628,9.94365910900186,10.0244594300198,1,527.276
33,10000,"Gibbs","mu_4",20,19.9857418581957,19.9473346602451,20.0248412740787,1,527.276
33,10000,"VI","mu_1",0,-3.12076571258121e-16,-19.6,19.6,1,2.56000000000006
33,10000,"VI","mu_2",5,1.2654637110663,1.23324088617756,1.29768653595503,0,2.56000000000006
33,10000,"VI","mu_3",10,8.51918286984923,8.48719395544428,8.55117178425419,0,2.56000000000006
33,10000,"VI","mu_4",20,19.9856390809061,19.9467948957472,20.0244832660649,1,2.56000000000006
