"sim_id","n","method","component","mu_true","estimate","lower","upper","covered","elapsed_seconds"
386,10000,"Gibbs","mu_1",0,-0.0555442070277801,-0.0975662233569251,-0.014603522269911,0,526.776
386,10000,"Gibbs","mu_2",5,4.99035380293191,4.94907694142433,5.03115986083157,1,526.776
386,10000,"Gibbs","mu_3",10,10.0176414300565,9.9771663572756,10.0584027385816,1,526.776
386,10000,"Gibbs","mu_4",20,19.9954817942104,19.9565091922792,20.0348195440786,1,526.776
386,10000,"VI","mu_1",0,-0.0554738985357454,-0.0950347882918884,-0.0159130087796023,0,0.418000000000006
386,10000,"VI","mu_2",5,4.99036788454924,4.95140803575883,5.02932773333964,1,0.418000000000006
386,10000,"VI","mu_3",10,10.0173063166854,9.97824294447174,10.0563696888992,1,0.418000000000006
386,10000,"VI","mu_4",20,19.9951285609233,19.9559050983239,20.0343520235227,1,0.418000000000006
