"sim_id","n","method","component","mu_true","estimate","lower","upper","covered","elapsed_seconds"
451,10000,"Gibbs","mu_1",0,-0.0136025878398407,-0.053277620545323,0.0270273797970394,1,527.073
451,10000,"Gibbs","mu_2",5,4.9954254135266,4.95195989853892,5.0382070855853,1,527.073
451,10000,"Gibbs","mu_3",10,9.97482825685863,9.93647562357794,10.0140265832486,1,527.073
451,10000,"Gibbs","mu_4",20,19.974413403423,19.9346082638752,20.0142697734118,1,527.073
451,10000,"VI","mu_1",0,-0.0140216278903203,-0.0529433619092938,0.0249001061286532,1,0.394999999999982
451,10000,"VI","mu_2",5,4.99519831308075,4.95547209536536,5.03492453079614,1,0.394999999999982
451,10000,"VI","mu_3",10,9.9746217570044,9.93627834543993,10.0129651685689,1,0.394999999999982
451,10000,"VI","mu_4",20,19.9743120254289,19.9344447232609,20.0141793275969,1,0.394999999999982
