"sim_id","n","method","component","mu_true","estimate","lower","upper","covered","elapsed_seconds"
148,10000,"Gibbs","mu_1",0,-0.00223239016489871,-0.0419758555416644,0.0392004014934295,1,531.736
148,10000,"Gibbs","mu_2",5,4.97956831462184,4.93857671700007,5.02135357871543,1,531.736
148,10000,"Gibbs","mu_3",10,9.98668284703157,9.94559171883791,10.0274686844662,1,531.736
148,10000,"Gibbs","mu_4",20,19.9782746861229,19.9394674843187,20.0172829208652,1,531.736
148,10000,"VI","mu_1",0,-6.27125849189114e-07,-19.5999987125567,19.599997458305,1,0.433999999999969
148,10000,"VI","mu_2",5,-6.27125849189114e-07,-19.5999987125567,19.599997458305,1,0.433999999999969
148,10000,"VI","mu_3",10,4.92754328773946,4.90488704180122,4.9501995336777,0,0.433999999999969
148,10000,"VI","mu_4",20,19.9229264418081,19.8838511085905,19.9620017750257,0,0.433999999999969
