"sim_id","n","method","component","mu_true","estimate","lower","upper","covered","elapsed_seconds"
242,10000,"Gibbs","mu_1",0,0.0222380993911693,-0.0189177032079235,0.0627499845160996,1,530.032
242,10000,"Gibbs","mu_2",5,5.00359460677012,4.9597049419464,5.04771019888077,1,530.032
242,10000,"Gibbs","mu_3",10,9.95584769049817,9.91643572305207,9.99522159566699,0,530.032
242,10000,"Gibbs","mu_4",20,19.9511517989117,19.9117009162542,19.9909250362148,0,530.032
242,10000,"VI","mu_1",0,0.0226123539985466,-0.0164789267265993,0.0617036347236925,1,0.414999999999964
242,10000,"VI","mu_2",5,5.0035440296027,4.96367944612988,5.04340861307553,1,0.414999999999964
242,10000,"VI","mu_3",10,9.95573746722807,9.91696748530808,9.99450744914806,0,0.414999999999964
242,10000,"VI","mu_4",20,19.9509223223876,19.9118239243919,19.9900207203834,0,0.414999999999964
