"sim_id","n","method","component","mu_true","estimate","lower","upper","covered","elapsed_seconds"
399,10000,"Gibbs","mu_1",0,-0.00779590647530497,-0.0476493958871858,0.0323744372166628,1,517.564
399,10000,"Gibbs","mu_2",5,5.0057534026045,4.9626966776393,5.04787286356409,1,517.564
399,10000,"Gibbs","mu_3",10,9.99454808882767,9.95541765830222,10.0345009492972,1,517.564
399,10000,"Gibbs","mu_4",20,20.0097955368091,19.9711791593434,20.0489566807061,1,517.564
399,10000,"VI","mu_1",0,-2.54628034286896e-06,-19.5999954760078,19.5999903834471,1,0.501999999999953
399,10000,"VI","mu_2",5,-2.54628034286896e-06,-19.5999954760078,19.5999903834471,1,0.501999999999953
399,10000,"VI","mu_3",10,4.99981709383148,4.97716680974919,5.02246737791376,0,0.501999999999953
399,10000,"VI","mu_4",20,19.9687083388727,19.9296023713783,20.0078143063672,1,0.501999999999953
