"sim_id","n","method","component","mu_true","estimate","lower","upper","covered","elapsed_seconds"
362,10000,"Gibbs","mu_1",0,0.00437585091879839,-0.037010358024815,0.04567954166728,1,516.38
362,10000,"Gibbs","mu_2",5,5.01713228895676,4.97440583731017,5.05836477869085,1,516.38
362,10000,"Gibbs","mu_3",10,10.0005587670178,9.96123752009859,10.0410681702322,1,516.38
362,10000,"Gibbs","mu_4",20,19.9858464550144,19.9468259321531,20.0242812589778,1,516.38
362,10000,"VI","mu_1",0,-5.45911421339141e-06,-19.5999908358495,19.5999799176211,1,0.475000000000023
362,10000,"VI","mu_2",5,-5.45911421339141e-06,-19.5999908358495,19.5999799176211,1,0.475000000000023
362,10000,"VI","mu_3",10,5.02077836240448,4.99810224629503,5.04345447851394,0,0.475000000000023
362,10000,"VI","mu_4",20,19.9538762969128,19.914902373879,19.9928502199466,0,0.475000000000023
