"sim_id","n","method","component","mu_true","estimate","lower","upper","covered","elapsed_seconds"
262,10000,"Gibbs","mu_1",0,0.0110056228458889,-0.0307694957049947,0.0514637330881798,1,530.674
262,10000,"Gibbs","mu_2",5,5.02227506085008,4.9798966807742,5.065374351973,1,530.674
262,10000,"Gibbs","mu_3",10,9.97814064970922,9.9369129454858,10.0189632952837,1,530.674
262,10000,"Gibbs","mu_4",20,19.982784820478,19.9448911094389,20.0209164919175,1,530.674
262,10000,"VI","mu_1",0,0.0106967778859045,-0.0286981972849091,0.0500917530567181,1,0.414999999999964
262,10000,"VI","mu_2",5,5.02234044682672,4.98261733674535,5.06206355690808,1,0.414999999999964
262,10000,"VI","mu_3",10,9.97821420522278,9.9389602000996,10.017468210346,1,0.414999999999964
262,10000,"VI","mu_4",20,19.9829491232033,19.9444882405468,20.0214100058598,1,0.414999999999964
