"sim_id","n","method","component","mu_true","estimate","lower","upper","covered","elapsed_seconds"
352,10000,"Gibbs","mu_1",0,-0.00263915857758364,-0.0438196459436399,0.0379806798269785,1,530
352,10000,"Gibbs","mu_2",5,5.03367374995861,4.99209889709654,5.07589483639659,1,530
352,10000,"Gibbs","mu_3",10,10.0045889990984,9.96301627998507,10.0463571302706,1,530
352,10000,"Gibbs","mu_4",20,20.0118749240711,19.9725706154778,20.0518467861226,1,530
352,10000,"VI","mu_1",0,-2.26008147330511e-16,-19.6,19.6,1,1.78099999999995
352,10000,"VI","mu_2",5,1.15503330290447,1.12199551493136,1.18807109087757,0,1.78099999999995
352,10000,"VI","mu_3",10,8.38035578333191,8.34920292978782,8.411508636876,0,1.78099999999995
352,10000,"VI","mu_4",20,20.0113484322346,19.9723204338293,20.0503764306399,1,1.78099999999995
