"sim_id","n","method","component","mu_true","estimate","lower","upper","covered","elapsed_seconds"
412,10000,"Gibbs","mu_1",0,0.00269149431398774,-0.0383093993415392,0.0439469898370901,1,531.218
412,10000,"Gibbs","mu_2",5,4.97423138767221,4.93284287567912,5.01583168636164,1,531.218
412,10000,"Gibbs","mu_3",10,9.99554903210931,9.95559389141253,10.0353521499613,1,531.218
412,10000,"Gibbs","mu_4",20,20.0251523730246,19.9854916693596,20.0634210874093,1,531.218
412,10000,"VI","mu_1",0,0.00251425537990946,-0.0368348457770615,0.0418633565368805,1,0.527000000000044
412,10000,"VI","mu_2",5,4.97401227438638,4.93533371434732,5.01269083442545,1,0.527000000000044
412,10000,"VI","mu_3",10,9.99576850801578,9.95601673076337,10.0355202852682,1,0.527000000000044
412,10000,"VI","mu_4",20,20.0249386474489,19.9858945903167,20.063982704581,1,0.527000000000044
