"sim_id","n","method","component","mu_true","estimate","lower","upper","covered","elapsed_seconds"
220,10000,"Gibbs","mu_1",0,0.0438838549500973,0.00302526574110438,0.0841748884258065,0,533.522
220,10000,"Gibbs","mu_2",5,4.99225432611882,4.94975807885458,5.0352697459002,1,533.522
220,10000,"Gibbs","mu_3",10,10.0396412961963,9.99927856005293,10.0814033195258,1,533.522
220,10000,"Gibbs","mu_4",20,19.9984273373609,19.9608598368905,20.0363248547779,1,533.522
220,10000,"VI","mu_1",0,-7.49469755357802e-16,-19.6,19.6,1,2.79000000000008
220,10000,"VI","mu_2",5,1.5531163022543,1.52172232413149,1.58451028037712,0,2.79000000000008
220,10000,"VI","mu_3",10,8.78236955157245,8.74930187280021,8.81543723034468,0,2.79000000000008
220,10000,"VI","mu_4",20,19.99873057872,19.9602103639049,20.0372507935351,1,2.79000000000008
