"sim_id","n","method","component","mu_true","estimate","lower","upper","covered","elapsed_seconds"
408,10000,"Gibbs","mu_1",0,0.0216029794042013,-0.0193485847921738,0.0625012917270606,1,532.534
408,10000,"Gibbs","mu_2",5,5.01765500800384,4.97559087984525,5.06063602513631,1,532.534
408,10000,"Gibbs","mu_3",10,10.0068428585361,9.96572883216493,10.0472554200836,1,532.534
408,10000,"Gibbs","mu_4",20,20.0112411228122,19.9727999417637,20.049400018614,1,532.534
408,10000,"VI","mu_1",0,0.0219561558715167,-0.0172984919516907,0.0612108036947242,1,0.302000000000021
408,10000,"VI","mu_2",5,5.01724699409838,4.97771850668499,5.05677548151178,1,0.302000000000021
408,10000,"VI","mu_3",10,10.0067578628571,9.96709802955614,10.046417696158,1,0.302000000000021
408,10000,"VI","mu_4",20,20.0111885839778,19.9727941709565,20.0495829969991,1,0.302000000000021
