"sim_id","n","method","component","mu_true","estimate","lower","upper","covered","elapsed_seconds"
398,10000,"Gibbs","mu_1",0,-0.0345091805626838,-0.0751208985948001,0.00542319087680591,1,512.336
398,10000,"Gibbs","mu_2",5,4.99866950468307,4.95598744798662,5.04108374912687,1,512.336
398,10000,"Gibbs","mu_3",10,10.0089519408047,9.96876421604313,10.0498194105301,1,512.336
398,10000,"Gibbs","mu_4",20,20.0083420455093,19.9678837137413,20.0478779039707,1,512.336
398,10000,"VI","mu_1",0,-0.0342943897563742,-0.0733154746484548,0.00472669513570646,1,0.411000000000058
398,10000,"VI","mu_2",5,4.99844324160913,4.95939779102942,5.03748869218884,1,0.411000000000058
398,10000,"VI","mu_3",10,10.0087885190646,9.96959025862377,10.0479867795055,1,0.411000000000058
398,10000,"VI","mu_4",20,20.008592314635,19.9690508627505,20.0481337665194,1,0.411000000000058
