"sim_id","n","method","component","mu_true","estimate","lower","upper","covered","elapsed_seconds"
150,10000,"Gibbs","mu_1",0,-0.014192124821467,-0.054906312334977,0.0273255818185056,1,533.211
150,10000,"Gibbs","mu_2",5,5.01059248890042,4.96984800114664,5.04954398273082,1,533.211
150,10000,"Gibbs","mu_3",10,10.0263845954616,9.98587511251415,10.067819564341,1,533.211
150,10000,"Gibbs","mu_4",20,19.9948175053123,19.9563427635876,20.0340028822991,1,533.211
150,10000,"VI","mu_1",0,-2.34968509801552e-16,-19.6,19.6,1,4.94099999999992
150,10000,"VI","mu_2",5,1.22226515690955,1.18901052890475,1.25551978491436,0,4.94099999999992
150,10000,"VI","mu_3",10,8.27301998048056,8.24190569962764,8.30413426133348,0,4.94099999999992
150,10000,"VI","mu_4",20,19.9946509725509,19.9558980325329,20.0334039125689,1,4.94099999999992
