"sim_id","n","method","component","mu_true","estimate","lower","upper","covered","elapsed_seconds"
163,10000,"Gibbs","mu_1",0,0.0206172991041851,-0.0203774116298455,0.0617284866161338,1,533.616
163,10000,"Gibbs","mu_2",5,5.00427734951831,4.9618817773511,5.04640353218573,1,533.616
163,10000,"Gibbs","mu_3",10,10.0314260367941,9.99221321638457,10.0705698360345,1,533.616
163,10000,"Gibbs","mu_4",20,19.9932445669417,19.9547563718957,20.031426730076,1,533.616
163,10000,"VI","mu_1",0,-1.2767224752548e-15,-19.6,19.6,1,2.1690000000001
163,10000,"VI","mu_2",5,1.70975068534377,1.67865450958148,1.74084686110606,0,2.1690000000001
163,10000,"VI","mu_3",10,8.95578722109248,8.92251046387522,8.98906397830974,0,2.1690000000001
163,10000,"VI","mu_4",20,19.9930404848484,19.9542875186996,20.0317934509971,1,2.1690000000001
