"sim_id","n","method","component","mu_true","estimate","lower","upper","covered","elapsed_seconds"
116,10000,"Gibbs","mu_1",0,-0.0303282620316213,-0.0709139069611486,0.0106232370705821,1,529.366
116,10000,"Gibbs","mu_2",5,5.02993639057313,4.98856213706921,5.07165852057639,1,529.366
116,10000,"Gibbs","mu_3",10,10.0109481698085,9.97147500226588,10.0507980569875,1,529.366
116,10000,"Gibbs","mu_4",20,20.0072155214678,19.9682914407115,20.0471160383723,1,529.366
116,10000,"VI","mu_1",0,-0.0304186341456464,-0.0694088949690031,0.00857162667771028,1,0.427999999999997
116,10000,"VI","mu_2",5,5.02971809862517,4.9906166649117,5.06881953233864,1,0.427999999999997
116,10000,"VI","mu_3",10,10.0108579894479,9.97163791535138,10.0500780635444,1,0.427999999999997
116,10000,"VI","mu_4",20,20.0075212846437,19.9680280247099,20.0470145445775,1,0.427999999999997
