"sim_id","n","method","component","mu_true","estimate","lower","upper","covered","elapsed_seconds"
42,10000,"Gibbs","mu_1",0,-0.000678013967339652,-0.0418678955953047,0.0399336888070599,1,527.636
42,10000,"Gibbs","mu_2",5,5.00152410324254,4.95976104523243,5.04375739161965,1,527.636
42,10000,"Gibbs","mu_3",10,9.99913404947615,9.95881389865773,10.0402606401736,1,527.636
42,10000,"Gibbs","mu_4",20,20.0024270316509,19.9640910694963,20.0414294270582,1,527.636
42,10000,"VI","mu_1",0,-5.43878948939091e-16,-19.6,19.6,1,2.48699999999997
42,10000,"VI","mu_2",5,1.47645810012703,1.44444002972368,1.50847617053038,0,2.48699999999997
42,10000,"VI","mu_3",10,8.64863821376623,8.61623018848329,8.68104623904917,0,2.48699999999997
42,10000,"VI","mu_4",20,20.0023366131513,19.9638609110909,20.0408123152118,1,2.48699999999997
