"sim_id","n","method","component","mu_true","estimate","lower","upper","covered","elapsed_seconds"
363,10000,"Gibbs","mu_1",0,-0.0200232605083809,-0.0596423253077472,0.0196141069503984,1,515.419
363,10000,"Gibbs","mu_2",5,4.99199024014649,4.95020251340129,5.03359462319626,1,515.419
363,10000,"Gibbs","mu_3",10,9.9897563477392,9.94951516037732,10.0304362402685,1,515.419
363,10000,"Gibbs","mu_4",20,19.982792725867,19.9431778565846,20.0219038972698,1,515.419
363,10000,"VI","mu_1",0,-1.81817291746485e-16,-19.6,19.6,1,2.67100000000005
363,10000,"VI","mu_2",5,1.10390838560794,1.07107095092842,1.13674582028747,0,2.67100000000005
363,10000,"VI","mu_3",10,8.28554500642005,8.25445099075736,8.31663902208273,0,2.67100000000005
363,10000,"VI","mu_4",20,19.9826008644114,19.9431156198344,20.0220861089884,1,2.67100000000005
