"sim_id","n","method","component","mu_true","estimate","lower","upper","covered","elapsed_seconds"
256,10000,"Gibbs","mu_1",0,0.00477618080199254,-0.0357345755471692,0.0447365460903755,1,514.253
256,10000,"Gibbs","mu_2",5,5.00796540240839,4.9653803083045,5.0494431659595,1,514.253
256,10000,"Gibbs","mu_3",10,9.96474841483956,9.92307107767131,10.0061610372197,1,514.253
256,10000,"Gibbs","mu_4",20,19.9744037847086,19.9363661199517,20.0132006624408,1,514.253
256,10000,"VI","mu_1",0,0.00472474795900692,-0.033968741670272,0.0434182375882859,1,0.279999999999973
256,10000,"VI","mu_2",5,5.00779396886924,4.9686892190092,5.04689871872929,1,0.279999999999973
256,10000,"VI","mu_3",10,9.96471281860946,9.92433224720494,10.005093390014,1,0.279999999999973
256,10000,"VI","mu_4",20,19.9744908200707,19.9357983108236,20.0131833293178,1,0.279999999999973
