"sim_id","n","method","component","mu_true","estimate","lower","upper","covered","elapsed_seconds"
393,10000,"Gibbs","mu_1",0,-0.0341494873116849,-0.0746920580456587,0.00580041680455287,1,531.678
393,10000,"Gibbs","mu_2",5,5.03236937042516,4.98997785833105,5.07466846704743,1,531.678
393,10000,"Gibbs","mu_3",10,9.9902668218571,9.9484342344838,10.0310486838101,1,531.678
393,10000,"Gibbs","mu_4",20,20.0144470464003,19.97587551143,20.0538571237735,1,531.678
393,10000,"VI","mu_1",0,-0.0342392070704821,-0.072971283142929,0.00449286900196485,1,0.427000000000021
393,10000,"VI","mu_2",5,5.03176011286938,4.99215184392085,5.07136838181791,1,0.427000000000021
393,10000,"VI","mu_3",10,9.99048922681673,9.9511036637365,10.029874789897,1,0.427000000000021
393,10000,"VI","mu_4",20,20.0143070802167,19.9752167263879,20.0533974340455,1,0.427000000000021
