"sim_id","n","method","component","mu_true","estimate","lower","upper","covered","elapsed_seconds"
180,10000,"Gibbs","mu_1",0,0.00190389980680623,-0.038747912077871,0.042268689748472,1,525.308
180,10000,"Gibbs","mu_2",5,4.97809779004823,4.93600373727668,5.02142288044136,1,525.308
180,10000,"Gibbs","mu_3",10,10.0154057480972,9.97556939272561,10.0552627374087,1,525.308
180,10000,"Gibbs","mu_4",20,19.987188754434,19.9490494450549,20.0262097490157,1,525.308
180,10000,"VI","mu_1",0,0.00189749285702014,-0.0375004126764113,0.0412953983904516,1,0.40300000000002
180,10000,"VI","mu_2",5,4.97819910284418,4.93872118144775,5.01767702424061,1,0.40300000000002
180,10000,"VI","mu_3",10,10.0156648038531,9.97659864079774,10.0547309669085,1,0.40300000000002
180,10000,"VI","mu_4",20,19.987057703481,19.9481906124671,20.025924794495,1,0.40300000000002
