"sim_id","n","method","component","mu_true","estimate","lower","upper","covered","elapsed_seconds"
20,10000,"Gibbs","mu_1",0,-0.029909920130347,-0.0703460346189426,0.0108167160641033,1,530.132
20,10000,"Gibbs","mu_2",5,5.02411107637878,4.98311548673532,5.06545496539161,1,530.132
20,10000,"Gibbs","mu_3",10,10.0093829199268,9.97007054664821,10.0508420987665,1,530.132
20,10000,"Gibbs","mu_4",20,19.9862488729631,19.9475559291128,20.0252047583117,1,530.132
20,10000,"VI","mu_1",0,-2.00334696214357e-16,-19.6,19.6,1,2.44100000000003
20,10000,"VI","mu_2",5,1.15455797770611,1.12124567785741,1.1878702775548,0,2.44100000000003
20,10000,"VI","mu_3",10,8.3385128160134,8.30776828502301,8.36925734700379,0,2.44100000000003
20,10000,"VI","mu_4",20,19.9859828772841,19.9465775141025,20.0253882404657,1,2.44100000000003
