"sim_id","n","method","component","mu_true","estimate","lower","upper","covered","elapsed_seconds"
187,10000,"Gibbs","mu_1",0,0.0228194493841927,-0.0173648557340481,0.0634856389597541,1,526.85
187,10000,"Gibbs","mu_2",5,5.039528587746,4.99828946623864,5.08049143614897,1,526.85
187,10000,"Gibbs","mu_3",10,10.0407086754837,9.99931976954302,10.0814633524115,1,526.85
187,10000,"Gibbs","mu_4",20,19.9963954493796,19.9584007901565,20.0354203861682,1,526.85
187,10000,"VI","mu_1",0,0.0227980066920662,-0.0164802840295575,0.0620762974136899,1,0.323999999999955
187,10000,"VI","mu_2",5,5.03930715048319,5.00012885377658,5.0784854471898,0,0.323999999999955
187,10000,"VI","mu_3",10,10.0408134965364,10.001273699508,10.0803532935647,0,0.323999999999955
187,10000,"VI","mu_4",20,19.996471896526,19.9576581889702,20.0352856040819,1,0.323999999999955
