"sim_id","n","method","component","mu_true","estimate","lower","upper","covered","elapsed_seconds"
58,10000,"Gibbs","mu_1",0,0.0105104304116891,-0.0308287230273413,0.0518708622064464,1,535.919
58,10000,"Gibbs","mu_2",5,4.95490353529133,4.91346838841806,4.9969474789037,0,535.919
58,10000,"Gibbs","mu_3",10,9.98960190318564,9.94861680554393,10.0298030629037,1,535.919
58,10000,"Gibbs","mu_4",20,19.9850775329395,19.9462236993879,20.0233458897152,1,535.919
58,10000,"VI","mu_1",0,0.00995672324335425,-0.0298211472365251,0.0497345937232336,1,0.305000000000064
58,10000,"VI","mu_2",5,4.9547228700605,4.91574437632334,4.99370136379766,0,0.305000000000064
58,10000,"VI","mu_3",10,9.98952698573693,9.95036335151987,10.028690619954,1,0.305000000000064
58,10000,"VI","mu_4",20,19.9854118794827,19.9465141843233,20.0243095746421,1,0.305000000000064
