"sim_id","n","method","component","mu_true","estimate","lower","upper","covered","elapsed_seconds"
2,10000,"Gibbs","mu_1",0,-0.0253328573413744,-0.0652017690432039,0.0157133810366979,1,463.545
2,10000,"Gibbs","mu_2",5,4.96830455985726,4.92650711226274,5.01051518289964,1,463.545
2,10000,"Gibbs","mu_3",10,9.96874631431854,9.9272991939368,10.0103803845622,1,463.545
2,10000,"Gibbs","mu_4",20,20.0525074993973,20.0130553886877,20.0920601523481,0,463.545
2,10000,"VI","mu_1",0,-0.0253242632709168,-0.06448298073666,0.0138344541948264,1,0.228999999999985
2,10000,"VI","mu_2",5,4.96798304405015,4.9291392748448,5.00682681325551,1,0.228999999999985
2,10000,"VI","mu_3",10,9.96845265976102,9.92838327072539,10.0085220487966,1,0.228999999999985
2,10000,"VI","mu_4",20,20.0523767464903,20.0136086215226,20.091144871458,0,0.228999999999985
