"sim_id","n","method","component","mu_true","estimate","lower","upper","covered","elapsed_seconds"
218,10000,"Gibbs","mu_1",0,0.00866864585653756,-0.0312631766560268,0.0482038807728648,1,508.305
218,10000,"Gibbs","mu_2",5,5.00733962617139,4.96507139541107,5.0503075584595,1,508.305
218,10000,"Gibbs","mu_3",10,9.99292152427648,9.9528306449979,10.0339075441752,1,508.305
218,10000,"Gibbs","mu_4",20,19.9953049196644,19.9572128470487,20.0342824429849,1,508.305
218,10000,"VI","mu_1",0,-1.64403883894752e-06,-19.5999971589539,19.5999938708762,1,0.454000000000008
218,10000,"VI","mu_2",5,-1.64403883894752e-06,-19.5999971589539,19.5999938708762,1,0.454000000000008
218,10000,"VI","mu_3",10,4.95468393140695,4.93206354554948,4.97730431726442,0,0.454000000000008
218,10000,"VI","mu_4",20,19.9428211657584,19.9035601054259,19.9820822260909,0,0.454000000000008
