"sim_id","n","method","component","mu_true","estimate","lower","upper","covered","elapsed_seconds"
353,10000,"Gibbs","mu_1",0,0.0174561528594053,-0.0216600613033488,0.0580104905423153,1,525.809
353,10000,"Gibbs","mu_2",5,5.03904155145759,4.99630381532673,5.08188352916745,1,525.809
353,10000,"Gibbs","mu_3",10,10.0318710798581,9.99281746252804,10.0713042073053,1,525.809
353,10000,"Gibbs","mu_4",20,20.0188559950762,19.9793954621084,20.0583926505729,1,525.809
353,10000,"VI","mu_1",0,-1.69135752756715e-06,-19.5999966229197,19.5999932402047,1,0.516999999999939
353,10000,"VI","mu_2",5,-1.69135752756715e-06,-19.5999966229197,19.5999932402047,1,0.516999999999939
353,10000,"VI","mu_3",10,5.0430856147823,5.02050008016216,5.06567114940244,0,0.516999999999939
353,10000,"VI","mu_4",20,19.983142490542,19.9436975002882,20.0225874807959,1,0.516999999999939
