"sim_id","n","method","component","mu_true","estimate","lower","upper","covered","elapsed_seconds"
170,10000,"Gibbs","mu_1",0,0.0151765096223389,-0.025634223128455,0.0559075183287731,1,520.513
170,10000,"Gibbs","mu_2",5,4.98449622726945,4.9429617834031,5.02683277680016,1,520.513
170,10000,"Gibbs","mu_3",10,9.97689151711003,9.93633539063564,10.0168540631172,1,520.513
170,10000,"Gibbs","mu_4",20,19.9900630572824,19.9517085815407,20.0293748955594,1,520.513
170,10000,"VI","mu_1",0,0.0155898421276614,-0.0235197023590914,0.0546993866144143,1,0.364000000000033
170,10000,"VI","mu_2",5,4.98420580762482,4.94497965097969,5.02343196426996,1,0.364000000000033
170,10000,"VI","mu_3",10,9.977047143808,9.93804002691251,10.0160542607035,1,0.364000000000033
170,10000,"VI","mu_4",20,19.9903080633968,19.9508468335371,20.0297692932565,1,0.364000000000033
