"sim_id","n","method","component","mu_true","estimate","lower","upper","covered","elapsed_seconds"
303,10000,"Gibbs","mu_1",0,0.00473943019333925,-0.0347168863896989,0.0455516411662397,1,531.476
303,10000,"Gibbs","mu_2",5,5.04211456093542,4.99960336496972,5.08265411661388,1,531.476
303,10000,"Gibbs","mu_3",10,10.0020641840871,9.9612774998513,10.0425942376391,1,531.476
303,10000,"Gibbs","mu_4",20,19.9835922085048,19.9442970458132,20.0230876958579,1,531.476
303,10000,"VI","mu_1",0,-1.21981906984154e-16,-19.6,19.6,1,1.80399999999997
303,10000,"VI","mu_2",5,0.988473006359999,0.95470299617973,1.02224301654027,0,1.80399999999997
303,10000,"VI","mu_3",10,8.17630582254333,8.14592977783206,8.20668186725459,0,1.80399999999997
303,10000,"VI","mu_4",20,19.9834282099897,19.9439749964141,20.0228814235653,1,1.80399999999997
