"sim_id","n","method","component","mu_true","estimate","lower","upper","covered","elapsed_seconds"
344,10000,"Gibbs","mu_1",0,-0.0119987751572396,-0.052226736219395,0.0276457962455065,1,513.057
344,10000,"Gibbs","mu_2",5,5.00998814700336,4.96841546303698,5.05090156645736,1,513.057
344,10000,"Gibbs","mu_3",10,10.0013654060856,9.96090564788367,10.0423036063544,1,513.057
344,10000,"Gibbs","mu_4",20,19.9972868197582,19.9582115990297,20.0356272908198,1,513.057
344,10000,"VI","mu_1",0,-2.01715067426897e-16,-19.6,19.6,1,2.95999999999992
344,10000,"VI","mu_2",5,1.1725453064796,1.13962531288633,1.20546530007287,0,2.95999999999992
344,10000,"VI","mu_3",10,8.34098410861944,8.30986598936639,8.37210222787249,0,2.95999999999992
344,10000,"VI","mu_4",20,19.9971762125849,19.9578818715097,20.0364705536602,1,2.95999999999992
