"sim_id","n","method","component","mu_true","estimate","lower","upper","covered","elapsed_seconds"
253,10000,"Gibbs","mu_1",0,0.0263321927133949,-0.0149864816055807,0.0667253369424842,1,529.349
253,10000,"Gibbs","mu_2",5,5.02095514697422,4.97943117496402,5.06310463939842,1,529.349
253,10000,"Gibbs","mu_3",10,10.005780851734,9.96591469494796,10.0480399750411,1,529.349
253,10000,"Gibbs","mu_4",20,19.9963764350158,19.9565205421522,20.0350283298941,1,529.349
253,10000,"VI","mu_1",0,-3.69227326380974e-07,-19.5999991300342,19.5999983915795,1,0.259999999999991
253,10000,"VI","mu_2",5,-3.69227326380974e-07,-19.5999991300342,19.5999983915795,1,0.259999999999991
253,10000,"VI","mu_3",10,5.00566833395891,4.98299098437635,5.02834568354147,0,0.259999999999991
253,10000,"VI","mu_4",20,19.9408850882853,19.9019174257074,19.9798527508631,0,0.259999999999991
