"sim_id","n","method","component","mu_true","estimate","lower","upper","covered","elapsed_seconds"
360,10000,"Gibbs","mu_1",0,0.018377500529267,-0.0229735106726318,0.059679256446908,1,525.464
360,10000,"Gibbs","mu_2",5,4.99703534536474,4.95352064974075,5.04072255710432,1,525.464
360,10000,"Gibbs","mu_3",10,9.9936382131145,9.95402928552824,10.0328444672983,1,525.464
360,10000,"Gibbs","mu_4",20,19.9587455737243,19.9184481912615,19.9984332338235,0,525.464
360,10000,"VI","mu_1",0,0.0181471461962575,-0.0212133020267257,0.0575075944192407,1,0.463000000000079
360,10000,"VI","mu_2",5,4.99719900619905,4.9578645065227,5.03653350587539,1,0.463000000000079
360,10000,"VI","mu_3",10,9.99346500980729,9.95513253189297,10.0317974877216,1,0.463000000000079
360,10000,"VI","mu_4",20,19.9589182922902,19.9191003816329,19.9987362029475,0,0.463000000000079
