"sim_id","n","method","component","mu_true","estimate","lower","upper","covered","elapsed_seconds"
111,10000,"Gibbs","mu_1",0,0.00750532329945018,-0.0334715452403322,0.047470790233192,1,532.483
111,10000,"Gibbs","mu_2",5,4.99391164482402,4.95149951420487,5.03580646757557,1,532.483
111,10000,"Gibbs","mu_3",10,10.0082061409516,9.96802193455857,10.0487036873981,1,532.483
111,10000,"Gibbs","mu_4",20,19.9891389855762,19.9505769021822,20.0291379037548,1,532.483
111,10000,"VI","mu_1",0,0.00768546213655236,-0.0314402891442216,0.0468112134173264,1,0.460000000000036
111,10000,"VI","mu_2",5,4.99405483145603,4.95502209282341,5.03308757008864,1,0.460000000000036
111,10000,"VI","mu_3",10,10.0080106852403,9.96892823139058,10.0470931390899,1,0.460000000000036
111,10000,"VI","mu_4",20,19.9894402593651,19.9498746455794,20.0290058731508,1,0.460000000000036
