"sim_id","n","method","component","mu_true","estimate","lower","upper","covered","elapsed_seconds"
154,10000,"Gibbs","mu_1",0,0.00367950918325376,-0.036574204111749,0.0450971960495903,1,531.835
154,10000,"Gibbs","mu_2",5,4.93556184260112,4.89370596154588,4.97701386846197,0,531.835
154,10000,"Gibbs","mu_3",10,10.0059602388779,9.96653374406511,10.0460358147663,1,531.835
154,10000,"Gibbs","mu_4",20,19.9877380651731,19.9487533538664,20.025743818477,1,531.835
154,10000,"VI","mu_1",0,0.00336306377727148,-0.0362039693451655,0.0429300968997084,1,0.43100000000004
154,10000,"VI","mu_2",5,4.93493617829588,4.89551559795259,4.97435675863917,0,0.43100000000004
154,10000,"VI","mu_3",10,10.0055369996897,9.96662463212396,10.0444493672555,1,0.43100000000004
154,10000,"VI","mu_4",20,19.9875690082733,19.9486559842812,20.0264820322653,1,0.43100000000004
