"sim_id","n","method","component","mu_true","estimate","lower","upper","covered","elapsed_seconds"
495,10000,"Gibbs","mu_1",0,0.0364074350986465,-0.00297402573482032,0.0770276787375098,1,473.246
495,10000,"Gibbs","mu_2",5,4.97975457702394,4.93804724654111,5.02112072912646,1,473.246
495,10000,"Gibbs","mu_3",10,9.98841888233195,9.94792388138108,10.0289091897006,1,473.246
495,10000,"Gibbs","mu_4",20,19.9994399176376,19.9600203602597,20.0384704467615,1,473.246
495,10000,"VI","mu_1",0,-3.57600711280568e-16,-19.6,19.6,1,3.67900000000003
495,10000,"VI","mu_2",5,1.35994740367625,1.32782081988156,1.39207398747093,0,3.67900000000003
495,10000,"VI","mu_3",10,8.48156716325484,8.44975066970114,8.51338365680853,0,3.67900000000003
495,10000,"VI","mu_4",20,19.9992577646245,19.9599238805589,20.0385916486901,1,3.67900000000003
