"sim_id","n","method","component","mu_true","estimate","lower","upper","covered","elapsed_seconds"
284,10000,"Gibbs","mu_1",0,-0.0335267209380424,-0.0736983001834909,0.00683669065941167,1,529.702
284,10000,"Gibbs","mu_2",5,5.03229237387726,4.98944907574773,5.0757103901301,1,529.702
284,10000,"Gibbs","mu_3",10,9.99758319353815,9.95659041889065,10.0393292904017,1,529.702
284,10000,"Gibbs","mu_4",20,20.0334929428213,19.9939841620001,20.072731768778,1,529.702
284,10000,"VI","mu_1",0,-1.30963924319126e-16,-19.6,19.6,1,1.77999999999997
284,10000,"VI","mu_2",5,0.98259509817613,0.949161401926746,1.01602879442551,0,1.77999999999997
284,10000,"VI","mu_3",10,8.23870595407509,8.20802211336891,8.26938979478128,0,1.77999999999997
284,10000,"VI","mu_4",20,20.0335663297849,19.9942324497873,20.0729002097826,1,1.77999999999997
