"sim_id","n","method","component","mu_true","estimate","lower","upper","covered","elapsed_seconds"
313,10000,"Gibbs","mu_1",0,-0.000621290739484059,-0.0404623125242647,0.0402189998549103,1,533.86
313,10000,"Gibbs","mu_2",5,5.01951532467396,4.97676388465317,5.06179293934372,1,533.86
313,10000,"Gibbs","mu_3",10,10.0014178973768,9.9606197898091,10.0422998548456,1,533.86
313,10000,"Gibbs","mu_4",20,19.9799523348885,19.940426989946,20.0192611586363,1,533.86
313,10000,"VI","mu_1",0,-7.50811163947527e-07,-19.599998334616,19.5999968329937,1,0.501999999999953
313,10000,"VI","mu_2",5,-7.50811163947527e-07,-19.599998334616,19.5999968329937,1,0.501999999999953
313,10000,"VI","mu_3",10,5.00967128244588,4.9870135398077,5.03232902508407,0,0.501999999999953
313,10000,"VI","mu_4",20,19.925028892187,19.8859612344919,19.964096549882,0,0.501999999999953
