"sim_id","n","method","component","mu_true","estimate","lower","upper","covered","elapsed_seconds"
261,10000,"Gibbs","mu_1",0,-0.0078858099548913,-0.0482462882535858,0.0333119721966625,1,532.071
261,10000,"Gibbs","mu_2",5,4.995702331206,4.95435143689284,5.03588971194065,1,532.071
261,10000,"Gibbs","mu_3",10,10.0032655492321,9.96076055696053,10.0439040685551,1,532.071
261,10000,"Gibbs","mu_4",20,20.0094900379866,19.9690440203404,20.0487613643797,1,532.071
261,10000,"VI","mu_1",0,-3.82219612508587e-16,-19.6,19.6,1,4.26400000000001
261,10000,"VI","mu_2",5,1.33997051039732,1.30741493360662,1.37252608718803,0,4.26400000000001
261,10000,"VI","mu_3",10,8.3802646915855,8.34882474471282,8.41170463845817,0,4.26400000000001
261,10000,"VI","mu_4",20,20.0100520566978,19.97076561096,20.0493385024356,1,4.26400000000001
