"sim_id","n","method","component","mu_true","estimate","lower","upper","covered","elapsed_seconds"
124,10000,"Gibbs","mu_1",0,-0.00666289690679971,-0.0465975654810981,0.0342306048527787,1,530.398
124,10000,"Gibbs","mu_2",5,5.02128605738254,4.9793803252096,5.06307271382555,1,530.398
124,10000,"Gibbs","mu_3",10,9.99604506763953,9.95535162161999,10.0369572817283,1,530.398
124,10000,"Gibbs","mu_4",20,20.0372991847936,19.9977520917402,20.077729843967,1,530.398
124,10000,"VI","mu_1",0,-0.00658116680663538,-0.0456698853287379,0.0325075517154671,1,0.272000000000048
124,10000,"VI","mu_2",5,5.02136308451564,4.98230167164337,5.06042449738791,1,0.272000000000048
124,10000,"VI","mu_3",10,9.9962845411656,9.95707672840504,10.0354923539262,1,0.272000000000048
124,10000,"VI","mu_4",20,20.0369677315107,19.9975224905034,20.076412972518,1,0.272000000000048
