"sim_id","n","method","component","mu_true","estimate","lower","upper","covered","elapsed_seconds"
430,10000,"Gibbs","mu_1",0,-0.0384962500916624,-0.0789425960442251,0.00150957141789337,1,532.323
430,10000,"Gibbs","mu_2",5,5.01825479266548,4.97612162046905,5.06096576059267,1,532.323
430,10000,"Gibbs","mu_3",10,9.98162509671714,9.94081799228065,10.0220006699122,1,532.323
430,10000,"Gibbs","mu_4",20,20.0120294642481,19.9731733350474,20.0513263857188,1,532.323
430,10000,"VI","mu_1",0,-1.58009646058338e-16,-19.6,19.6,1,2.01200000000006
430,10000,"VI","mu_2",5,1.04457434671119,1.01116931762502,1.07797937579736,0,2.01200000000006
430,10000,"VI","mu_3",10,8.29366031433674,8.26292029189411,8.32440033677938,0,2.01200000000006
430,10000,"VI","mu_4",20,20.0120312381743,19.9727684499846,20.0512940263639,1,2.01200000000006
