"sim_id","n","method","component","mu_true","estimate","lower","upper","covered","elapsed_seconds"
114,10000,"Gibbs","mu_1",0,0.0136652469652635,-0.0275637383321175,0.0545042923149234,1,528.801
114,10000,"Gibbs","mu_2",5,5.03096346484037,4.98930635892867,5.07321447425763,1,528.801
114,10000,"Gibbs","mu_3",10,10.0431631093907,10.0022939658594,10.0829606241126,0,528.801
114,10000,"Gibbs","mu_4",20,20.0700193522846,20.0309032462616,20.1088597768618,0,528.801
114,10000,"VI","mu_1",0,0.0138241259738459,-0.0257334852993691,0.0533817372470609,1,0.324000000000069
114,10000,"VI","mu_2",5,5.03128085625547,4.99188018754871,5.07068152496223,1,0.324000000000069
114,10000,"VI","mu_3",10,10.0432447228975,10.0042888139839,10.0822006318111,0,0.324000000000069
114,10000,"VI","mu_4",20,20.0702357158442,20.0313380209328,20.1091334107557,0,0.324000000000069
