"sim_id","n","method","component","mu_true","estimate","lower","upper","covered","elapsed_seconds"
379,10000,"Gibbs","mu_1",0,-0.0300984540287704,-0.0707002209131483,0.0102360147816175,1,515.822
379,10000,"Gibbs","mu_2",5,4.96791926781684,4.92580529765144,5.00971666815685,1,515.822
379,10000,"Gibbs","mu_3",10,10.0065799743227,9.96638204893022,10.0475247704376,1,515.822
379,10000,"Gibbs","mu_4",20,20.0184787578907,19.9791056423496,20.0580567069958,1,515.822
379,10000,"VI","mu_1",0,-0.030409986908581,-0.0697526423728127,0.00893266855565065,1,0.338999999999942
379,10000,"VI","mu_2",5,4.96788475296455,4.92878691779633,5.00698258813276,1,0.338999999999942
379,10000,"VI","mu_3",10,10.0063594039178,9.96699407389715,10.0457247339384,1,0.338999999999942
379,10000,"VI","mu_4",20,20.0184741274743,19.9794764683773,20.0574717865713,1,0.338999999999942
