"sim_id","n","method","component","mu_true","estimate","lower","upper","covered","elapsed_seconds"
156,10000,"Gibbs","mu_1",0,0.0224812883282506,-0.0182656109641635,0.0634948054884356,1,529.924
156,10000,"Gibbs","mu_2",5,4.99600674376958,4.95457029765376,5.0371874198213,1,529.924
156,10000,"Gibbs","mu_3",10,9.98014380664975,9.93909072599361,10.0206060020537,1,529.924
156,10000,"Gibbs","mu_4",20,19.9587025719988,19.9181934805664,19.9984204476482,0,529.924
156,10000,"VI","mu_1",0,-4.37419574046963e-16,-19.6,19.6,1,3.32299999999998
156,10000,"VI","mu_2",5,1.37367616674233,1.34171673380896,1.4056355996757,0,3.32299999999998
156,10000,"VI","mu_3",10,8.49194026339684,8.46025278248943,8.52362774430425,0,3.32299999999998
156,10000,"VI","mu_4",20,19.9585584095508,19.9186580792598,19.9984587398418,0,3.32299999999998
