"sim_id","n","method","component","mu_true","estimate","lower","upper","covered","elapsed_seconds"
151,10000,"Gibbs","mu_1",0,0.0516734081131861,0.011725447044879,0.0918569441429398,0,530.783
151,10000,"Gibbs","mu_2",5,4.98203533520134,4.93973158188668,5.02446795802063,1,530.783
151,10000,"Gibbs","mu_3",10,10.0227249440852,9.98158409655755,10.0638450576502,1,530.783
151,10000,"Gibbs","mu_4",20,20.0073477143875,19.9675312807263,20.0475202303421,1,530.783
151,10000,"VI","mu_1",0,0.0516370483156237,0.0124158787249897,0.0908582179062577,0,0.465999999999894
151,10000,"VI","mu_2",5,4.98140842922738,4.94247500323251,5.02034185522224,1,0.465999999999894
151,10000,"VI","mu_3",10,10.0227405251337,9.98315366232756,10.0623273879399,1,0.465999999999894
151,10000,"VI","mu_4",20,20.0070157787654,19.96794846041,20.0460830971208,1,0.465999999999894
