"sim_id","n","method","component","mu_true","estimate","lower","upper","covered","elapsed_seconds"
24,10000,"Gibbs","mu_1",0,0.00326456280085291,-0.0385612017736962,0.044548625882233,1,529.279
24,10000,"Gibbs","mu_2",5,4.99896715936729,4.95588770225593,5.04158326918687,1,529.279
24,10000,"Gibbs","mu_3",10,9.96411507868073,9.92416468151557,10.0045418954438,1,529.279
24,10000,"Gibbs","mu_4",20,19.9957704260121,19.9576502890342,20.0342957174231,1,529.279
24,10000,"VI","mu_1",0,0.0030771716890323,-0.0365436706039302,0.0426980139819948,1,0.436000000000035
24,10000,"VI","mu_2",5,4.9988946115976,4.9594530028174,5.03833622037781,1,0.436000000000035
24,10000,"VI","mu_3",10,9.96422548587031,9.92539183489045,10.0030591368502,1,0.436000000000035
24,10000,"VI","mu_4",20,19.9962174215228,19.9572967261559,20.0351381168897,1,0.436000000000035
