"sim_id","n","method","component","mu_true","estimate","lower","upper","covered","elapsed_seconds"
435,10000,"Gibbs","mu_1",0,0.0246595613346937,-0.0156617565158233,0.0653039971877005,1,511.8
435,10000,"Gibbs","mu_2",5,5.00167178069373,4.95940211600957,5.04308818222185,1,511.8
435,10000,"Gibbs","mu_3",10,9.98856255397828,9.94778111210426,10.0285659653899,1,511.8
435,10000,"Gibbs","mu_4",20,20.008768602976,19.969778112686,20.0478915679238,1,511.8
435,10000,"VI","mu_1",0,-2.09854913462627e-15,-19.6,19.6,1,2.51199999999994
435,10000,"VI","mu_2",5,1.9093712730524,1.87910503972214,1.93963750638267,0,2.51199999999994
435,10000,"VI","mu_3",10,9.07371634545239,9.03959887557938,9.10783381532541,0,2.51199999999994
435,10000,"VI","mu_4",20,20.0086790283323,19.9695260645251,20.0478319921395,1,2.51199999999994
