"sim_id","n","method","component","mu_true","estimate","lower","upper","covered","elapsed_seconds"
496,10000,"Gibbs","mu_1",0,1.16463161932641,1.08537125309065,1.24631925668562,0,472.178
496,10000,"Gibbs","mu_2",5,8.33260374886421,8.26270584634036,8.40711410576416,0,472.178
496,10000,"Gibbs","mu_3",10,19.8811124554069,19.7369600473438,20.0042510291988,0,472.178
496,10000,"Gibbs","mu_4",20,20.1197170800536,19.9946752135696,20.2645174968529,1,472.178
496,10000,"VI","mu_1",0,-2.99466165032041e-07,-19.5999992405993,19.5999986416669,1,0.411000000000001
496,10000,"VI","mu_2",5,-2.99466165032041e-07,-19.5999992405993,19.5999986416669,1,0.411000000000001
496,10000,"VI","mu_3",10,4.97427553171358,4.95166519205523,4.99688587137192,0,0.411000000000001
496,10000,"VI","mu_4",20,19.9621609635024,19.9228472347313,20.0014746922736,1,0.411000000000001
