"sim_id","n","method","component","mu_true","estimate","lower","upper","covered","elapsed_seconds"
119,10000,"Gibbs","mu_1",0,0.0362791048908083,-0.00511334205230046,0.0770398550102747,1,529.228
119,10000,"Gibbs","mu_2",5,5.00241634656239,4.96114371779979,5.04458842014861,1,529.228
119,10000,"Gibbs","mu_3",10,9.96624515333651,9.92537638261869,10.0081201502522,1,529.228
119,10000,"Gibbs","mu_4",20,20.0386283226725,19.9991268630294,20.077977708718,1,529.228
119,10000,"VI","mu_1",0,-8.8750569428809e-16,-19.6,19.6,1,3.66300000000001
119,10000,"VI","mu_2",5,1.60324272663661,1.5717226107979,1.63476284247532,0,3.66300000000001
119,10000,"VI","mu_3",10,8.69053180256469,8.65793908781545,8.72312451731393,0,3.66300000000001
119,10000,"VI","mu_4",20,20.038349020774,19.9992817025181,20.07741633903,1,3.66300000000001
