"sim_id","n","method","component","mu_true","estimate","lower","upper","covered","elapsed_seconds"
159,10000,"Gibbs","mu_1",0,-0.00103682603302674,-0.0412521727603446,0.0398662920863827,1,532.899
159,10000,"Gibbs","mu_2",5,5.0198177622591,4.97879063753705,5.06148670557147,1,532.899
159,10000,"Gibbs","mu_3",10,9.99995414488945,9.95843295971376,10.0412633088367,1,532.899
159,10000,"Gibbs","mu_4",20,20.0055114823669,19.9665991265602,20.0455884473931,1,532.899
159,10000,"VI","mu_1",0,-2.60758542329491e-16,-19.6,19.6,1,3.31200000000001
159,10000,"VI","mu_2",5,1.25079895772801,1.2178464642239,1.28375145123212,0,3.31200000000001
159,10000,"VI","mu_3",10,8.39888585385669,8.36771657992078,8.4300551277926,0,3.31200000000001
159,10000,"VI","mu_4",20,20.0053349296998,19.9661975776337,20.0444722817659,1,3.31200000000001
