"sim_id","n","method","component","mu_true","estimate","lower","upper","covered","elapsed_seconds"
122,10000,"Gibbs","mu_1",0,-0.0106130994211015,-0.0506402547518035,0.0300770785116415,1,532.217
122,10000,"Gibbs","mu_2",5,5.01245211920204,4.97038981762475,5.0549650545633,1,532.217
122,10000,"Gibbs","mu_3",10,9.9829709251891,9.94311319603305,10.0233300670238,1,532.217
122,10000,"Gibbs","mu_4",20,19.9744804423901,19.9363588818365,20.0126747309496,1,532.217
122,10000,"VI","mu_1",0,-0.0110416594705665,-0.0503762744774665,0.0282929555363334,1,0.350000000000023
122,10000,"VI","mu_2",5,5.01240955892098,4.97302324871118,5.05179586913077,1,0.350000000000023
122,10000,"VI","mu_3",10,9.98281875361193,9.94367124079434,10.0219662664295,1,0.350000000000023
122,10000,"VI","mu_4",20,19.974612345243,19.9356762911586,20.0135483993274,1,0.350000000000023
