"sim_id","n","method","component","mu_true","estimate","lower","upper","covered","elapsed_seconds"
394,10000,"Gibbs","mu_1",0,0.00446481233400544,-0.036611921505785,0.0454241482976298,1,530.769
394,10000,"Gibbs","mu_2",5,4.96568886447465,4.92337119994456,5.0079052720376,1,530.769
394,10000,"Gibbs","mu_3",10,9.98247577401258,9.94055400512461,10.0233980953391,1,530.769
394,10000,"Gibbs","mu_4",20,19.9826280635091,19.9443164637437,20.0200560446491,1,530.769
394,10000,"VI","mu_1",0,0.0046000956656879,-0.0349573757647348,0.0441575670961106,1,0.327999999999975
394,10000,"VI","mu_2",5,4.96558827743574,4.92626199680329,5.00491455806818,1,0.327999999999975
394,10000,"VI","mu_3",10,9.98269960440412,9.94290656161953,10.0224926471887,1,0.327999999999975
394,10000,"VI","mu_4",20,19.9822756019653,19.9440930512256,20.0204581527049,1,0.327999999999975
