"sim_id","n","method","component","mu_true","estimate","lower","upper","covered","elapsed_seconds"
441,10000,"Gibbs","mu_1",0,0.0140734361559948,-0.0261616833037876,0.0538253030683624,1,507.807
441,10000,"Gibbs","mu_2",5,5.03499891473796,4.99279268183399,5.07650618858669,1,507.807
441,10000,"Gibbs","mu_3",10,9.98770541309974,9.94652760350853,10.0292856103045,1,507.807
441,10000,"Gibbs","mu_4",20,20.0062166361881,19.9670605054292,20.0459405570656,1,507.807
441,10000,"VI","mu_1",0,-9.0994804851822e-17,-19.6,19.6,1,1.32300000000004
441,10000,"VI","mu_2",5,0.893897497006149,0.859743866063683,0.928051127948614,0,1.32300000000004
441,10000,"VI","mu_3",10,8.06162564781799,8.03140657051312,8.09184472512285,0,1.32300000000004
441,10000,"VI","mu_4",20,20.0044957460401,19.9652949370677,20.0436965550125,1,1.32300000000004
