"sim_id","n","method","component","mu_true","estimate","lower","upper","covered","elapsed_seconds"
69,10000,"Gibbs","mu_1",0,0.00600542963128915,-0.0350197473159295,0.0460356065097995,1,528.521
69,10000,"Gibbs","mu_2",5,5.01517933327904,4.97247026125398,5.05746663179121,1,528.521
69,10000,"Gibbs","mu_3",10,10.0098074170656,9.97028688000418,10.0486248490076,1,528.521
69,10000,"Gibbs","mu_4",20,20.0027606209006,19.9641867675234,20.041944326681,1,528.521
69,10000,"VI","mu_1",0,0.00579430841368591,-0.0339866345286388,0.0455752513560106,1,0.419999999999959
69,10000,"VI","mu_2",5,5.015439994522,4.97642229436931,5.05445769467469,1,0.419999999999959
69,10000,"VI","mu_3",10,10.0099518998606,9.97116167854941,10.0487421211717,1,0.419999999999959
69,10000,"VI","mu_4",20,20.0029904240754,19.9637591049813,20.0422217431694,1,0.419999999999959
