"sim_id","n","method","component","mu_true","estimate","lower","upper","covered","elapsed_seconds"
229,10000,"Gibbs","mu_1",0,-0.011147185023636,-0.0517051664623673,0.0293973613295642,1,527.879
229,10000,"Gibbs","mu_2",5,4.98020131576593,4.93791078383976,5.02190060647978,1,527.879
229,10000,"Gibbs","mu_3",10,10.0425885977533,10.0014452843276,10.0830689151433,0,527.879
229,10000,"Gibbs","mu_4",20,19.9781570390915,19.9394181261029,20.0179715180465,1,527.879
229,10000,"VI","mu_1",0,-0.0112041184450514,-0.0503328548693302,0.0279246179792274,1,0.347999999999956
229,10000,"VI","mu_2",5,4.98014879092116,4.94113222392508,5.01916535791724,1,0.347999999999956
229,10000,"VI","mu_3",10,10.0426425040022,10.0033824141916,10.0819025938127,0,0.347999999999956
229,10000,"VI","mu_4",20,19.9778141119257,19.9384167092839,20.0172115145675,1,0.347999999999956
