"sim_id","n","method","component","mu_true","estimate","lower","upper","covered","elapsed_seconds"
384,10000,"Gibbs","mu_1",0,0.0192998744801972,-0.0206499207957958,0.0597596395327264,1,528.513
384,10000,"Gibbs","mu_2",5,5.01082165861928,4.96921936123174,5.05297196933131,1,528.513
384,10000,"Gibbs","mu_3",10,10.0041147394517,9.96389217717264,10.0434275548419,1,528.513
384,10000,"Gibbs","mu_4",20,20.0404713184678,20.0025734699445,20.07921043818,0,528.513
384,10000,"VI","mu_1",0,-3.0447405473668e-06,-19.5999944792052,19.5999883897241,1,0.463000000000079
384,10000,"VI","mu_2",5,-3.0447405473668e-06,-19.5999944792052,19.5999883897241,1,0.463000000000079
384,10000,"VI","mu_3",10,4.98646027271928,4.96374692520621,5.00917362023234,0,0.463000000000079
384,10000,"VI","mu_4",20,19.9936060319449,19.9548193147075,20.0323927491824,1,0.463000000000079
