"sim_id","n","method","component","mu_true","estimate","lower","upper","covered","elapsed_seconds"
264,10000,"Gibbs","mu_1",0,0.04613048048473,0.00603522902946757,0.0860172180653177,0,534.247
264,10000,"Gibbs","mu_2",5,5.00699064584619,4.96599041591879,5.04850128509422,1,534.247
264,10000,"Gibbs","mu_3",10,10.0028370452081,9.96221689505624,10.0428100190249,1,534.247
264,10000,"Gibbs","mu_4",20,19.982485404804,19.9428660019933,20.021840722762,1,534.247
264,10000,"VI","mu_1",0,-6.15258818728865e-16,-19.6,19.6,1,2.40099999999995
264,10000,"VI","mu_2",5,1.53165824435741,1.50030798991084,1.56300849880399,0,2.40099999999995
264,10000,"VI","mu_3",10,8.68139229347408,8.64868626807651,8.71409831887165,0,2.40099999999995
264,10000,"VI","mu_4",20,19.9824482048721,19.9432482860784,20.0216481236657,1,2.40099999999995
