"sim_id","n","method","component","mu_true","estimate","lower","upper","covered","elapsed_seconds"
118,10000,"Gibbs","mu_1",0,0.0192509519982998,-0.0204884341295073,0.0586035418739811,1,530.234
118,10000,"Gibbs","mu_2",5,5.02108066372733,4.97904169638585,5.06305594403693,1,530.234
118,10000,"Gibbs","mu_3",10,10.0071454168597,9.96491676518449,10.0487389148356,1,530.234
118,10000,"Gibbs","mu_4",20,20.0145931889397,19.9764436536992,20.053395181974,1,530.234
118,10000,"VI","mu_1",0,-1.4730994372855e-16,-19.6,19.6,1,1.83600000000001
118,10000,"VI","mu_2",5,1.04218039677931,1.00895924494234,1.07540154861628,0,1.83600000000001
118,10000,"VI","mu_3",10,8.29257298240571,8.26151733823447,8.32362862657695,0,1.83600000000001
118,10000,"VI","mu_4",20,20.0148254287477,19.9759047335402,20.0537461239552,1,1.83600000000001
