"sim_id","n","method","component","mu_true","estimate","lower","upper","covered","elapsed_seconds"
37,10000,"Gibbs","mu_1",0,0.0143128020819906,-0.0257718427141758,0.0542507515907553,1,525.661
37,10000,"Gibbs","mu_2",5,5.00127346889713,4.95901266298564,5.04353519703929,1,525.661
37,10000,"Gibbs","mu_3",10,10.0279056652366,9.9883330867437,10.0676234928295,1,525.661
37,10000,"Gibbs","mu_4",20,20.0178136366493,19.9780245616128,20.0570244135529,1,525.661
37,10000,"VI","mu_1",0,-6.95669946594702e-07,-19.5999983897787,19.5999969984388,1,0.520999999999958
37,10000,"VI","mu_2",5,-6.95669946594702e-07,-19.5999983897787,19.5999969984388,1,0.520999999999958
37,10000,"VI","mu_3",10,5.02854350071372,5.0059318934538,5.05115510797365,0,0.520999999999958
37,10000,"VI","mu_4",20,19.9595215815025,19.9202145138522,19.9988286491527,0,0.520999999999958
