"sim_id","n","method","component","mu_true","estimate","lower","upper","covered","elapsed_seconds"
465,10000,"Gibbs","mu_1",0,-0.0255591320978496,-0.0671303559408951,0.0167212343648677,1,528.206
465,10000,"Gibbs","mu_2",5,5.03580527049864,4.9950116612759,5.07670546680724,1,528.206
465,10000,"Gibbs","mu_3",10,10.0067192890715,9.9676247831421,10.0473020459369,1,528.206
465,10000,"Gibbs","mu_4",20,19.9681098286908,19.9290169337147,20.0069730464531,1,528.206
465,10000,"VI","mu_1",0,-2.55771793353824e-16,-19.6,19.6,1,2.35400000000004
465,10000,"VI","mu_2",5,1.16788251664462,1.13417777468361,1.20158725860563,0,2.35400000000004
465,10000,"VI","mu_3",10,8.33437139787207,8.30367646974215,8.36506632600198,0,2.35400000000004
465,10000,"VI","mu_4",20,19.9682836130055,19.9294012290901,20.0071659969209,1,2.35400000000004
