"sim_id","n","method","component","mu_true","estimate","lower","upper","covered","elapsed_seconds"
356,10000,"Gibbs","mu_1",0,-0.0166432981050391,-0.0575748270355057,0.0238080612873897,1,529.477
356,10000,"Gibbs","mu_2",5,5.03339089491027,4.99049416166888,5.07598820726378,1,529.477
356,10000,"Gibbs","mu_3",10,10.0009911782697,9.96114045871508,10.0419803419081,1,529.477
356,10000,"Gibbs","mu_4",20,20.0099596758547,19.9721295538572,20.0497016318134,1,529.477
356,10000,"VI","mu_1",0,-2.94341074346906e-16,-19.6,19.6,1,3.20299999999997
356,10000,"VI","mu_2",5,1.28032323879452,1.24740301029037,1.31324346729868,0,3.20299999999997
356,10000,"VI","mu_3",10,8.48022838008748,8.44871070203857,8.51174605813639,0,3.20299999999997
356,10000,"VI","mu_4",20,20.0100548189483,19.9715271179962,20.0485825199004,1,3.20299999999997
