"sim_id","n","method","component","mu_true","estimate","lower","upper","covered","elapsed_seconds"
209,10000,"Gibbs","mu_1",0,0.0066460441215557,-0.0337872063412193,0.0464702018854674,1,531.576
209,10000,"Gibbs","mu_2",5,4.98820406069696,4.94585796407821,5.03014271314215,1,531.576
209,10000,"Gibbs","mu_3",10,9.98049138688966,9.93980874092859,10.0220627345755,1,531.576
209,10000,"Gibbs","mu_4",20,19.967231726472,19.9275285820652,20.0069714187011,1,531.576
209,10000,"VI","mu_1",0,0.00652645866587233,-0.0324899864699227,0.0455429038016673,1,0.277000000000044
209,10000,"VI","mu_2",5,4.98772477730252,4.94866803350366,5.02678152110138,1,0.277000000000044
209,10000,"VI","mu_3",10,9.98043485332344,9.94133699040945,10.0195327162374,1,0.277000000000044
209,10000,"VI","mu_4",20,19.9674156325489,19.9277772657993,20.0070539992984,1,0.277000000000044
