"sim_id","n","method","component","mu_true","estimate","lower","upper","covered","elapsed_seconds"
16,10000,"Gibbs","mu_1",0,-0.0119847853101028,-0.0525590108266879,0.028954002803826,1,527.476
16,10000,"Gibbs","mu_2",5,5.01117247690669,4.96946259309264,5.05145636906881,1,527.476
16,10000,"Gibbs","mu_3",10,10.0200802844361,9.97975566646911,10.0601121554306,1,527.476
16,10000,"Gibbs","mu_4",20,19.9948788582354,19.9555957352683,20.0332721814163,1,527.476
16,10000,"VI","mu_1",0,-7.19558695583409e-16,-19.6,19.6,1,4.55000000000007
16,10000,"VI","mu_2",5,1.4928702394618,1.46109077820625,1.52464970071735,0,4.55000000000007
16,10000,"VI","mu_3",10,8.68964336425212,8.657268587826,8.72201814067824,0,4.55000000000007
16,10000,"VI","mu_4",20,19.99478083082,19.9558217106225,20.0337399510175,1,4.55000000000007
