"sim_id","n","method","component","mu_true","estimate","lower","upper","covered","elapsed_seconds"
380,10000,"Gibbs","mu_1",0,0.00417226189287976,-0.0366366330337816,0.0439580214440174,1,530.737
380,10000,"Gibbs","mu_2",5,4.96955948116474,4.9283028953018,5.01001380812472,1,530.737
380,10000,"Gibbs","mu_3",10,10.0292541163192,9.98828565828288,10.0706231713718,1,530.737
380,10000,"Gibbs","mu_4",20,19.9677252432888,19.9283869349114,20.0067233273218,1,530.737
380,10000,"VI","mu_1",0,-1.40781335150459e-06,-19.5999975729453,19.5999947573186,1,0.468999999999937
380,10000,"VI","mu_2",5,-1.40781335150459e-06,-19.5999975729453,19.5999947573186,1,0.468999999999937
380,10000,"VI","mu_3",10,4.90335691591388,4.88074372451871,4.92597010730906,0,0.468999999999937
380,10000,"VI","mu_4",20,19.896430009853,19.8571312603457,19.9357287593603,0,0.468999999999937
