"sim_id","n","method","component","mu_true","estimate","lower","upper","covered","elapsed_seconds"
245,10000,"Gibbs","mu_1",0,-0.0290143369881359,-0.0690686948331991,0.00985568187772965,1,534.901
245,10000,"Gibbs","mu_2",5,5.00880881295593,4.96675286332749,5.05212886424922,1,534.901
245,10000,"Gibbs","mu_3",10,9.97422528859808,9.93393615712878,10.0145204463964,1,534.901
245,10000,"Gibbs","mu_4",20,19.992815185818,19.9528670037517,20.0315000508462,1,534.901
245,10000,"VI","mu_1",0,-1.49107840786692e-06,-19.599997194216,19.5999942120591,1,0.500999999999976
245,10000,"VI","mu_2",5,-1.49107840786692e-06,-19.599997194216,19.5999942120591,1,0.500999999999976
245,10000,"VI","mu_3",10,4.94197879067226,4.91931052228687,4.96464705905765,0,0.500999999999976
245,10000,"VI","mu_4",20,19.9146389757816,19.8756251270492,19.953652824514,0,0.500999999999976
