"sim_id","n","method","component","mu_true","estimate","lower","upper","covered","elapsed_seconds"
428,10000,"Gibbs","mu_1",0,0.00622740565117444,-0.033940549403806,0.0473403197290643,1,533.364
428,10000,"Gibbs","mu_2",5,4.979755931984,4.93806670015694,5.02249283088327,1,533.364
428,10000,"Gibbs","mu_3",10,9.96853696717972,9.92795145794617,10.0084453321678,1,533.364
428,10000,"Gibbs","mu_4",20,20.0055622356809,19.9662233928136,20.0449488594495,1,533.364
428,10000,"VI","mu_1",0,0.00617160206657469,-0.0327788933688997,0.045122097502049,1,0.366999999999962
428,10000,"VI","mu_2",5,4.97963805079265,4.94030092495757,5.01897517662773,1,0.366999999999962
428,10000,"VI","mu_3",10,9.96802506652019,9.92870929337967,10.0073408396607,1,0.366999999999962
428,10000,"VI","mu_4",20,20.0052753589135,19.9660754373804,20.0444752804465,1,0.366999999999962
