"sim_id","n","method","component","mu_true","estimate","lower","upper","covered","elapsed_seconds"
480,10000,"Gibbs","mu_1",0,0.0168948837441773,-0.0235500267597078,0.0571777828653867,1,458.113
480,10000,"Gibbs","mu_2",5,4.98689235920918,4.94463114656578,5.02879626847709,1,458.113
480,10000,"Gibbs","mu_3",10,10.0005174118955,9.95917489576759,10.0417983778016,1,458.113
480,10000,"Gibbs","mu_4",20,20.0189424644224,19.9792687433971,20.0586867876609,1,458.113
480,10000,"VI","mu_1",0,0.0168987978794463,-0.0222198089698553,0.0560174047287479,1,0.331000000000017
480,10000,"VI","mu_2",5,4.98654025822824,4.94768206171243,5.02539845474404,1,0.331000000000017
480,10000,"VI","mu_3",10,10.0006166725971,9.96097369673152,10.0402596484626,1,0.331000000000017
480,10000,"VI","mu_4",20,20.0190703900678,19.9798783060755,20.0582624740601,1,0.331000000000017
