"sim_id","n","method","component","mu_true","estimate","lower","upper","covered","elapsed_seconds"
81,10000,"Gibbs","mu_1",0,-0.02809940998265,-0.0688489851020339,0.0137926441814902,1,531.089
81,10000,"Gibbs","mu_2",5,4.98770882556198,4.9453271739398,5.03098476857792,1,531.089
81,10000,"Gibbs","mu_3",10,9.99900518218437,9.95834477292354,10.0396378688403,1,531.089
81,10000,"Gibbs","mu_4",20,20.0181833324987,19.9797385092865,20.0575735015803,1,531.089
81,10000,"VI","mu_1",0,-1.25392584959275e-15,-19.6,19.6,1,2.61400000000003
81,10000,"VI","mu_2",5,1.62450689162589,1.59332199559807,1.65569178765371,0,2.61400000000003
81,10000,"VI","mu_3",10,8.82553574124465,8.7925644190773,8.858507063412,0,2.61400000000003
81,10000,"VI","mu_4",20,20.0180741968303,19.9789991171484,20.0571492765121,1,2.61400000000003
