"sim_id","n","method","component","mu_true","estimate","lower","upper","covered","elapsed_seconds"
1,10000,"Gibbs","mu_1",0,0.0173814168065792,-0.0232851092315972,0.0580659757540571,1,471.108
1,10000,"Gibbs","mu_2",5,4.9930597378536,4.95124332865463,5.03503978643171,1,471.108
1,10000,"Gibbs","mu_3",10,10.0123985697735,9.97213815479563,10.0534399278347,1,471.108
1,10000,"Gibbs","mu_4",20,19.9728716349805,19.9344395056616,20.0119392108636,1,471.108
1,10000,"VI","mu_1",0,0.0178367551874076,-0.0213242241918752,0.0569977345666904,1,0.285000000000025
1,10000,"VI","mu_2",5,4.99356485670501,4.95422458969962,5.03290512371041,1,0.285000000000025
1,10000,"VI","mu_3",10,10.0124548814842,9.97323009195085,10.0516796710176,1,0.285000000000025
1,10000,"VI","mu_4",20,19.9726614622664,19.9335863809958,20.0117365435369,1,0.285000000000025
