"sim_id","n","method","component","mu_true","estimate","lower","upper","covered","elapsed_seconds"
139,10000,"Gibbs","mu_1",0,0.0141427551214813,-0.0278515349186009,0.0541638131188045,1,529.212
139,10000,"Gibbs","mu_2",5,5.00072623397655,4.95848650909402,5.04252460270104,1,529.212
139,10000,"Gibbs","mu_3",10,10.0043606748335,9.96354742901515,10.0461007772783,1,529.212
139,10000,"Gibbs","mu_4",20,20.0261871113631,19.9870279567895,20.0664636786486,1,529.212
139,10000,"VI","mu_1",0,0.0137893178894701,-0.0253696876527061,0.0529483234316463,1,0.323999999999955
139,10000,"VI","mu_2",5,5.00079580216233,4.96181747359747,5.03977413072719,1,0.323999999999955
139,10000,"VI","mu_3",10,10.0044341826446,9.96491095874599,10.0439574065431,1,0.323999999999955
139,10000,"VI","mu_4",20,20.0262692131599,19.9871240562784,20.0654143700414,1,0.323999999999955
