"sim_id","n","method","component","mu_true","estimate","lower","upper","covered","elapsed_seconds"
444,10000,"Gibbs","mu_1",0,-0.00262250782888224,-0.0435220091548692,0.0383833078553815,1,509.338
444,10000,"Gibbs","mu_2",5,4.96874364820381,4.92767460232715,5.01023810182974,1,509.338
444,10000,"Gibbs","mu_3",10,10.0199784480297,9.97977721934274,10.0596077308242,1,509.338
444,10000,"Gibbs","mu_4",20,20.0117184773057,19.9723119293013,20.0506825502714,1,509.338
444,10000,"VI","mu_1",0,-9.34038179503947e-16,-19.6,19.6,1,2.88800000000003
444,10000,"VI","mu_2",5,1.61327520324452,1.58246809251732,1.64408231397173,0,2.88800000000003
444,10000,"VI","mu_3",10,8.84825317227825,8.81511982341669,8.88138652113981,0,2.88800000000003
444,10000,"VI","mu_4",20,20.0117557194517,19.9721820417927,20.0513293971106,1,2.88800000000003
