"sim_id","n","method","component","mu_true","estimate","lower","upper","covered","elapsed_seconds"
53,10000,"Gibbs","mu_1",0,0.0228772188782857,-0.0172275826218712,0.0631824084449062,1,533.191
53,10000,"Gibbs","mu_2",5,4.98684114254588,4.94572103611568,5.02853219979398,1,533.191
53,10000,"Gibbs","mu_3",10,9.97665175419852,9.93572525136948,10.0165270098571,1,533.191
53,10000,"Gibbs","mu_4",20,19.9826391916245,19.9427610971573,20.0220950504986,1,533.191
53,10000,"VI","mu_1",0,-5.10180571097031e-16,-19.6,19.6,1,2.74800000000005
53,10000,"VI","mu_2",5,1.44178095911922,1.41009305788312,1.47346886035531,0,2.74800000000005
53,10000,"VI","mu_3",10,8.5626552170741,8.53058947090631,8.5947209632419,0,2.74800000000005
53,10000,"VI","mu_4",20,19.9826450618273,19.9429498311813,20.0223402924732,1,2.74800000000005
