"sim_id","n","method","component","mu_true","estimate","lower","upper","covered","elapsed_seconds"
200,10000,"Gibbs","mu_1",0,0.00215048974084834,-0.0373018883082244,0.0428137333922734,1,529.595
200,10000,"Gibbs","mu_2",5,5.00563803700559,4.96384879707675,5.04832835295537,1,529.595
200,10000,"Gibbs","mu_3",10,10.0042506919449,9.96396349070683,10.0440099698594,1,529.595
200,10000,"Gibbs","mu_4",20,20.0004721444264,19.9610016683307,20.0396263442967,1,529.595
200,10000,"VI","mu_1",0,0.00200800742548055,-0.0372960932620721,0.0413121081130332,1,0.301999999999907
200,10000,"VI","mu_2",5,5.00586050446366,4.96669529748754,5.04502571143979,1,0.301999999999907
200,10000,"VI","mu_3",10,10.0042637511829,9.96549412182626,10.0430333805396,1,0.301999999999907
200,10000,"VI","mu_4",20,20.000586224797,19.9610125471103,20.0401599024836,1,0.301999999999907
