"sim_id","n","method","component","mu_true","estimate","lower","upper","covered","elapsed_seconds"
355,10000,"Gibbs","mu_1",0,0.0259152738529911,-0.0162862166131367,0.0669735191775971,1,524.423
355,10000,"Gibbs","mu_2",5,5.02706244941248,4.98461302570156,5.06974297530202,1,524.423
355,10000,"Gibbs","mu_3",10,9.98939971612055,9.94937393446709,10.0294481640308,1,524.423
355,10000,"Gibbs","mu_4",20,20.0139206219138,19.9765918009943,20.051514536717,1,524.423
355,10000,"VI","mu_1",0,-3.56449833775349e-06,-19.5999932844575,19.5999861554608,1,0.43100000000004
355,10000,"VI","mu_2",5,-3.56449833775349e-06,-19.5999932844575,19.5999861554608,1,0.43100000000004
355,10000,"VI","mu_3",10,5.03585477171174,5.01305266720207,5.05865687622142,0,0.43100000000004
355,10000,"VI","mu_4",20,19.9704611650504,19.9321065275057,20.0088158025951,1,0.43100000000004
