"sim_id","n","method","component","mu_true","estimate","lower","upper","covered","elapsed_seconds"
243,10000,"Gibbs","mu_1",0,-0.0106906309670057,-0.0499083621333773,0.030191598626968,1,529.235
243,10000,"Gibbs","mu_2",5,4.99104093417016,4.94983804295789,5.03261926876324,1,529.235
243,10000,"Gibbs","mu_3",10,10.0322192919501,9.99237013455817,10.0732537008376,1,529.235
243,10000,"Gibbs","mu_4",20,20.002774243289,19.9641090711777,20.042236763498,1,529.235
243,10000,"VI","mu_1",0,-3.38458409990204e-16,-19.6,19.6,1,3.16800000000001
243,10000,"VI","mu_2",5,1.31349637162062,1.28128149642621,1.34571124681502,0,3.16800000000001
243,10000,"VI","mu_3",10,8.47180845096602,8.44008948687973,8.50352741505232,0,3.16800000000001
243,10000,"VI","mu_4",20,20.0028137640414,19.9634561026906,20.0421714253923,1,3.16800000000001
