"sim_id","n","method","component","mu_true","estimate","lower","upper","covered","elapsed_seconds"
144,10000,"Gibbs","mu_1",0,-0.00491249990194967,-0.0444801799683467,0.0352245192108708,1,527.426
144,10000,"Gibbs","mu_2",5,5.01614764797743,4.97449292791847,5.0572768222939,1,527.426
144,10000,"Gibbs","mu_3",10,9.99937567635748,9.95725136736533,10.0416023291304,1,527.426
144,10000,"Gibbs","mu_4",20,20.0299319115201,19.9907718826888,20.0690913864278,1,527.426
144,10000,"VI","mu_1",0,-1.18117249065505e-16,-19.6,19.6,1,2.18700000000001
144,10000,"VI","mu_2",5,0.970333669773065,0.936671578291146,1.00399576125498,0,2.18700000000001
144,10000,"VI","mu_3",10,8.12681713055651,8.09626234572474,8.15737191538827,0,2.18700000000001
144,10000,"VI","mu_4",20,20.0276172085849,19.9883775323373,20.0668568848325,1,2.18700000000001
