"sim_id","n","method","component","mu_true","estimate","lower","upper","covered","elapsed_seconds"
345,10000,"Gibbs","mu_1",0,-0.0228291350711227,-0.0628506564244296,0.0183233392081145,1,513.011
345,10000,"Gibbs","mu_2",5,5.03185410169666,4.99008343450109,5.07424406494353,1,513.011
345,10000,"Gibbs","mu_3",10,10.0052898665013,9.96448646554792,10.045881215137,1,513.011
345,10000,"Gibbs","mu_4",20,19.9999824745823,19.9613996712786,20.0392148902346,1,513.011
345,10000,"VI","mu_1",0,0.627879479349651,0.592362038430681,0.663396920268622,0,1.06000000000006
345,10000,"VI","mu_2",5,7.93293676847796,7.89127111588449,7.97460242107143,0,1.06000000000006
345,10000,"VI","mu_3",10,7.93293676847796,7.89127111588449,7.97460242107143,0,1.06000000000006
345,10000,"VI","mu_4",20,20.0002101967183,19.9612356770229,20.0391847164137,1,1.06000000000006
