"sim_id","n","method","component","mu_true","estimate","lower","upper","covered","elapsed_seconds"
278,10000,"Gibbs","mu_1",0,-0.0262018620923116,-0.0663752134565534,0.0149250618208406,1,533.191
278,10000,"Gibbs","mu_2",5,5.00788389881288,4.96550099722824,5.04965540869424,1,533.191
278,10000,"Gibbs","mu_3",10,10.0008959710601,9.9607148200797,10.0422118484558,1,533.191
278,10000,"Gibbs","mu_4",20,19.977194242575,19.9382854662264,20.0160802052013,1,533.191
278,10000,"VI","mu_1",0,-1.6616119456549e-16,-19.6,19.6,1,2.36799999999994
278,10000,"VI","mu_2",5,1.00928855621383,0.975531115457616,1.04304599697004,0,2.36799999999994
278,10000,"VI","mu_3",10,8.23318838377646,8.2027820636632,8.26359470388972,0,2.36799999999994
278,10000,"VI","mu_4",20,19.9750512081068,19.9356440951799,20.0144583210337,1,2.36799999999994
