"sim_id","n","method","component","mu_true","estimate","lower","upper","covered","elapsed_seconds"
406,10000,"Gibbs","mu_1",0,0.0497337268849675,0.0100758456734326,0.0893906193892563,0,508.493
406,10000,"Gibbs","mu_2",5,4.99280780433296,4.95004469658891,5.03488555420477,1,508.493
406,10000,"Gibbs","mu_3",10,9.99738358559845,9.9558797144626,10.0381866237355,1,508.493
406,10000,"Gibbs","mu_4",20,19.9685932892804,19.9298046657249,20.0085944690088,1,508.493
406,10000,"VI","mu_1",0,-5.07883914241419e-16,-19.6,19.6,1,5.38299999999998
406,10000,"VI","mu_2",5,1.47098198781894,1.43937977911493,1.50258419652295,0,5.38299999999998
406,10000,"VI","mu_3",10,8.60230662633567,8.56979500391797,8.63481824875337,0,5.38299999999998
406,10000,"VI","mu_4",20,19.9687746399456,19.9297228337425,20.0078264461486,1,5.38299999999998
