"sim_id","n","method","component","mu_true","estimate","lower","upper","covered","elapsed_seconds"
425,10000,"Gibbs","mu_1",0,0.00815680751225119,-0.0321358631134723,0.0486174970905357,1,534.891
425,10000,"Gibbs","mu_2",5,4.97394860425755,4.93171189825707,5.01612503666289,1,534.891
425,10000,"Gibbs","mu_3",10,10.0079988521137,9.96837148929265,10.047657708215,1,534.891
425,10000,"Gibbs","mu_4",20,19.9882993196634,19.9479269274688,20.0282250026284,1,534.891
425,10000,"VI","mu_1",0,0.0082183053651323,-0.030638990872709,0.0470756016029736,1,0.302999999999997
425,10000,"VI","mu_2",5,4.97417976232317,4.93471765305401,5.01364187159234,1,0.302999999999997
425,10000,"VI","mu_3",10,10.0078473239811,9.96907789266913,10.0466167552931,1,0.302999999999997
425,10000,"VI","mu_4",20,19.9883326264393,19.9485966285073,20.0280686243713,1,0.302999999999997
