"sim_id","n","method","component","mu_true","estimate","lower","upper","covered","elapsed_seconds"
36,10000,"Gibbs","mu_1",0,-0.0205300735411239,-0.0605770528362073,0.018678522909388,1,525.644
36,10000,"Gibbs","mu_2",5,4.99031188402181,4.94854205066282,5.03167688186821,1,525.644
36,10000,"Gibbs","mu_3",10,10.0456547812279,10.0049067261757,10.0856155785149,0,525.644
36,10000,"Gibbs","mu_4",20,19.9743150582327,19.9345461596123,20.0138383677971,1,525.644
36,10000,"VI","mu_1",0,-1.00773323337918e-06,-19.5999978878184,19.599995872352,1,0.521000000000072
36,10000,"VI","mu_2",5,-1.00773323337918e-06,-19.5999978878184,19.599995872352,1,0.521000000000072
36,10000,"VI","mu_3",10,4.95218439779021,4.92962238262096,4.97474641295946,0,0.521000000000072
36,10000,"VI","mu_4",20,19.9171463588862,19.8775752820499,19.9567174357226,0,0.521000000000072
