"sim_id","n","method","component","mu_true","estimate","lower","upper","covered","elapsed_seconds"
164,10000,"Gibbs","mu_1",0,0.0162012314847545,-0.0241070419774421,0.0577037771804133,1,530.453
164,10000,"Gibbs","mu_2",5,4.99696992742687,4.95495700708244,5.03919604941839,1,530.453
164,10000,"Gibbs","mu_3",10,10.0108077576895,9.9698390087584,10.0518088075167,1,530.453
164,10000,"Gibbs","mu_4",20,20.0110249923959,19.9711908891769,20.0501221877667,1,530.453
164,10000,"VI","mu_1",0,-5.8036760132449e-16,-19.6,19.6,1,4.75199999999995
164,10000,"VI","mu_2",5,1.50750659514265,1.47592447703409,1.5390887132512,0,4.75199999999995
164,10000,"VI","mu_3",10,8.72513913573188,8.69269041606923,8.75758785539452,0,4.75199999999995
164,10000,"VI","mu_4",20,20.0110254726054,19.971825551028,20.0502253941828,1,4.75199999999995
