"sim_id","n","method","component","mu_true","estimate","lower","upper","covered","elapsed_seconds"
130,10000,"Gibbs","mu_1",0,0.0338131992849499,-0.00677504198178466,0.0741262909315844,1,530.851
130,10000,"Gibbs","mu_2",5,4.99668461322923,4.9549479471457,5.03766485489478,1,530.851
130,10000,"Gibbs","mu_3",10,9.99498682439924,9.95551239704957,10.0356200565054,1,530.851
130,10000,"Gibbs","mu_4",20,19.9908827643919,19.9507937208769,20.0311179355213,1,530.851
130,10000,"VI","mu_1",0,-3.17620965449272e-16,-19.6,19.6,1,1.73199999999997
130,10000,"VI","mu_2",5,1.31485241251777,1.28272198561982,1.34698283941572,0,1.73199999999997
130,10000,"VI","mu_3",10,8.47233956658491,8.44081613980285,8.50386299336698,0,1.73199999999997
130,10000,"VI","mu_4",20,19.9907634231069,19.9508630943917,20.0306637518221,1,1.73199999999997
