"sim_id","n","method","component","mu_true","estimate","lower","upper","covered","elapsed_seconds"
446,10000,"Gibbs","mu_1",0,0.023474886466707,-0.0175655685046377,0.064366621342924,1,511.673
446,10000,"Gibbs","mu_2",5,4.9511620795017,4.90856529296755,4.99315395798309,0,511.673
446,10000,"Gibbs","mu_3",10,9.99598830906964,9.95575523049953,10.034798694938,1,511.673
446,10000,"Gibbs","mu_4",20,19.9883106574852,19.9491166203523,20.0273702674619,1,511.673
446,10000,"VI","mu_1",0,-1.3003087624453e-15,-19.6,19.6,1,2.02699999999993
446,10000,"VI","mu_2",5,1.71659109854205,1.68590988434121,1.7472723127429,0,2.02699999999993
446,10000,"VI","mu_3",10,8.94911084695381,8.91546750315243,8.98275419075519,0,2.02699999999993
446,10000,"VI","mu_4",20,19.9882623522478,19.9492569719695,20.027267732526,1,2.02699999999993
