"sim_id","n","method","component","mu_true","estimate","lower","upper","covered","elapsed_seconds"
274,10000,"Gibbs","mu_1",0,0.0379912781343443,-0.00281208766440536,0.0783993367753292,1,528.096
274,10000,"Gibbs","mu_2",5,4.99909016488325,4.9588739390735,5.03983230830303,1,528.096
274,10000,"Gibbs","mu_3",10,10.035597180383,9.99447045307485,10.0770716293644,1,528.096
274,10000,"Gibbs","mu_4",20,19.9941027928312,19.9556498570208,20.0334197697565,1,528.096
274,10000,"VI","mu_1",0,-4.65563859063762e-07,-19.5999989151507,19.599997984023,1,0.475000000000023
274,10000,"VI","mu_2",5,-4.65563859063762e-07,-19.5999989151507,19.599997984023,1,0.475000000000023
274,10000,"VI","mu_3",10,4.97821558710201,4.95552981819291,5.00090135601111,0,0.475000000000023
274,10000,"VI","mu_4",20,19.949789505838,19.9108644677018,19.9887145439743,0,0.475000000000023
