"sim_id","n","method","component","mu_true","estimate","lower","upper","covered","elapsed_seconds"
25,10000,"Gibbs","mu_1",0,-0.00664925103312844,-0.0472515704666781,0.0332287862891847,1,525.903
25,10000,"Gibbs","mu_2",5,4.98794936690592,4.94542952896991,5.02874950755682,1,525.903
25,10000,"Gibbs","mu_3",10,10.0157235040462,9.97511002979869,10.0565005729185,1,525.903
25,10000,"Gibbs","mu_4",20,20.0428944933613,20.0038110095657,20.0819160495886,0,525.903
25,10000,"VI","mu_1",0,-1.3224914584396e-06,-19.5999972993998,19.5999946544169,1,0.453999999999951
25,10000,"VI","mu_2",5,-1.3224914584396e-06,-19.5999972993998,19.5999946544169,1,0.453999999999951
25,10000,"VI","mu_3",10,5.0196786196467,4.99689929465355,5.04245794463985,0,0.453999999999951
25,10000,"VI","mu_4",20,19.9963496145016,19.9578859400748,20.0348132889284,1,0.453999999999951
