"sim_id","n","method","component","mu_true","estimate","lower","upper","covered","elapsed_seconds"
329,10000,"Gibbs","mu_1",0,-0.014597621298654,-0.0547125179662261,0.0262406671498296,1,512.253
329,10000,"Gibbs","mu_2",5,4.9889930808527,4.94649113586298,5.03087182463614,1,512.253
329,10000,"Gibbs","mu_3",10,10.0402593333824,10.0005461972629,10.078864866912,0,512.253
329,10000,"Gibbs","mu_4",20,19.996478809478,19.9569337480579,20.0374771489035,1,512.253
329,10000,"VI","mu_1",0,-8.46147151962571e-07,-19.5999980951028,19.5999964028085,1,0.519000000000005
329,10000,"VI","mu_2",5,-8.46147151962571e-07,-19.5999980951028,19.5999964028085,1,0.519000000000005
329,10000,"VI","mu_3",10,5.02000414907651,4.99737946597385,5.04262883217916,0,0.519000000000005
329,10000,"VI","mu_4",20,19.9325888700339,19.8933502526507,19.971827487417,0,0.519000000000005
