"sim_id","n","method","component","mu_true","estimate","lower","upper","covered","elapsed_seconds"
44,10000,"Gibbs","mu_1",0,-0.0160132264620541,-0.0561522526148019,0.0241638534397596,1,532.218
44,10000,"Gibbs","mu_2",5,5.01709056386887,4.97590494306295,5.05928553431204,1,532.218
44,10000,"Gibbs","mu_3",10,10.0270837177673,9.98617928563367,10.067271254544,1,532.218
44,10000,"Gibbs","mu_4",20,19.9538866705486,19.9138768436901,19.9929576578001,0,532.218
44,10000,"VI","mu_1",0,-0.0163344264506912,-0.0555824411656211,0.0229135882642386,1,0.391000000000076
44,10000,"VI","mu_2",5,5.01746949738019,4.978580356473,5.05635863828738,1,0.391000000000076
44,10000,"VI","mu_3",10,10.0272815885752,9.98776430311969,10.0667988740307,1,0.391000000000076
44,10000,"VI","mu_4",20,19.953999824948,19.9148468585586,19.9931527913375,0,0.391000000000076
