"sim_id","n","method","component","mu_true","estimate","lower","upper","covered","elapsed_seconds"
330,10000,"Gibbs","mu_1",0,-0.0101811843759567,-0.0510356672339978,0.0289382598729996,1,512.405
330,10000,"Gibbs","mu_2",5,5.0254834447034,4.98291261835052,5.06750061189801,1,512.405
330,10000,"Gibbs","mu_3",10,10.0344579898438,9.99387205347855,10.0751428303021,1,512.405
330,10000,"Gibbs","mu_4",20,19.946798377952,19.9074652131923,19.9855097157156,0,512.405
330,10000,"VI","mu_1",0,-5.27007669496153e-07,-19.5999987854443,19.599997731429,1,0.561000000000035
330,10000,"VI","mu_2",5,-5.27007669496153e-07,-19.5999987854443,19.599997731429,1,0.561000000000035
330,10000,"VI","mu_3",10,4.95269546120238,4.93003894734217,4.9753519750626,0,0.561000000000035
330,10000,"VI","mu_4",20,19.8849822926966,19.8459083339067,19.9240562514864,0,0.561000000000035
