"sim_id","n","method","component","mu_true","estimate","lower","upper","covered","elapsed_seconds"
312,10000,"Gibbs","mu_1",0,-0.0390786879052383,-0.0790534483699104,0.000816764244321094,1,530.11
312,10000,"Gibbs","mu_2",5,4.9910738892985,4.94852085016505,5.03362622472457,1,530.11
312,10000,"Gibbs","mu_3",10,10.0227503237133,9.98083074306665,10.0644274261261,1,530.11
312,10000,"Gibbs","mu_4",20,20.0012279430866,19.9629033151188,20.0398732476475,1,530.11
312,10000,"VI","mu_1",0,-0.0388648353475921,-0.0776336177026268,-9.60529925574452e-05,0,0.462000000000103
312,10000,"VI","mu_2",5,4.99134759381416,4.95175889306515,5.03093629456318,1,0.462000000000103
312,10000,"VI","mu_3",10,10.0231540574384,9.98342579909496,10.0628823157819,1,0.462000000000103
312,10000,"VI","mu_4",20,20.0010984084236,19.9623530145748,20.0398438022724,1,0.462000000000103
