"sim_id","n","method","component","mu_true","estimate","lower","upper","covered","elapsed_seconds"
171,10000,"Gibbs","mu_1",0,0.0342216991960792,-0.00491145410154253,0.0735139567840294,1,510.881
171,10000,"Gibbs","mu_2",5,5.00214398674492,4.95879158618827,5.04392732170388,1,510.881
171,10000,"Gibbs","mu_3",10,10.0151233344425,9.9754519536453,10.0563631212848,1,510.881
171,10000,"Gibbs","mu_4",20,19.9991951002332,19.9599387949656,20.0393167342911,1,510.881
171,10000,"VI","mu_1",0,-2.07210467429067e-06,-19.5999965677703,19.599992423561,1,0.428999999999974
171,10000,"VI","mu_2",5,-2.07210467429067e-06,-19.5999965677703,19.599992423561,1,0.428999999999974
171,10000,"VI","mu_3",10,4.9046305575491,4.88198337920049,4.9272777358977,0,0.428999999999974
171,10000,"VI","mu_4",20,19.9500787243617,19.910956760252,19.9892006884714,0,0.428999999999974
