"sim_id","n","method","component","mu_true","estimate","lower","upper","covered","elapsed_seconds"
338,10000,"Gibbs","mu_1",0,-0.0271499869736975,-0.0676995844203569,0.0125128918003068,1,507.981
338,10000,"Gibbs","mu_2",5,4.9786051382115,4.93559202111227,5.02047785064995,1,507.981
338,10000,"Gibbs","mu_3",10,9.98509491841006,9.94436404120612,10.0253462682765,1,507.981
338,10000,"Gibbs","mu_4",20,19.9964420770562,19.9566621732676,20.0361496401892,1,507.981
338,10000,"VI","mu_1",0,-3.94457303893435e-16,-19.6,19.6,1,3.55800000000005
338,10000,"VI","mu_2",5,1.34559859547097,1.31345933459167,1.37773785635028,0,3.55800000000005
338,10000,"VI","mu_3",10,8.55262461086247,8.5206685988727,8.58458062285223,0,3.55800000000005
338,10000,"VI","mu_4",20,19.9964936033488,19.9574418022013,20.0355454044964,1,3.55800000000005
