"sim_id","n","method","component","mu_true","estimate","lower","upper","covered","elapsed_seconds"
347,10000,"Gibbs","mu_1",0,-0.0110259057038048,-0.051671508705985,0.0297903202808328,1,512.513
347,10000,"Gibbs","mu_2",5,4.98019874738418,4.93957250120657,5.02086969723741,1,512.513
347,10000,"Gibbs","mu_3",10,9.99271029480256,9.95268863133657,10.0338207795261,1,512.513
347,10000,"Gibbs","mu_4",20,19.9811117613647,19.9415871041661,20.0195220974028,1,512.513
347,10000,"VI","mu_1",0,-6.6499292505479e-07,-19.599998519486,19.5999971895001,1,0.409999999999968
347,10000,"VI","mu_2",5,-6.6499292505479e-07,-19.599998519486,19.5999971895001,1,0.409999999999968
347,10000,"VI","mu_3",10,5.00993305143074,4.98727626670127,5.03258983616021,0,0.409999999999968
347,10000,"VI","mu_4",20,19.9371590570962,19.8980864876566,19.9762316265358,0,0.409999999999968
