"sim_id","n","method","component","mu_true","estimate","lower","upper","covered","elapsed_seconds"
358,10000,"Gibbs","mu_1",0,0.0319457478758184,-0.00812559353723933,0.0730174109971865,1,530.107
358,10000,"Gibbs","mu_2",5,4.98904308058982,4.94633867306118,5.03028585199957,1,530.107
358,10000,"Gibbs","mu_3",10,9.99445729120995,9.95338161435422,10.0347272272324,1,530.107
358,10000,"Gibbs","mu_4",20,19.9693145063781,19.9295175906835,20.0086664617633,1,530.107
358,10000,"VI","mu_1",0,-4.88832160874919e-16,-19.6,19.6,1,2.29100000000005
358,10000,"VI","mu_2",5,1.45120400015473,1.41951548155248,1.48289251875698,0,2.29100000000005
358,10000,"VI","mu_3",10,8.58479463235482,8.55260435848851,8.61698490622112,0,2.29100000000005
358,10000,"VI","mu_4",20,19.9693492414314,19.9298880116454,20.0088104712175,1,2.29100000000005
