"sim_id","n","method","component","mu_true","estimate","lower","upper","covered","elapsed_seconds"
99,10000,"Gibbs","mu_1",0,0.00854268782598673,-0.0310387456571682,0.0476291373420914,1,530.757
99,10000,"Gibbs","mu_2",5,4.96554691518273,4.92278862099784,5.00695684546545,1,530.757
99,10000,"Gibbs","mu_3",10,10.0261085371005,9.98463292712488,10.0675101150456,1,530.757
99,10000,"Gibbs","mu_4",20,19.9672691719656,19.9272102091539,20.0070485015871,1,530.757
99,10000,"VI","mu_1",0,0.0082672602859558,-0.0303223440069012,0.0468568645788128,1,0.459999999999923
99,10000,"VI","mu_2",5,4.96575843168487,4.92670829347955,5.00480856989019,1,0.459999999999923
99,10000,"VI","mu_3",10,10.0265394516917,9.9870548579474,10.0660240454359,1,0.459999999999923
99,10000,"VI","mu_4",20,19.9672429579479,19.9275395831036,20.0069463327922,1,0.459999999999923
