"sim_id","n","method","component","mu_true","estimate","lower","upper","covered","elapsed_seconds"
402,10000,"Gibbs","mu_1",0,-0.00797280545118671,-0.0481794233690165,0.0327775628704649,1,530.337
402,10000,"Gibbs","mu_2",5,5.0020805141118,4.95922744393178,5.0442398382213,1,530.337
402,10000,"Gibbs","mu_3",10,9.98360230816698,9.94106096618862,10.0252031749906,1,530.337
402,10000,"Gibbs","mu_4",20,20.0262701784696,19.9871772769431,20.0661865688457,1,530.337
402,10000,"VI","mu_1",0,-2.00423237400104e-16,-19.6,19.6,1,1.85199999999998
402,10000,"VI","mu_2",5,1.12818954223511,1.09494323866403,1.16143584580618,0,1.85199999999998
402,10000,"VI","mu_3",10,8.29092725988587,8.25995804138292,8.32189647838883,0,1.85199999999998
402,10000,"VI","mu_4",20,20.0265141809525,19.9874623897965,20.0655659721085,1,1.85199999999998
