"sim_id","n","method","component","mu_true","estimate","lower","upper","covered","elapsed_seconds"
287,10000,"Gibbs","mu_1",0,-0.0126142769237414,-0.0528197054007334,0.0276687959742937,1,531.384
287,10000,"Gibbs","mu_2",5,5.03973831756999,4.99786739327535,5.08241089721833,1,531.384
287,10000,"Gibbs","mu_3",10,9.97255404945859,9.93280390215396,10.0125129839052,1,531.384
287,10000,"Gibbs","mu_4",20,20.0327732025431,19.9930717857095,20.072378240392,1,531.384
287,10000,"VI","mu_1",0,-3.6262777139244e-06,-19.5999934326991,19.5999861801437,1,0.475000000000023
287,10000,"VI","mu_2",5,-3.6262777139244e-06,-19.5999934326991,19.5999861801437,1,0.475000000000023
287,10000,"VI","mu_3",10,4.97750517693767,4.95491345364073,5.0000969002346,0,0.475000000000023
287,10000,"VI","mu_4",20,19.9789096978737,19.9394976200493,20.0183217756981,1,0.475000000000023
