"sim_id","n","method","component","mu_true","estimate","lower","upper","covered","elapsed_seconds"
500,10000,"Gibbs","mu_1",0,-0.0025920140741104,-0.0433658855251685,0.0373733205137553,1,464.795
500,10000,"Gibbs","mu_2",5,4.97686342331117,4.9356045895275,5.01893784942933,1,464.795
500,10000,"Gibbs","mu_3",10,9.97048523232718,9.92973339300587,10.0116899406137,1,464.795
500,10000,"Gibbs","mu_4",20,19.9874001959967,19.9488558625378,20.0262762264937,1,464.795
500,10000,"VI","mu_1",0,-5.30068581452471e-16,-19.6,19.6,1,2.44099999999997
500,10000,"VI","mu_2",5,1.46268829508716,1.43084162816053,1.49453496201379,0,2.44099999999997
500,10000,"VI","mu_3",10,8.5695189355396,8.53708675723537,8.60195111384382,0,2.44099999999997
500,10000,"VI","mu_4",20,19.9873661583252,19.9486283326919,20.0261039839584,1,2.44099999999997
