"sim_id","n","method","component","mu_true","estimate","lower","upper","covered","elapsed_seconds"
320,10000,"Gibbs","mu_1",0,-0.0205663202818843,-0.0614318328441975,0.020404886424465,1,510.249
320,10000,"Gibbs","mu_2",5,4.9776830286646,4.93517114459485,5.0203176226186,1,510.249
320,10000,"Gibbs","mu_3",10,9.99266318556511,9.95300953173544,10.0332068176753,1,510.249
320,10000,"Gibbs","mu_4",20,20.0275226487076,19.9890964355119,20.0653878160681,1,510.249
320,10000,"VI","mu_1",0,-0.0205811547128761,-0.0603877023296052,0.019225392903853,1,0.387999999999977
320,10000,"VI","mu_2",5,4.97769684142976,4.93843956127906,5.01695412158046,1,0.387999999999977
320,10000,"VI","mu_3",10,9.99240709163972,9.95328468540738,10.0315294978721,1,0.387999999999977
320,10000,"VI","mu_4",20,20.0272691281543,19.9886292868428,20.0659089694659,1,0.387999999999977
