"sim_id","n","method","component","mu_true","estimate","lower","upper","covered","elapsed_seconds"
395,10000,"Gibbs","mu_1",0,-0.0274225500698055,-0.0683929535081179,0.0129214486454616,1,519.612
395,10000,"Gibbs","mu_2",5,4.97190775597483,4.93000237971965,5.01343637172427,1,519.612
395,10000,"Gibbs","mu_3",10,9.9949151378364,9.95421699305162,10.0359233743956,1,519.612
395,10000,"Gibbs","mu_4",20,19.9917256046508,19.9514240311908,20.0313674792461,1,519.612
395,10000,"VI","mu_1",0,-0.0272428106436299,-0.0667465562907855,0.0122609350035256,1,0.436000000000035
395,10000,"VI","mu_2",5,4.97182183153046,4.93298976903064,5.01065389403027,1,0.436000000000035
395,10000,"VI","mu_3",10,9.99497607066486,9.95581308136415,10.0341390599656,1,0.436000000000035
395,10000,"VI","mu_4",20,19.991741995625,19.9524318515324,20.0310521397175,1,0.436000000000035
