"sim_id","n","method","component","mu_true","estimate","lower","upper","covered","elapsed_seconds"
267,10000,"Gibbs","mu_1",0,-0.0103584727961794,-0.0500606474708391,0.0302302698547245,1,532.138
267,10000,"Gibbs","mu_2",5,4.97405442122399,4.93182464787719,5.01678196084015,1,532.138
267,10000,"Gibbs","mu_3",10,10.0292451626425,9.98854729545329,10.0708131486424,1,532.138
267,10000,"Gibbs","mu_4",20,19.9699106122622,19.9303658277397,20.0088420467766,1,532.138
267,10000,"VI","mu_1",0,-3.93644991637821e-16,-19.6,19.6,1,3.13900000000001
267,10000,"VI","mu_2",5,1.3152371947551,1.28335670941468,1.34711768009552,0,3.13900000000001
267,10000,"VI","mu_3",10,8.53746473533994,8.50532613886966,8.56960333181021,0,3.13900000000001
267,10000,"VI","mu_4",20,19.9700247313928,19.9308326589477,20.0092168038379,1,3.13900000000001
