"sim_id","n","method","component","mu_true","estimate","lower","upper","covered","elapsed_seconds"
165,10000,"Gibbs","mu_1",0,0.00455368523703396,-0.0357044175336502,0.0442124130385548,1,505.552
165,10000,"Gibbs","mu_2",5,5.00150230752362,4.95943420452399,5.0432607037422,1,505.552
165,10000,"Gibbs","mu_3",10,9.9936129880045,9.95328561997563,10.0332481254334,1,505.552
165,10000,"Gibbs","mu_4",20,20.0025078013162,19.9634023510251,20.0419163115886,1,505.552
165,10000,"VI","mu_1",0,0.00441253758799083,-0.0344686773886136,0.0432937525645953,1,0.388000000000034
165,10000,"VI","mu_2",5,5.00150519891235,4.96233074124267,5.04067965658204,1,0.388000000000034
165,10000,"VI","mu_3",10,9.99380352919287,9.95473307577087,10.0328739826149,1,0.388000000000034
165,10000,"VI","mu_4",20,20.0029129737932,19.9632258815154,20.042600066071,1,0.388000000000034
