"sim_id","n","method","component","mu_true","estimate","lower","upper","covered","elapsed_seconds"
133,10000,"Gibbs","mu_1",0,-0.0191101953228985,-0.0596883814773616,0.0213931133062208,1,526.867
133,10000,"Gibbs","mu_2",5,4.98668441225529,4.94570776277662,5.02757454429095,1,526.867
133,10000,"Gibbs","mu_3",10,10.0023653432982,9.96318010415677,10.0427250324136,1,526.867
133,10000,"Gibbs","mu_4",20,20.0091881296348,19.969371714859,20.0490288598987,1,526.867
133,10000,"VI","mu_1",0,-2.35629424856919e-15,-19.6,19.6,1,2.69799999999998
133,10000,"VI","mu_2",5,1.76516983692188,1.73461718220918,1.79572249163457,0,2.69799999999998
133,10000,"VI","mu_3",10,8.93084518995127,8.89737195276035,8.96431842714219,0,2.69799999999998
133,10000,"VI","mu_4",20,20.0093748591021,19.9698253594585,20.0489243587457,1,2.69799999999998
