"sim_id","n","method","component","mu_true","estimate","lower","upper","covered","elapsed_seconds"
366,10000,"Gibbs","mu_1",0,0.0147827715171101,-0.0254724472828897,0.0554756246545821,1,530.282
366,10000,"Gibbs","mu_2",5,5.01275897885494,4.97092352243456,5.05364881269785,1,530.282
366,10000,"Gibbs","mu_3",10,10.0097678433171,9.96836198976848,10.0501154757912,1,530.282
366,10000,"Gibbs","mu_4",20,20.0270670714024,19.9880324469015,20.0659721856679,1,530.282
366,10000,"VI","mu_1",0,-7.25435231866158e-16,-19.6,19.6,1,2.72000000000003
366,10000,"VI","mu_2",5,1.51561471327648,1.4841515176012,1.54707790895177,0,2.72000000000003
366,10000,"VI","mu_3",10,8.69130278283785,8.65879533814717,8.72381022752853,0,2.72000000000003
366,10000,"VI","mu_4",20,20.0267956316802,19.9874696655212,20.0661215978391,1,2.72000000000003
