"sim_id","n","method","component","mu_true","estimate","lower","upper","covered","elapsed_seconds"
62,10000,"Gibbs","mu_1",0,0.00782842671429259,-0.0320028466713302,0.0481587328325112,1,526.978
62,10000,"Gibbs","mu_2",5,4.99368748962525,4.9515881501694,5.03568700543129,1,526.978
62,10000,"Gibbs","mu_3",10,9.99362536265702,9.95380514053984,10.0333242857417,1,526.978
62,10000,"Gibbs","mu_4",20,19.9816984100448,19.9418513253393,20.0205835211288,1,526.978
62,10000,"VI","mu_1",0,-4.27898243536208e-16,-19.6,19.6,1,4.17500000000007
62,10000,"VI","mu_2",5,1.41076025385601,1.37883080867429,1.44268969903773,0,4.17500000000007
62,10000,"VI","mu_3",10,8.60501552295347,8.57299544442117,8.63703560148578,0,4.17500000000007
62,10000,"VI","mu_4",20,19.9818032358857,19.9424851862224,20.0211212855491,1,4.17500000000007
