"sim_id","n","method","component","mu_true","estimate","lower","upper","covered","elapsed_seconds"
141,10000,"Gibbs","mu_1",0,1.60832660495129,1.53129490946656,1.6871387798783,0,531.846
141,10000,"Gibbs","mu_2",5,8.79211561327456,8.70774165782696,8.88023821930771,0,531.846
141,10000,"Gibbs","mu_3",10,19.920555416569,19.8032753049013,20.0005898674729,0,531.846
141,10000,"Gibbs","mu_4",20,20.0515304843223,19.9704365762248,20.1675465056184,1,531.846
141,10000,"VI","mu_1",0,-3.5549703897956e-06,-19.599993509219,19.5999863992782,1,0.446000000000026
141,10000,"VI","mu_2",5,-3.5549703897956e-06,-19.599993509219,19.5999863992782,1,0.446000000000026
141,10000,"VI","mu_3",10,5.00446482896312,4.9818066012639,5.02712305666234,0,0.446000000000026
141,10000,"VI","mu_4",20,19.9338587654266,19.8947935939722,19.9729239368811,0,0.446000000000026
