"sim_id","n","method","component","mu_true","estimate","lower","upper","covered","elapsed_seconds"
145,10000,"Gibbs","mu_1",0,0.0439624565074965,0.00373358068360983,0.0851118409480815,0,528.209
145,10000,"Gibbs","mu_2",5,4.96492396479905,4.9242178169398,5.00667021584017,1,528.209
145,10000,"Gibbs","mu_3",10,9.99848089693863,9.95765119149338,10.03980530765,1,528.209
145,10000,"Gibbs","mu_4",20,19.9978201539032,19.9595750638059,20.0360525911428,1,528.209
145,10000,"VI","mu_1",0,-2.18049098351197e-15,-19.6,19.6,1,2.35299999999995
145,10000,"VI","mu_2",5,1.77055276892859,1.74005161602379,1.80105392183338,0,2.35299999999995
145,10000,"VI","mu_3",10,8.9624971538076,8.92863194073725,8.99636236687796,0,2.35299999999995
145,10000,"VI","mu_4",20,19.9977658048746,19.9587294951967,20.0368021145525,1,2.35299999999995
