"sim_id","n","method","component","mu_true","estimate","lower","upper","covered","elapsed_seconds"
337,10000,"Gibbs","mu_1",0,-0.00421759998723339,-0.0450994193405062,0.0352741549864722,1,529.88
337,10000,"Gibbs","mu_2",5,5.02399341543374,4.98202636047897,5.06664339745017,1,529.88
337,10000,"Gibbs","mu_3",10,9.97050872333371,9.92922143911174,10.0119020319063,1,529.88
337,10000,"Gibbs","mu_4",20,20.023783259518,19.9838394144698,20.0627560105251,1,529.88
337,10000,"VI","mu_1",0,-0.00406769834651539,-0.0430053018134551,0.0348699051204243,1,0.392000000000053
337,10000,"VI","mu_2",5,5.02441580963086,4.98546537425237,5.06336624500936,1,0.392000000000053
337,10000,"VI","mu_3",10,9.97077709727,9.93139622635365,10.0101579681863,1,0.392000000000053
337,10000,"VI","mu_4",20,20.0237169350311,19.984175441069,20.0632584289932,1,0.392000000000053
