"sim_id","n","method","component","mu_true","estimate","lower","upper","covered","elapsed_seconds"
458,10000,"Gibbs","mu_1",0,0.00221324672736199,-0.0384738925576351,0.042893955739743,1,528.899
458,10000,"Gibbs","mu_2",5,5.03383418311126,4.99102813957453,5.07627133803393,1,528.899
458,10000,"Gibbs","mu_3",10,9.97972927969131,9.93887556145343,10.0203252458534,1,528.899
458,10000,"Gibbs","mu_4",20,19.9925022156219,19.9542554799131,20.0315644247301,1,528.899
458,10000,"VI","mu_1",0,-1.69041566777431e-16,-19.6,19.6,1,3.36500000000001
458,10000,"VI","mu_2",5,1.0919621949643,1.05854330331388,1.12538108661473,0,3.36500000000001
458,10000,"VI","mu_3",10,8.29307364095371,8.26224192887878,8.32390535302864,0,3.36500000000001
458,10000,"VI","mu_4",20,19.9926292027171,19.9535773967948,20.0316810086394,1,3.36500000000001
