"sim_id","n","method","component","mu_true","estimate","lower","upper","covered","elapsed_seconds"
268,10000,"Gibbs","mu_1",0,0.0232885111117832,-0.0173887682059518,0.0634117587889293,1,530.884
268,10000,"Gibbs","mu_2",5,5.00714795964394,4.96433709986483,5.04913102340928,1,530.884
268,10000,"Gibbs","mu_3",10,9.99285431495987,9.95248939462426,10.0332389073287,1,530.884
268,10000,"Gibbs","mu_4",20,20.0049883006432,19.9658515018648,20.0428282441734,1,530.884
268,10000,"VI","mu_1",0,-1.76344998940615e-16,-19.6,19.6,1,1.69000000000005
268,10000,"VI","mu_2",5,1.08472790465233,1.05125481609701,1.11820099320766,0,1.69000000000005
268,10000,"VI","mu_3",10,8.25775476604752,8.22703357409654,8.28847595799851,0,1.69000000000005
268,10000,"VI","mu_4",20,20.0048549527076,19.9656628721396,20.0440470332755,1,1.69000000000005
