"sim_id","n","method","component","mu_true","estimate","lower","upper","covered","elapsed_seconds"
462,10000,"Gibbs","mu_1",0,-0.014000813607986,-0.0545818035741745,0.0277773792410415,1,527.921
462,10000,"Gibbs","mu_2",5,4.99485437826946,4.95276284882818,5.03586037511835,1,527.921
462,10000,"Gibbs","mu_3",10,10.0199940930907,9.97855499045556,10.0603233852726,1,527.921
462,10000,"Gibbs","mu_4",20,20.0012646677604,19.9633758759028,20.0397318100342,1,527.921
462,10000,"VI","mu_1",0,-6.5356436208143e-16,-19.6,19.6,1,6.68599999999992
462,10000,"VI","mu_2",5,1.51939100113072,1.48768147343035,1.55110052883109,0,6.68599999999992
462,10000,"VI","mu_3",10,8.67611026237365,8.64365214963659,8.70856837511072,0,6.68599999999992
462,10000,"VI","mu_4",20,20.0015129293473,19.9625691929046,20.04045666579,1,6.68599999999992
