"sim_id","n","method","component","mu_true","estimate","lower","upper","covered","elapsed_seconds"
251,10000,"Gibbs","mu_1",0,-0.0307882849230985,-0.0702057356913262,0.0101351408337409,1,529.04
251,10000,"Gibbs","mu_2",5,4.9813486192837,4.93918895227867,5.02353953758764,1,529.04
251,10000,"Gibbs","mu_3",10,9.9976419236094,9.95792487734002,10.0388557930225,1,529.04
251,10000,"Gibbs","mu_4",20,19.9892778775852,19.9495203992119,20.0277363762603,1,529.04
251,10000,"VI","mu_1",0,-2.01781682945215e-07,-19.5999995003354,19.599999096772,1,0.528999999999996
251,10000,"VI","mu_2",5,-2.01781682945215e-07,-19.5999995003354,19.599999096772,1,0.528999999999996
251,10000,"VI","mu_3",10,4.88678990511907,4.86416186207097,4.90941794816718,0,0.528999999999996
251,10000,"VI","mu_4",20,19.9273091145648,19.8880880092826,19.966530219847,0,0.528999999999996
