"sim_id","n","method","component","mu_true","estimate","lower","upper","covered","elapsed_seconds"
186,10000,"Gibbs","mu_1",0,0.0292564148032518,-0.0107825416324774,0.0696211575707883,1,524.978
186,10000,"Gibbs","mu_2",5,5.00681193540975,4.96444853025403,5.04865152568673,1,524.978
186,10000,"Gibbs","mu_3",10,10.0059342277336,9.96511619285097,10.0459315255667,1,524.978
186,10000,"Gibbs","mu_4",20,20.0139639772962,19.9749326911811,20.0535874073846,1,524.978
186,10000,"VI","mu_1",0,-9.16246907040524e-06,-19.599986464677,19.5999681397388,1,0.475999999999999
186,10000,"VI","mu_2",5,-9.16246907040524e-06,-19.599986464677,19.5999681397388,1,0.475999999999999
186,10000,"VI","mu_3",10,4.97058752825036,4.94797341023081,4.99320164626991,0,0.475999999999999
186,10000,"VI","mu_4",20,19.9704522218339,19.9311583346854,20.0097461089823,1,0.475999999999999
