"sim_id","n","method","component","mu_true","estimate","lower","upper","covered","elapsed_seconds"
371,10000,"Gibbs","mu_1",0,0.00194943766312281,-0.0378589702944211,0.0427128270723368,1,530.189
371,10000,"Gibbs","mu_2",5,4.96062763156777,4.91848305420568,5.00263944335971,1,530.189
371,10000,"Gibbs","mu_3",10,9.9720974885422,9.93144056200257,10.0117133314628,1,530.189
371,10000,"Gibbs","mu_4",20,20.0263873963714,19.9868905361343,20.0660955837917,1,530.189
371,10000,"VI","mu_1",0,-9.12134442265004e-16,-19.6,19.6,1,2.46199999999999
371,10000,"VI","mu_2",5,1.57341838207157,1.54239815582161,1.60443860832153,0,2.46199999999999
371,10000,"VI","mu_3",10,8.83484741267821,8.80177744534995,8.86791738000646,0,2.46199999999999
371,10000,"VI","mu_4",20,20.0263184220961,19.9870792418359,20.0655576023564,1,2.46199999999999
