"sim_id","n","method","component","mu_true","estimate","lower","upper","covered","elapsed_seconds"
404,10000,"Gibbs","mu_1",0,-0.00321423733711029,-0.0435711176425499,0.0370717827849893,1,527.596
404,10000,"Gibbs","mu_2",5,5.01119010764017,4.96902285947194,5.053145787989,1,527.596
404,10000,"Gibbs","mu_3",10,10.0107531166294,9.96988954760569,10.0521039618331,1,527.596
404,10000,"Gibbs","mu_4",20,20.0241475422671,19.9844028836281,20.0633775848696,1,527.596
404,10000,"VI","mu_1",0,-9.35228028147014e-06,-19.5999862314626,19.599967526902,1,0.36200000000008
404,10000,"VI","mu_2",5,-9.35228028147014e-06,-19.5999862314626,19.599967526902,1,0.36200000000008
404,10000,"VI","mu_3",10,4.93053332990326,4.90775814388865,4.95330851591787,0,0.36200000000008
404,10000,"VI","mu_4",20,19.9868037271774,19.9483201056834,20.0252873486713,1,0.36200000000008
