"sim_id","n","method","component","mu_true","estimate","lower","upper","covered","elapsed_seconds"
457,10000,"Gibbs","mu_1",0,-0.03184818171605,-0.0729135794535959,0.00907781828463409,1,529.874
457,10000,"Gibbs","mu_2",5,4.98858306723538,4.94616575452047,5.03087467360608,1,529.874
457,10000,"Gibbs","mu_3",10,9.99529853038689,9.95433557578763,10.0361433923806,1,529.874
457,10000,"Gibbs","mu_4",20,19.9871084706928,19.9490456430472,20.0263681751066,1,529.874
457,10000,"VI","mu_1",0,-0.0321540812113581,-0.0714747941670283,0.0071666317443121,1,0.382000000000062
457,10000,"VI","mu_2",5,4.98862657990343,4.94924031110448,5.02801284870239,1,0.382000000000062
457,10000,"VI","mu_3",10,9.99565369608832,9.95666326579021,10.0346441263864,1,0.382000000000062
457,10000,"VI","mu_4",20,19.9869674387323,19.9478612592325,20.0260736182321,1,0.382000000000062
