"sim_id","n","method","component","mu_true","estimate","lower","upper","covered","elapsed_seconds"
272,10000,"Gibbs","mu_1",0,-0.00426862658305318,-0.0442359549579923,0.0362585078797408,1,530.862
272,10000,"Gibbs","mu_2",5,5.04640137945638,5.00257121315581,5.08890518973981,0,530.862
272,10000,"Gibbs","mu_3",10,9.97971297316783,9.9398182419145,10.0202946844386,1,530.862
272,10000,"Gibbs","mu_4",20,19.9585704300114,19.9194345514846,19.9978709119007,0,530.862
272,10000,"VI","mu_1",0,-0.00376367258020245,-0.0428653701106185,0.0353380249502136,1,0.461000000000013
272,10000,"VI","mu_2",5,5.04682579258942,5.0073405662911,5.08631101888775,0,0.461000000000013
272,10000,"VI","mu_3",10,9.97988337603459,9.94046543748538,10.0193013145838,1,0.461000000000013
272,10000,"VI","mu_4",20,19.9586342667792,19.9198281668248,19.9974403667337,0,0.461000000000013
