"sim_id","n","method","component","mu_true","estimate","lower","upper","covered","elapsed_seconds"
477,10000,"Gibbs","mu_1",0,-0.0104776192050798,-0.05094233698298,0.0295278680251008,1,454.447
477,10000,"Gibbs","mu_2",5,5.00079922258112,4.95875745493368,5.04246183077319,1,454.447
477,10000,"Gibbs","mu_3",10,10.0061527906606,9.96508674994501,10.0467984680685,1,454.447
477,10000,"Gibbs","mu_4",20,19.9893863440084,19.9501912370538,20.0287000434933,1,454.447
477,10000,"VI","mu_1",0,-0.0105517062654675,-0.0498148180630899,0.028711405532155,1,0.396000000000015
477,10000,"VI","mu_2",5,5.00077040373226,4.96188860447807,5.03965220298644,1,0.396000000000015
477,10000,"VI","mu_3",10,10.0062621173479,9.96683255368246,10.0456916810133,1,0.396000000000015
477,10000,"VI","mu_4",20,19.9895662819617,19.950334962976,20.0287976009473,1,0.396000000000015
