"sim_id","n","method","component","mu_true","estimate","lower","upper","covered","elapsed_seconds"
463,10000,"Gibbs","mu_1",0,0.00880050457831212,-0.0324360960132401,0.0494316174720814,1,529.258
463,10000,"Gibbs","mu_2",5,5.00748149039871,4.96579199643406,5.04951936423682,1,529.258
463,10000,"Gibbs","mu_3",10,9.98884109030625,9.94795779780357,10.0287608108341,1,529.258
463,10000,"Gibbs","mu_4",20,19.9978095910582,19.9592858141959,20.037232581248,1,529.258
463,10000,"VI","mu_1",0,-4.50566485789077e-16,-19.6,19.6,1,2.15499999999997
463,10000,"VI","mu_2",5,1.40149182179777,1.36918304815917,1.43380059543637,0,2.15499999999997
463,10000,"VI","mu_3",10,8.57191799013924,8.54005047789743,8.60378550238106,0,2.15499999999997
463,10000,"VI","mu_4",20,19.9977934874935,19.9588804685614,20.0367065064256,1,2.15499999999997
