"sim_id","n","method","component","mu_true","estimate","lower","upper","covered","elapsed_seconds"
350,10000,"Gibbs","mu_1",0,0.0272022518571714,-0.0127669031042298,0.0674595825896663,1,528.032
350,10000,"Gibbs","mu_2",5,4.97534439004108,4.93293962482342,5.01752836923756,1,528.032
350,10000,"Gibbs","mu_3",10,10.0123816741667,9.97176849729924,10.0519486725052,1,528.032
350,10000,"Gibbs","mu_4",20,19.9996973778593,19.9597840539609,20.0395771980924,1,528.032
350,10000,"VI","mu_1",0,0.0270270653465748,-0.0119762920595609,0.0660304227527106,1,0.318000000000097
350,10000,"VI","mu_2",5,4.97512087043652,4.93631017134455,5.0139315695285,1,0.318000000000097
350,10000,"VI","mu_3",10,10.0123669895084,9.97276376086435,10.0519702181524,1,0.318000000000097
350,10000,"VI","mu_4",20,20.0000748789422,19.9606774926512,20.0394722652332,1,0.318000000000097
