"sim_id","n","method","component","mu_true","estimate","lower","upper","covered","elapsed_seconds"
442,10000,"Gibbs","mu_1",0,-0.0104339556572859,-0.0512300522442879,0.0305299628572855,1,522.032
442,10000,"Gibbs","mu_2",5,5.01232607673934,4.97103177223181,5.05492929013045,1,522.032
442,10000,"Gibbs","mu_3",10,9.98367139880158,9.94272923825051,10.0230731414312,1,522.032
442,10000,"Gibbs","mu_4",20,20.0013018081654,19.9617106914445,20.0400040759981,1,522.032
442,10000,"VI","mu_1",0,-0.0106286751446664,-0.0494771047241343,0.0282197544348015,1,0.420000000000073
442,10000,"VI","mu_2",5,5.01235659472726,4.97304318648192,5.0516700029726,1,0.420000000000073
442,10000,"VI","mu_3",10,9.98356301391786,9.94444880739032,10.0226772204454,1,0.420000000000073
442,10000,"VI","mu_4",20,20.0008828931086,19.9613494856078,20.0404163006094,1,0.420000000000073
