"sim_id","n","method","component","mu_true","estimate","lower","upper","covered","elapsed_seconds"
367,10000,"Gibbs","mu_1",0,-0.0205188329976926,-0.0615074555511661,0.0202105026170194,1,530.492
367,10000,"Gibbs","mu_2",5,4.95598143955417,4.9142969267463,4.99779941820689,0,530.492
367,10000,"Gibbs","mu_3",10,9.95330711231746,9.9125886233097,9.99433611936427,0,530.492
367,10000,"Gibbs","mu_4",20,19.9873979386154,19.9478148007021,20.0267624544719,1,530.492
367,10000,"VI","mu_1",0,-5.73275340080862e-07,-19.5999987500521,19.5999976035014,1,0.449999999999932
367,10000,"VI","mu_2",5,-5.73275340080862e-07,-19.5999987500521,19.5999976035014,1,0.449999999999932
367,10000,"VI","mu_3",10,4.9801233394037,4.95751492946257,5.00273174934483,0,0.449999999999932
367,10000,"VI","mu_4",20,19.965821025,19.9264971470975,20.0051449029026,1,0.449999999999932
