"sim_id","n","method","component","mu_true","estimate","lower","upper","covered","elapsed_seconds"
138,10000,"Gibbs","mu_1",0,0.0145932267264737,-0.0264131166139,0.0554023555413593,1,527.797
138,10000,"Gibbs","mu_2",5,4.96257750683756,4.92064907751965,5.00476377136825,1,527.797
138,10000,"Gibbs","mu_3",10,9.98115757907071,9.93979317374292,10.0222966853423,1,527.797
138,10000,"Gibbs","mu_4",20,19.9958916304902,19.9574500074702,20.034633208855,1,527.797
138,10000,"VI","mu_1",0,-3.40387575560905e-16,-19.6,19.6,1,4.21899999999994
138,10000,"VI","mu_2",5,1.34811589943988,1.31574444518605,1.38048735369371,0,4.21899999999994
138,10000,"VI","mu_3",10,8.4004056188533,8.36849267935404,8.43231855835255,0,4.21899999999994
138,10000,"VI","mu_4",20,19.9958857535054,19.9571630552468,20.0346084517639,1,4.21899999999994
