"sim_id","n","method","component","mu_true","estimate","lower","upper","covered","elapsed_seconds"
389,10000,"Gibbs","mu_1",0,0.000754481772524632,-0.0391479788756132,0.041833286414286,1,534.885
389,10000,"Gibbs","mu_2",5,4.98374833750968,4.94126282422574,5.0271304342318,1,534.885
389,10000,"Gibbs","mu_3",10,10.0103732551421,9.97080253513616,10.0501833478172,1,534.885
389,10000,"Gibbs","mu_4",20,20.0010250046761,19.9626282679634,20.0403182883233,1,534.885
389,10000,"VI","mu_1",0,-7.54256405583603e-07,-19.5999983434051,19.5999968348923,1,0.937000000000012
389,10000,"VI","mu_2",5,4.99051039596136,4.96777363005233,5.01324716187039,1,0.937000000000012
389,10000,"VI","mu_3",10,19.4135657972313,19.3580905658368,19.4690410286258,0,0.937000000000012
389,10000,"VI","mu_4",20,20.3903757882068,20.3364411519252,20.4443104244884,0,0.937000000000012
