"sim_id","n","method","component","mu_true","estimate","lower","upper","covered","elapsed_seconds"
131,10000,"Gibbs","mu_1",0,-0.00510093160090812,-0.0456853980572405,0.0352201886251459,1,527.21
131,10000,"Gibbs","mu_2",5,5.02465101240687,4.98219839320158,5.06730175919836,1,527.21
131,10000,"Gibbs","mu_3",10,9.98046439400755,9.93862171135013,10.0214814251497,1,527.21
131,10000,"Gibbs","mu_4",20,20.0241890435948,19.9845880922172,20.0634159676041,1,527.21
131,10000,"VI","mu_1",0,-0.00504999895784463,-0.0443618586128416,0.0342618606971524,1,0.325000000000045
131,10000,"VI","mu_2",5,5.02476956347726,4.98570363331598,5.06383549363853,1,0.325000000000045
131,10000,"VI","mu_3",10,9.98028136461144,9.94087630468894,10.0196864245339,1,0.325000000000045
131,10000,"VI","mu_4",20,20.0242642072671,19.9852433689723,20.0632850455619,1,0.325000000000045
