"sim_id","n","method","component","mu_true","estimate","lower","upper","covered","elapsed_seconds"
19,10000,"Gibbs","mu_1",0,-0.0351389753696636,-0.0758646481642311,0.00607866223105938,1,531.061
19,10000,"Gibbs","mu_2",5,5.01028619947606,4.96851639650645,5.05070516209606,1,531.061
19,10000,"Gibbs","mu_3",10,10.0119178499028,9.97087016263892,10.0524695547911,1,531.061
19,10000,"Gibbs","mu_4",20,19.9997205780146,19.960609059109,20.0385039183778,1,531.061
19,10000,"VI","mu_1",0,-7.14283265878537e-07,-19.5999983520258,19.5999969234593,1,0.479000000000042
19,10000,"VI","mu_2",5,-7.14283265878537e-07,-19.5999983520258,19.5999969234593,1,0.479000000000042
19,10000,"VI","mu_3",10,5.03189809907289,5.00919360093529,5.05460259721049,0,0.479000000000042
19,10000,"VI","mu_4",20,19.95731110959,19.9184802237698,19.9961419954101,0,0.479000000000042
