"sim_id","n","method","component","mu_true","estimate","lower","upper","covered","elapsed_seconds"
275,10000,"Gibbs","mu_1",0,-0.0144333475324265,-0.0556495553688941,0.0265140489194483,1,512.202
275,10000,"Gibbs","mu_2",5,4.96912326286162,4.92763228306798,5.01112630106421,1,512.202
275,10000,"Gibbs","mu_3",10,10.0215579940621,9.98035898798264,10.0620370939494,1,512.202
275,10000,"Gibbs","mu_4",20,19.9997309219608,19.96075632674,20.039017777012,1,512.202
275,10000,"VI","mu_1",0,-1.31738879845991e-15,-19.6,19.6,1,1.94000000000005
275,10000,"VI","mu_2",5,1.67611501049093,1.64527771418458,1.70695230679727,0,1.94000000000005
275,10000,"VI","mu_3",10,8.87386269504215,8.84062909505322,8.90709629503107,0,1.94000000000005
275,10000,"VI","mu_4",20,19.999480516539,19.9601387117791,20.0388223212988,1,1.94000000000005
