"sim_id","n","method","component","mu_true","estimate","lower","upper","covered","elapsed_seconds"
391,10000,"Gibbs","mu_1",0,-0.0221244377455681,-0.0620046680613432,0.0181253393314586,1,533.367
391,10000,"Gibbs","mu_2",5,4.9961641449835,4.95320436340785,5.03885291841619,1,533.367
391,10000,"Gibbs","mu_3",10,9.96327351965362,9.92249636716887,10.0036377349421,1,533.367
391,10000,"Gibbs","mu_4",20,20.0125579679045,19.9736593163736,20.0524665233137,1,533.367
391,10000,"VI","mu_1",0,-0.0222703113389814,-0.0615174305083129,0.0169768078303501,1,0.341000000000008
391,10000,"VI","mu_2",5,4.99602487647019,4.9570364828472,5.03501327009318,1,0.341000000000008
391,10000,"VI","mu_3",10,9.96291351997252,9.92407550094476,10.0017515390003,1,0.341000000000008
391,10000,"VI","mu_4",20,20.0121062588109,19.9723620923471,20.0518504252747,1,0.341000000000008
