"sim_id","n","method","component","mu_true","estimate","lower","upper","covered","elapsed_seconds"
14,10000,"Gibbs","mu_1",0,0.0356032024436432,-0.00553177342647871,0.076595276024917,1,528.427
14,10000,"Gibbs","mu_2",5,5.0397733146139,4.99756629752138,5.08137966544221,1,528.427
14,10000,"Gibbs","mu_3",10,9.96600163838756,9.926620558834,10.006451641685,1,528.427
14,10000,"Gibbs","mu_4",20,19.993857325468,19.9550614331542,20.0324464414288,1,528.427
14,10000,"VI","mu_1",0,-3.03821699893637e-16,-19.6,19.6,1,2.13100000000009
14,10000,"VI","mu_2",5,1.28529981676424,1.25242078311256,1.31817885041591,0,2.13100000000009
14,10000,"VI","mu_3",10,8.45312173053857,8.4218461836605,8.48439727741665,0,2.13100000000009
14,10000,"VI","mu_4",20,19.9940036687228,19.9549518654515,20.0330554719942,1,2.13100000000009
