"sim_id","n","method","component","mu_true","estimate","lower","upper","covered","elapsed_seconds"
194,10000,"Gibbs","mu_1",0,-0.0126992695871735,-0.0529886275840476,0.0281441382301852,1,529.364
194,10000,"Gibbs","mu_2",5,5.01997010620224,4.97903084236054,5.06158765624214,1,529.364
194,10000,"Gibbs","mu_3",10,9.98855028199614,9.94708000399209,10.0288032214375,1,529.364
194,10000,"Gibbs","mu_4",20,20.001577364976,19.9619176978888,20.0407139637656,1,529.364
194,10000,"VI","mu_1",0,-0.0129120359448577,-0.0521277894312461,0.0263037175415307,1,0.462999999999965
194,10000,"VI","mu_2",5,5.02055426451267,4.98180506741511,5.05930346161023,1,0.462999999999965
194,10000,"VI","mu_3",10,9.98873235056435,9.94921920094535,10.0282455001834,1,0.462999999999965
194,10000,"VI","mu_4",20,20.0017723350578,19.9624384463258,20.0411062237897,1,0.462999999999965
