"sim_id","n","method","component","mu_true","estimate","lower","upper","covered","elapsed_seconds"
370,10000,"Gibbs","mu_1",0,0.00417683241805478,-0.0354485051926656,0.0423158722432318,1,512.134
370,10000,"Gibbs","mu_2",5,5.00020251158217,4.95820870856314,5.04302956132777,1,512.134
370,10000,"Gibbs","mu_3",10,9.997659582896,9.95669371973347,10.0379455556216,1,512.134
370,10000,"Gibbs","mu_4",20,19.9752240450905,19.9367713191602,20.0145535563329,1,512.134
370,10000,"VI","mu_1",0,-1.09078265856952e-06,-19.5999979730173,19.599995791452,1,0.5
370,10000,"VI","mu_2",5,-1.09078265856952e-06,-19.5999979730173,19.599995791452,1,0.5
370,10000,"VI","mu_3",10,4.96923489063587,4.94657540115554,4.99189438011619,0,0.5
370,10000,"VI","mu_4",20,19.9201610318169,19.8811023248088,19.959219738825,0,0.5
