"sim_id","n","method","component","mu_true","estimate","lower","upper","covered","elapsed_seconds"
498,10000,"Gibbs","mu_1",0,0.0188454100887411,-0.0208338782384238,0.059601059794765,1,460.425
498,10000,"Gibbs","mu_2",5,4.97054927001354,4.92839971511411,5.0111929428234,1,460.425
498,10000,"Gibbs","mu_3",10,10.0035695295605,9.96333552374987,10.0449263584774,1,460.425
498,10000,"Gibbs","mu_4",20,19.9739191885697,19.9347315877366,20.0141056836432,1,460.425
498,10000,"VI","mu_1",0,0.0187222387070942,-0.0205109468703493,0.0579554242845378,1,0.382000000000005
498,10000,"VI","mu_2",5,4.97077254586537,4.93225576846362,5.00928932326712,1,0.382000000000005
498,10000,"VI","mu_3",10,10.0037812199755,9.96413287351316,10.0434295664378,1,0.382000000000005
498,10000,"VI","mu_4",20,19.9737619429518,19.9343326653873,20.0131912205163,1,0.382000000000005
