"sim_id","n","method","component","mu_true","estimate","lower","upper","covered","elapsed_seconds"
316,10000,"Gibbs","mu_1",0,-0.0405708414773576,-0.0821795083662938,-0.000283832012850723,0,525.859
316,10000,"Gibbs","mu_2",5,4.97450610766869,4.93211143468574,5.01667022408862,1,525.859
316,10000,"Gibbs","mu_3",10,9.99764400334294,9.95687190828592,10.0380728105547,1,525.859
316,10000,"Gibbs","mu_4",20,20.0031570958147,19.9649118023354,20.0413434142139,1,525.859
316,10000,"VI","mu_1",0,-4.50108181934573e-16,-19.6,19.6,1,4.25
316,10000,"VI","mu_2",5,1.32275876523623,1.29052623032251,1.35499130014995,0,4.25
316,10000,"VI","mu_3",10,8.56917503028858,8.5371998633008,8.60115019727637,0,4.25
316,10000,"VI","mu_4",20,20.0030095322714,19.9641577163833,20.0418613481596,1,4.25
