"sim_id","n","method","component","mu_true","estimate","lower","upper","covered","elapsed_seconds"
179,10000,"Gibbs","mu_1",0,0.0285908270517279,-0.0124806874591424,0.0694854922088702,1,511.555
179,10000,"Gibbs","mu_2",5,4.96305874115678,4.91979567853823,5.0052158466162,1,511.555
179,10000,"Gibbs","mu_3",10,9.99635287094189,9.95633833293011,10.0364964952171,1,511.555
179,10000,"Gibbs","mu_4",20,20.0109506524686,19.9713818383657,20.0507411051985,1,511.555
179,10000,"VI","mu_1",0,-2.51941483149233e-15,-19.6,19.6,1,1.78399999999999
179,10000,"VI","mu_2",5,1.84423351705271,1.81404436101066,1.87442267309476,0,1.78399999999999
179,10000,"VI","mu_3",10,9.07338285495989,9.0393609090271,9.10740480089269,0,1.78399999999999
179,10000,"VI","mu_4",20,20.0107216409779,19.9712524109274,20.0501908710285,1,1.78399999999999
