"sim_id","n","method","component","mu_true","estimate","lower","upper","covered","elapsed_seconds"
314,10000,"Gibbs","mu_1",0,0.0104872086092867,-0.0306417117649536,0.0502421988996474,1,531.589
314,10000,"Gibbs","mu_2",5,4.99183089072378,4.94892216033864,5.03446017946577,1,531.589
314,10000,"Gibbs","mu_3",10,9.9711221479337,9.93166780031981,10.0109864943431,1,531.589
314,10000,"Gibbs","mu_4",20,19.9863480159629,19.9465078077814,20.0260641662516,1,531.589
314,10000,"VI","mu_1",0,0.0104505249349534,-0.0288430412478644,0.0497440911177711,1,0.317999999999984
314,10000,"VI","mu_2",5,4.99168913914698,4.95219151791912,5.03118676037483,1,0.317999999999984
314,10000,"VI","mu_3",10,9.97094373048952,9.9322997268944,10.0095877340846,1,0.317999999999984
314,10000,"VI","mu_4",20,19.9861782392722,19.946796744953,20.0255597335914,1,0.317999999999984
