"sim_id","n","method","component","mu_true","estimate","lower","upper","covered","elapsed_seconds"
213,10000,"Gibbs","mu_1",0,-0.0217757862545522,-0.0621587434598857,0.0186551160485307,1,531.402
213,10000,"Gibbs","mu_2",5,5.03204514634276,4.99065937257467,5.07430259288862,1,531.402
213,10000,"Gibbs","mu_3",10,10.0022712963831,9.96131780569449,10.0436038978986,1,531.402
213,10000,"Gibbs","mu_4",20,19.9849675621912,19.9467967746817,20.0232599862761,1,531.402
213,10000,"VI","mu_1",0,-0.0215831695690025,-0.060810936250505,0.0176445971124999,1,0.41700000000003
213,10000,"VI","mu_2",5,5.03217901090755,4.99286046523162,5.07149755658348,1,0.41700000000003
213,10000,"VI","mu_3",10,10.0022767841239,9.9625539285094,10.0419996397384,1,0.41700000000003
213,10000,"VI","mu_4",20,19.9854260746715,19.9468685651824,20.0239835841605,1,0.41700000000003
