"sim_id","n","method","component","mu_true","estimate","lower","upper","covered","elapsed_seconds"
332,10000,"Gibbs","mu_1",0,0.0379101120204281,-0.00325919232746684,0.0779516695643815,1,509.928
332,10000,"Gibbs","mu_2",5,4.9733528402428,4.93168077008252,5.01443759407326,1,509.928
332,10000,"Gibbs","mu_3",10,10.0020246790655,9.96019176478617,10.0422830964451,1,509.928
332,10000,"Gibbs","mu_4",20,20.0120527123676,19.9726955261063,20.0507657322868,1,509.928
332,10000,"VI","mu_1",0,-7.3820962680631e-07,-19.5999984617863,19.599996985367,1,0.454000000000008
332,10000,"VI","mu_2",5,-7.3820962680631e-07,-19.5999984617863,19.599996985367,1,0.454000000000008
332,10000,"VI","mu_3",10,5.04003914032643,5.01734337068608,5.06273490996679,0,0.454000000000008
332,10000,"VI","mu_4",20,19.9690482749739,19.9301736248652,20.0079229250827,1,0.454000000000008
