"sim_id","n","method","component","mu_true","estimate","lower","upper","covered","elapsed_seconds"
29,10000,"Gibbs","mu_1",0,0.0393823576043988,-0.000737311781912257,0.0796824904637496,1,529.347
29,10000,"Gibbs","mu_2",5,5.0004497874729,4.95879647045466,5.04341831965592,1,529.347
29,10000,"Gibbs","mu_3",10,9.99699082045277,9.95583239956947,10.0376755203703,1,529.347
29,10000,"Gibbs","mu_4",20,19.9979238439803,19.9589722364647,20.036920369791,1,529.347
29,10000,"VI","mu_1",0,-5.22272641820653e-07,-19.5999987853934,19.5999977408481,1,0.51400000000001
29,10000,"VI","mu_2",5,-5.22272641820653e-07,-19.5999987853934,19.5999977408481,1,0.51400000000001
29,10000,"VI","mu_3",10,4.97702127714128,4.95438212620435,4.99966042807822,0,0.51400000000001
29,10000,"VI","mu_4",20,19.9407925181353,19.9016290857262,19.9799559505444,0,0.51400000000001
