"sim_id","n","method","component","mu_true","estimate","lower","upper","covered","elapsed_seconds"
140,10000,"Gibbs","mu_1",0,-0.0367538150103938,-0.0769391061333807,0.00400940894271742,1,527.422
140,10000,"Gibbs","mu_2",5,5.0031488366676,4.96120942029594,5.04526532478332,1,527.422
140,10000,"Gibbs","mu_3",10,9.99297016936362,9.95299159381711,10.0325358683691,1,527.422
140,10000,"Gibbs","mu_4",20,20.020940267882,19.9797926373367,20.060787658448,1,527.422
140,10000,"VI","mu_1",0,-1.83212341983796e-16,-19.6,19.6,1,2.62200000000007
140,10000,"VI","mu_2",5,1.10341944353612,1.07030489974635,1.13653398732588,0,2.62200000000007
140,10000,"VI","mu_3",10,8.33691325162549,8.30615179824135,8.36767470500963,0,2.62200000000007
140,10000,"VI","mu_4",20,20.0210561272227,19.9813527533913,20.0607595010541,1,2.62200000000007
