"sim_id","n","method","component","mu_true","estimate","lower","upper","covered","elapsed_seconds"
373,10000,"Gibbs","mu_1",0,0.0292298351485514,-0.0116588247628598,0.0694533452747671,1,530.371
373,10000,"Gibbs","mu_2",5,4.97838597717039,4.93558290998309,5.02049051042521,1,530.371
373,10000,"Gibbs","mu_3",10,10.0168649692031,9.9772821393743,10.0562614738123,1,530.371
373,10000,"Gibbs","mu_4",20,19.9941131110032,19.9547417138568,20.0330078426988,1,530.371
373,10000,"VI","mu_1",0,-7.54041416922527e-06,-19.599987284205,19.5999722033767,1,0.458999999999946
373,10000,"VI","mu_2",5,-7.54041416922527e-06,-19.599987284205,19.5999722033767,1,0.458999999999946
373,10000,"VI","mu_3",10,5.06197517491874,5.03924536194446,5.08470498789302,0,0.458999999999946
373,10000,"VI","mu_4",20,19.9428100800214,19.9041050087099,19.9815151513329,0,0.458999999999946
