"sim_id","n","method","component","mu_true","estimate","lower","upper","covered","elapsed_seconds"
183,10000,"Gibbs","mu_1",0,-0.0132291654563862,-0.0535472211415378,0.0277778515840815,1,527.856
183,10000,"Gibbs","mu_2",5,4.9924079244785,4.95060454523351,5.03342497927038,1,527.856
183,10000,"Gibbs","mu_3",10,9.99573834249433,9.95643592925553,10.033853662716,1,527.856
183,10000,"Gibbs","mu_4",20,20.0334293928446,19.9930388359543,20.0739965845216,1,527.856
183,10000,"VI","mu_1",0,-1.38740935768705e-15,-19.6,19.6,1,1.92999999999995
183,10000,"VI","mu_2",5,1.72840001012988,1.69746376016881,1.75933626009094,0,1.92999999999995
183,10000,"VI","mu_3",10,8.92490706344006,8.89206211770605,8.95775200917407,0,1.92999999999995
183,10000,"VI","mu_4",20,20.0334422432809,19.9936407557129,20.0732437308489,1,1.92999999999995
