"sim_id","n","method","component","mu_true","estimate","lower","upper","covered","elapsed_seconds"
15,10000,"Gibbs","mu_1",0,1.73149953781057,1.67377558556653,1.7862988089241,0,529.345
15,10000,"Gibbs","mu_2",5,8.93862182070302,8.87388833324781,9.00248117533885,0,529.345
15,10000,"Gibbs","mu_3",10,19.890349981779,19.7497073714149,19.9988143485301,0,529.345
15,10000,"Gibbs","mu_4",20,20.0903064973252,19.9829978282958,20.2301562291574,1,529.345
15,10000,"VI","mu_1",0,0.0116146907909843,-0.0276847240070968,0.0509141055890655,1,0.413000000000011
15,10000,"VI","mu_2",5,4.99296749112789,4.9539887923116,5.03194618994418,1,0.413000000000011
15,10000,"VI","mu_3",10,10.0071900134313,9.96828606941068,10.0460939574519,1,0.413000000000011
15,10000,"VI","mu_4",20,19.990842281108,19.9512120175302,20.0304725446858,1,0.413000000000011
