"sim_id","n","method","component","mu_true","estimate","lower","upper","covered","elapsed_seconds"
233,10000,"Gibbs","mu_1",0,-0.0364010627183369,-0.0772388567147578,0.00462255452710516,1,527.869
233,10000,"Gibbs","mu_2",5,5.01196955404308,4.97149573619969,5.05282509491546,1,527.869
233,10000,"Gibbs","mu_3",10,10.0035592280529,9.9631780805239,10.0443027513189,1,527.869
233,10000,"Gibbs","mu_4",20,20.0279957859885,19.9880731368439,20.0681348208026,1,527.869
233,10000,"VI","mu_1",0,-3.23845126903522e-16,-19.6,19.6,1,3.09900000000005
233,10000,"VI","mu_2",5,1.2517050358112,1.21918807629946,1.28422199532294,0,3.09900000000005
233,10000,"VI","mu_3",10,8.47162271097933,8.4404202516649,8.50282517029375,0,3.09900000000005
233,10000,"VI","mu_4",20,20.0275238196278,19.9876894683108,20.0673581709449,1,3.09900000000005
