"sim_id","n","method","component","mu_true","estimate","lower","upper","covered","elapsed_seconds"
497,10000,"Gibbs","mu_1",0,-0.00331509267050074,-0.0438616303508154,0.0372007635681114,1,464.189
497,10000,"Gibbs","mu_2",5,4.95893418487432,4.91781190095177,4.99994624549763,0,464.189
497,10000,"Gibbs","mu_3",10,9.99568378781096,9.95522255051852,10.0365335754216,1,464.189
497,10000,"Gibbs","mu_4",20,19.9976008601839,19.9576135756431,20.0380255009556,1,464.189
497,10000,"VI","mu_1",0,-1.36364871489797e-15,-19.6,19.6,1,2.54000000000002
497,10000,"VI","mu_2",5,1.59552702607373,1.56465493096872,1.62639912117875,0,2.54000000000002
497,10000,"VI","mu_3",10,8.78940368200399,8.75649537149184,8.82231199251613,0,2.54000000000002
497,10000,"VI","mu_4",20,19.9973872156109,19.9575610864922,20.0372133447296,1,2.54000000000002
