"sim_id","n","method","component","mu_true","estimate","lower","upper","covered","elapsed_seconds"
227,10000,"Gibbs","mu_1",0,0.0191495539494427,-0.0205346077264699,0.0584263054482234,1,531.234
227,10000,"Gibbs","mu_2",5,5.00000322820141,4.95833515568989,5.04091459988437,1,531.234
227,10000,"Gibbs","mu_3",10,10.0030087338971,9.96208797081448,10.0436614353686,1,531.234
227,10000,"Gibbs","mu_4",20,20.0027667955417,19.9626641732273,20.0420343643481,1,531.234
227,10000,"VI","mu_1",0,0.019044512375687,-0.0193429174950012,0.0574319422463753,1,0.420000000000073
227,10000,"VI","mu_2",5,4.99995395796679,4.96057701644896,5.03933089948461,1,0.420000000000073
227,10000,"VI","mu_3",10,10.0031773951326,9.96340446523107,10.042950325034,1,0.420000000000073
227,10000,"VI","mu_4",20,20.002652515994,19.9633502386877,20.0419547933003,1,0.420000000000073
