"sim_id","n","method","component","mu_true","estimate","lower","upper","covered","elapsed_seconds"
18,10000,"Gibbs","mu_1",0,-0.00599730042407779,-0.0456088817562968,0.0343874643624161,1,529.27
18,10000,"Gibbs","mu_2",5,4.9896472603745,4.94786738351463,5.03275657115853,1,529.27
18,10000,"Gibbs","mu_3",10,9.99703551301701,9.95530476973441,10.0383274611999,1,529.27
18,10000,"Gibbs","mu_4",20,19.9866195557943,19.947777961579,20.0254626467657,1,529.27
18,10000,"VI","mu_1",0,-3.03361891962896e-16,-19.6,19.6,1,2.25300000000004
18,10000,"VI","mu_2",5,1.24981476615102,1.21738049234065,1.28224903996139,0,2.25300000000004
18,10000,"VI","mu_3",10,8.47788165662363,8.44610401059408,8.50965930265317,0,2.25300000000004
18,10000,"VI","mu_4",20,19.9867258231474,19.9478663717424,20.0255852745524,1,2.25300000000004
