"sim_id","n","method","component","mu_true","estimate","lower","upper","covered","elapsed_seconds"
361,10000,"Gibbs","mu_1",0,-0.0420611949724117,-0.0816469982489655,-0.00188845275207139,0,530.02
361,10000,"Gibbs","mu_2",5,5.02566607622584,4.98423163166434,5.06685553161209,1,530.02
361,10000,"Gibbs","mu_3",10,10.0013295162814,9.95994183771502,10.0422902466221,1,530.02
361,10000,"Gibbs","mu_4",20,20.0043744220272,19.9652109227321,20.043486677475,1,530.02
361,10000,"VI","mu_1",0,-0.0419214910681607,-0.080787869041741,-0.00305511309458034,0,0.448999999999955
361,10000,"VI","mu_2",5,5.02551631921657,4.98632515126394,5.0647074871692,1,0.448999999999955
361,10000,"VI","mu_3",10,10.0015272428958,9.96211223705619,10.0409422487353,1,0.448999999999955
361,10000,"VI","mu_4",20,20.0042255084041,19.9648916240073,20.0435593928009,1,0.448999999999955
