"sim_id","n","method","component","mu_true","estimate","lower","upper","covered","elapsed_seconds"
84,10000,"Gibbs","mu_1",0,-0.00351948193953902,-0.0423303189936366,0.0359562845334795,1,529.463
84,10000,"Gibbs","mu_2",5,5.0112288142847,4.96927583380503,5.05334037371729,1,529.463
84,10000,"Gibbs","mu_3",10,10.0301919847988,9.98937689001859,10.0706661036146,1,529.463
84,10000,"Gibbs","mu_4",20,19.9816975277719,19.942368614909,20.0216365086098,1,529.463
84,10000,"VI","mu_1",0,-0.00378936697532873,-0.0423169017082797,0.0347381677576222,1,0.331000000000017
84,10000,"VI","mu_2",5,5.01164303112701,4.97256962126495,5.05071644098907,1,0.331000000000017
84,10000,"VI","mu_3",10,10.0298811198089,9.99091247102908,10.0688497685887,1,0.331000000000017
84,10000,"VI","mu_4",20,19.9815149382601,19.9412202515568,20.0218096249635,1,0.331000000000017
