"sim_id","n","method","component","mu_true","estimate","lower","upper","covered","elapsed_seconds"
142,10000,"Gibbs","mu_1",0,-0.000938709190799656,-0.0424047225021718,0.0401757836079518,1,531.564
142,10000,"Gibbs","mu_2",5,4.98778894067105,4.94508761786131,5.02967506771692,1,531.564
142,10000,"Gibbs","mu_3",10,10.031803872261,9.99220082587162,10.0728115292741,1,531.564
142,10000,"Gibbs","mu_4",20,20.0098389585922,19.9700059733625,20.0497469440482,1,531.564
142,10000,"VI","mu_1",0,-1.53539604327482e-15,-19.6,19.6,1,1.88599999999997
142,10000,"VI","mu_2",5,1.7310050000844,1.70021583133512,1.76179416883369,0,1.88599999999997
142,10000,"VI","mu_3",10,8.966558717047,8.93336498748607,8.99975244660794,0,1.88599999999997
142,10000,"VI","mu_4",20,20.0102574612335,19.9707481591903,20.0497667632766,1,1.88599999999997
