"sim_id","n","method","component","mu_true","estimate","lower","upper","covered","elapsed_seconds"
153,10000,"Gibbs","mu_1",0,0.0511370481733006,0.0107192634973981,0.0913152690231678,0,534.319
153,10000,"Gibbs","mu_2",5,5.0159195806822,4.97393159921138,5.0575929982822,1,534.319
153,10000,"Gibbs","mu_3",10,9.99768750164345,9.95805010097554,10.0381927021853,1,534.319
153,10000,"Gibbs","mu_4",20,19.9863951459752,19.9468218826317,20.0259242620958,1,534.319
153,10000,"VI","mu_1",0,-3.07249414248064e-07,-19.5999992398159,19.599998625317,1,0.442000000000007
153,10000,"VI","mu_2",5,-3.07249414248064e-07,-19.5999992398159,19.599998625317,1,0.442000000000007
153,10000,"VI","mu_3",10,5.0386343585795,5.01598694910618,5.06128176805283,0,0.442000000000007
153,10000,"VI","mu_4",20,19.934670594058,19.8955498212988,19.9737913668171,0,0.442000000000007
