"sim_id","n","method","component","mu_true","estimate","lower","upper","covered","elapsed_seconds"
190,10000,"Gibbs","mu_1",0,1.33521967934632,1.26199007197706,1.41192564717089,0,508.302
190,10000,"Gibbs","mu_2",5,8.56204019083737,8.48862732856742,8.63690647713601,0,508.302
190,10000,"Gibbs","mu_3",10,19.8862742229017,19.7650337758226,19.969437918398,0,508.302
190,10000,"Gibbs","mu_4",20,20.0243649744346,19.9408126651088,20.143335309048,1,508.302
190,10000,"VI","mu_1",0,-5.05381296606928e-16,-19.6,19.6,1,2.59399999999999
190,10000,"VI","mu_2",5,1.33547934994683,1.30328979847665,1.367668901417,0,2.59399999999999
190,10000,"VI","mu_3",10,8.56153776129222,8.52981950366773,8.59325601891671,0,2.59399999999999
190,10000,"VI","mu_4",20,19.9553648606713,19.915959529491,19.9947701918517,0,2.59399999999999
