"sim_id","n","method","component","mu_true","estimate","lower","upper","covered","elapsed_seconds"
26,10000,"Gibbs","mu_1",0,-0.0339832265150263,-0.0740235180141174,0.00656172183334541,1,521.932
26,10000,"Gibbs","mu_2",5,5.00777887208586,4.96333086969217,5.05060917573486,1,521.932
26,10000,"Gibbs","mu_3",10,10.0514925105709,10.01201092962,10.0914819171104,0,521.932
26,10000,"Gibbs","mu_4",20,20.0260131041321,19.9879047227332,20.0644227097291,1,521.932
26,10000,"VI","mu_1",0,-0.0338041206222522,-0.0728156665497632,0.00520742530525892,1,0.345000000000027
26,10000,"VI","mu_2",5,5.0080724142402,4.96806703179715,5.04807779668325,1,0.345000000000027
26,10000,"VI","mu_3",10,10.05126125534,10.012274815636,10.090247695044,0,0.345000000000027
26,10000,"VI","mu_4",20,20.0262461572716,19.9874172197304,20.0650750948128,1,0.345000000000027
