"sim_id","n","method","component","mu_true","estimate","lower","upper","covered","elapsed_seconds"
357,10000,"Gibbs","mu_1",0,-0.0346505651771203,-0.0752354619605023,0.00592598303891008,1,517.795
357,10000,"Gibbs","mu_2",5,5.01356322816617,4.97225604478101,5.05614576902449,1,517.795
357,10000,"Gibbs","mu_3",10,9.9767526005943,9.93461725087764,10.0181492468803,1,517.795
357,10000,"Gibbs","mu_4",20,19.9947987695386,19.9542959901929,20.0339873655748,1,517.795
357,10000,"VI","mu_1",0,-4.62554288574697e-07,-19.5999989284617,19.5999980033531,1,0.435999999999922
357,10000,"VI","mu_2",5,-4.62554288574697e-07,-19.5999989284617,19.5999980033531,1,0.435999999999922
357,10000,"VI","mu_3",10,4.95438811325291,4.93171017350622,4.9770660529996,0,0.435999999999922
357,10000,"VI","mu_4",20,19.9710092244438,19.9320445557983,20.0099738930892,1,0.435999999999922
