"parameter","ess"
"mu_1",4033.2149629158
"mu_2",4207.38521309819
