"parameter","point_estimate","upper_CI"
"mu_1",1.00014305536005,1.00054730226898
"mu_2",1.00027144137999,1.00084313042658
