"method","elapsed_seconds"
"VI",0.760000000000218
"Gibbs_chain_1",15
"Gibbs_chain_2",16.2199999999993
"Gibbs_chain_3",24.7799999999988
"Gibbs_chain_4",21.7800000000007
"Gibbs_total",77.7799999999988
