"sim_id","n","method","component","mu_true","estimate","lower","upper","covered","elapsed_seconds"
61,100,"Gibbs","mu_1",0,-0.0476980282239035,-0.45572804383754,0.360111727339011,1,5.549
61,100,"Gibbs","mu_2",5,5.11529013263713,4.70629162542306,5.5333159128149,1,5.549
61,100,"Gibbs","mu_3",10,10.0308796411426,9.65394948249216,10.4118892011796,1,5.549
61,100,"Gibbs","mu_4",20,19.6231247318084,19.2087107524748,20.0409249104316,1,5.549
61,100,"VI","mu_1",0,-2.52291686756852e-10,-19.5999999985777,19.5999999980731,1,0.0499999999999998
61,100,"VI","mu_2",5,-2.52291686756852e-10,-19.5999999985777,19.5999999980731,1,0.0499999999999998
61,100,"VI","mu_3",10,5.31666681647866,5.09310896731617,5.54022466564114,0,0.0499999999999998
61,100,"VI","mu_4",20,19.2732855904776,18.8659618123033,19.680609368652,0,0.0499999999999998
