"sim_id","n","method","component","mu_true","estimate","lower","upper","covered","elapsed_seconds"
188,100,"Gibbs","mu_1",0,0.429191254904457,0.041767246226823,0.818280293152039,0,5.487
188,100,"Gibbs","mu_2",5,7.51013655525415,7.1934554105677,7.83610146658153,0,5.487
188,100,"Gibbs","mu_3",10,19.5606206737714,18.8948321900805,20.0928143075359,0,5.487
188,100,"Gibbs","mu_4",20,20.2122896542348,19.6930791071701,20.8345294298777,1,5.487
188,100,"VI","mu_1",0,-4.27200249473172e-13,-19.5999999999968,19.5999999999959,1,0.0519999999999996
188,100,"VI","mu_2",5,-4.27200249473172e-13,-19.5999999999968,19.5999999999959,1,0.0519999999999996
188,100,"VI","mu_3",10,4.49350315270746,4.25939598050934,4.72761032490559,0,0.0519999999999996
188,100,"VI","mu_4",20,19.6628255017931,19.3045361394102,20.021114864176,1,0.0519999999999996
