"sim_id","n","method","component","mu_true","estimate","lower","upper","covered","elapsed_seconds"
481,100,"Gibbs","mu_1",0,0.00394530527369736,-0.429150788019835,0.500850121009143,1,5.51
481,100,"Gibbs","mu_2",5,7.70390877304005,7.34196342906819,8.1257524197597,0,5.51
481,100,"Gibbs","mu_3",10,20.0356227881225,19.4090277175646,20.5441335934929,0,5.51
481,100,"Gibbs","mu_4",20,20.572183772608,20.0663221951802,21.1792834623503,0,5.51
481,100,"VI","mu_1",0,-0.143168027925538,-0.489695750719927,0.203359694868852,1,0.0489999999999995
481,100,"VI","mu_2",5,5.24119148374067,4.81414732551123,5.6682356419701,1,0.0489999999999995
481,100,"VI","mu_3",10,9.94935699930255,9.52137610782013,10.377337890785,1,0.0489999999999995
481,100,"VI","mu_4",20,20.3133920008609,19.9290782753707,20.6977057263511,1,0.0489999999999995
