"sim_id","n","method","component","mu_true","estimate","lower","upper","covered","elapsed_seconds"
466,100,"Gibbs","mu_1",0,0.185473328018381,-0.255633541938459,0.65097641005883,1,5.184
466,100,"Gibbs","mu_2",5,4.80640826273346,4.38728440930107,5.23801965711121,1,5.184
466,100,"Gibbs","mu_3",10,10.0087343296724,9.61880081374297,10.4032034244312,1,5.184
466,100,"Gibbs","mu_4",20,20.438961349955,20.0336536189849,20.844330781429,0,5.184
466,100,"VI","mu_1",0,-1.39578276379701e-06,-19.5999969932859,19.5999942017203,1,0.0440000000000005
466,100,"VI","mu_2",5,-1.39578276379701e-06,-19.5999969932859,19.5999942017203,1,0.0440000000000005
466,100,"VI","mu_3",10,5.33004165693511,5.10522902504615,5.55485428882407,0,0.0440000000000005
466,100,"VI","mu_4",20,20.4408428716042,20.0408428856893,20.840842857519,0,0.0440000000000005
