"sim_id","n","method","component","mu_true","estimate","lower","upper","covered","elapsed_seconds"
271,100,"Gibbs","mu_1",0,0.0852548815958878,-0.328907738719609,0.498226609076541,1,5.532
271,100,"Gibbs","mu_2",5,5.16370842904494,4.77697778960517,5.54569122324171,1,5.532
271,100,"Gibbs","mu_3",10,10.3419676835852,9.96131299717618,10.7191060398188,1,5.532
271,100,"Gibbs","mu_4",20,20.196361233362,19.7901995765714,20.6002585300691,1,5.532
271,100,"VI","mu_1",0,0.0833163067540585,-0.325539568770273,0.49217218227839,1,0.0499999999999998
271,100,"VI","mu_2",5,5.16270204973863,4.7856046143253,5.53979948515195,1,0.0499999999999998
271,100,"VI","mu_3",10,10.3443682191777,9.96740230271247,10.7213341356428,1,0.0499999999999998
271,100,"VI","mu_4",20,20.1974739799292,19.7888745446885,20.6060734151699,1,0.0499999999999998
