"sim_id","n","method","component","mu_true","estimate","lower","upper","covered","elapsed_seconds"
190,100,"Gibbs","mu_1",0,-0.241063840516666,-0.579931376742247,0.0962531599832022,1,5.485
190,100,"Gibbs","mu_2",5,4.53107263545283,4.04247484232699,5.02895214990135,1,5.485
190,100,"Gibbs","mu_3",10,9.78537847763501,9.41543355379814,10.1661516227794,1,5.485
190,100,"Gibbs","mu_4",20,19.4181285070143,18.9035883746824,19.9412194876745,0,5.485
190,100,"VI","mu_1",0,-0.23768489446603,-0.563433136362888,0.0880633474308288,1,0.0510000000000002
190,100,"VI","mu_2",5,4.53627741014446,4.11266390160331,4.95989091868561,0,0.0510000000000002
190,100,"VI","mu_3",10,9.78423200685854,9.41656681494199,10.1518971987751,1,0.0510000000000002
190,100,"VI","mu_4",20,19.4205433356,18.8968982841579,19.9441883870422,0,0.0510000000000002
