"sim_id","n","method","component","mu_true","estimate","lower","upper","covered","elapsed_seconds"
21,100,"Gibbs","mu_1",0,-0.0620575689141632,-0.571203582720106,0.452230760280194,1,5.518
21,100,"Gibbs","mu_2",5,4.60808600429282,4.24073817443487,4.98066162012355,0,5.518
21,100,"Gibbs","mu_3",10,9.87150874253692,9.49354076472104,10.2631495665976,1,5.518
21,100,"Gibbs","mu_4",20,20.1501649053063,19.7536488119436,20.5320870040391,1,5.518
21,100,"VI","mu_1",0,-6.13410145316718e-16,-19.6,19.6,1,0.048
21,100,"VI","mu_2",5,2.81217599973577,2.53078083159049,3.09357116788105,0,0.048
21,100,"VI","mu_3",10,9.80162759728924,9.42091717870637,10.1823380158721,1,0.048
21,100,"VI","mu_4",20,20.152812863942,19.7608912404299,20.5447344874542,1,0.048
