"sim_id","n","method","component","mu_true","estimate","lower","upper","covered","elapsed_seconds"
418,100,"Gibbs","mu_1",0,-0.5338401298859,-0.949924824979211,-0.126990826775786,0,5.445
418,100,"Gibbs","mu_2",5,4.37056096053045,3.96490499740168,4.78105227196968,0,5.445
418,100,"Gibbs","mu_3",10,10.0145891630304,9.54312648497149,10.4703808889407,1,5.445
418,100,"Gibbs","mu_4",20,20.2109496211822,19.839991801625,20.597034857253,1,5.445
418,100,"VI","mu_1",0,-8.96762870849482e-19,-19.6,19.6,1,0.056
418,100,"VI","mu_2",5,0.73540395388181,0.43161176702563,1.03919614073799,0,0.056
418,100,"VI","mu_3",10,8.08296215693187,7.73315479868147,8.43276951518227,0,0.056
418,100,"VI","mu_4",20,20.2098367873323,19.8327044443191,20.5869691303455,1,0.056
