"sim_id","n","method","component","mu_true","estimate","lower","upper","covered","elapsed_seconds"
173,100,"Gibbs","mu_1",0,0.490099694657199,0.0806728318545725,0.889158369030878,0,5.41
173,100,"Gibbs","mu_2",5,5.30535102197285,4.83522278949908,5.77879104653741,1,5.41
173,100,"Gibbs","mu_3",10,10.0913372566992,9.66298065175787,10.5370349925004,1,5.41
173,100,"Gibbs","mu_4",20,20.4398763167521,20.0922267102914,20.7936824624386,0,5.41
173,100,"VI","mu_1",0,-1.50544157213321e-18,-19.6,19.6,1,0.056
173,100,"VI","mu_2",5,1.57693807724903,1.2403337660953,1.91354238840277,0,0.056
173,100,"VI","mu_3",10,8.51704923653969,8.19089989351406,8.84319857956533,0,0.056
173,100,"VI","mu_4",20,20.4403444490275,20.0825586707855,20.7981302272696,0,0.056
