"sim_id","n","method","component","mu_true","estimate","lower","upper","covered","elapsed_seconds"
169,100,"Gibbs","mu_1",0,-0.0110091333329639,-0.452557072648205,0.415476941435674,1,5.543
169,100,"Gibbs","mu_2",5,4.75413901266421,4.31730485837458,5.19311157908703,1,5.543
169,100,"Gibbs","mu_3",10,10.1215767720728,9.72167173373331,10.5211011877357,1,5.543
169,100,"Gibbs","mu_4",20,20.0977699210771,19.6850180571906,20.50554806915,1,5.543
169,100,"VI","mu_1",0,-2.55494498242563e-17,-19.6,19.6,1,0.0569999999999995
169,100,"VI","mu_2",5,1.72495722866282,1.42810105289683,2.02181340442881,0,0.0569999999999995
169,100,"VI","mu_3",10,9.12619098377228,8.79214326294134,9.46023870460322,0,0.0569999999999995
169,100,"VI","mu_4",20,20.1005475102874,19.6827690450943,20.5183259754805,1,0.0569999999999995
