"sim_id","n","method","component","mu_true","estimate","lower","upper","covered","elapsed_seconds"
29,100,"Gibbs","mu_1",0,-0.0532777735586244,-0.496190190031121,0.393071959505626,1,5.5
29,100,"Gibbs","mu_2",5,4.96705983401014,4.57836002903857,5.35477175976008,1,5.5
29,100,"Gibbs","mu_3",10,10.1510918495697,9.72346870048864,10.5676000475329,1,5.5
29,100,"Gibbs","mu_4",20,19.9254147839375,19.5255501681195,20.3271470004431,1,5.5
29,100,"VI","mu_1",0,-7.95495931255204e-18,-19.6,19.6,1,0.0550000000000006
29,100,"VI","mu_2",5,1.689819285184,1.37728505938389,2.00235351098412,0,0.0550000000000006
29,100,"VI","mu_3",10,8.78416393789301,8.46058631609619,9.10774155968983,0,0.0550000000000006
29,100,"VI","mu_4",20,19.9248794055695,19.5248794055695,20.3248794055695,1,0.0550000000000006
