"sim_id","n","method","component","mu_true","estimate","lower","upper","covered","elapsed_seconds"
229,100,"Gibbs","mu_1",0,-0.153559536323194,-0.598602346754526,0.29334633872797,1,5.512
229,100,"Gibbs","mu_2",5,5.06925972724726,4.66132513320187,5.45985573125574,1,5.512
229,100,"Gibbs","mu_3",10,10.185969197198,9.7338358448921,10.6394679214653,1,5.512
229,100,"Gibbs","mu_4",20,20.0727306406835,19.745743024512,20.4050152488535,1,5.512
229,100,"VI","mu_1",0,-0.156550094651035,-0.594363183524358,0.281262994222289,1,0.0510000000000002
229,100,"VI","mu_2",5,5.06757520844963,4.67631786864238,5.45883254825688,1,0.0510000000000002
229,100,"VI","mu_3",10,10.1805566805241,9.7411135558195,10.6199998052286,1,0.0510000000000002
229,100,"VI","mu_4",20,20.0735611190558,19.742307969701,20.4048142684105,1,0.0510000000000002
