"sim_id","n","method","component","mu_true","estimate","lower","upper","covered","elapsed_seconds"
9,100,"Gibbs","mu_1",0,-0.0542331060816956,-0.443205393218093,0.326636062181335,1,5.51
9,100,"Gibbs","mu_2",5,4.55611445814797,4.0829144551017,5.01681327596338,1,5.51
9,100,"Gibbs","mu_3",10,10.0139999978665,9.59214978636801,10.4207943089968,1,5.51
9,100,"Gibbs","mu_4",20,20.2022331005434,19.8434335603217,20.5615735634235,1,5.51
9,100,"VI","mu_1",0,-1.73767827736768e-18,-19.6,19.6,1,0.0549999999999997
9,100,"VI","mu_2",5,1.01991098356195,0.702863116729534,1.33695885039437,0,0.0549999999999997
9,100,"VI","mu_3",10,8.67316614610861,8.32001289334063,9.02631939887659,0,0.0549999999999997
9,100,"VI","mu_4",20,20.2052333236273,19.8532636963789,20.5572029508757,1,0.0549999999999997
