"sim_id","n","method","component","mu_true","estimate","lower","upper","covered","elapsed_seconds"
404,100,"Gibbs","mu_1",0,0.199830253965133,-0.303909265084062,0.70275676434734,1,5.462
404,100,"Gibbs","mu_2",5,4.91954202915075,4.50650598144751,5.33337354172314,1,5.462
404,100,"Gibbs","mu_3",10,9.90217781241958,9.51522814444911,10.2852481257758,1,5.462
404,100,"Gibbs","mu_4",20,20.071615184263,19.6909265802839,20.4535450047364,1,5.462
404,100,"VI","mu_1",0,0.192512449208586,-0.263721458960544,0.648746357377716,1,0.0499999999999998
404,100,"VI","mu_2",5,4.90656185484336,4.53503429357894,5.27808941610778,1,0.0499999999999998
404,100,"VI","mu_3",10,9.89508886707713,9.51607816696658,10.2740995671877,1,0.0499999999999998
404,100,"VI","mu_4",20,20.0716507350125,19.6945183919989,20.4487830780261,1,0.0499999999999998
