"sim_id","n","method","component","mu_true","estimate","lower","upper","covered","elapsed_seconds"
80,100,"Gibbs","mu_1",0,-0.444985845251674,-0.928061556233972,0.0512240234570165,1,5.179
80,100,"Gibbs","mu_2",5,5.00482868729701,4.60696468516075,5.39905133095615,1,5.179
80,100,"Gibbs","mu_3",10,10.1286943508771,9.72214508973342,10.5382276575898,1,5.179
80,100,"Gibbs","mu_4",20,20.243382086818,19.8589750057321,20.6264694550935,1,5.179
80,100,"VI","mu_1",0,-0.449617859759228,-0.899937430063575,0.000701710545118805,1,0.0500000000000007
80,100,"VI","mu_2",5,5.0030597920298,4.63992447367847,5.36619511038112,1,0.0500000000000007
80,100,"VI","mu_3",10,10.1302301736843,9.73786687805536,10.5225934693131,1,0.0500000000000007
80,100,"VI","mu_4",20,20.2434676123365,19.8663352693233,20.6205999553497,1,0.0500000000000007
