"sim_id","n","method","component","mu_true","estimate","lower","upper","covered","elapsed_seconds"
178,100,"Gibbs","mu_1",0,0.218874393027808,-0.168951425266435,0.626033821940591,1,5.506
178,100,"Gibbs","mu_2",5,4.74271123475548,4.25161983162977,5.27300677910279,1,5.506
178,100,"Gibbs","mu_3",10,10.1019001123037,9.70067981640508,10.5037154900804,1,5.506
178,100,"Gibbs","mu_4",20,20.1052364513495,19.7283434701413,20.4812182274992,1,5.506
178,100,"VI","mu_1",0,1.48351707573719,1.18028845505199,1.7867456964224,0,0.0540000000000003
178,100,"VI","mu_2",5,9.32158306541433,8.82573538963305,9.8174307411956,0,0.0540000000000003
178,100,"VI","mu_3",10,9.32158306541433,8.82573538963305,9.8174307411956,0,0.0540000000000003
178,100,"VI","mu_4",20,20.1043858380602,19.7272534950478,20.4815181810727,1,0.0540000000000003
