"sim_id","n","method","component","mu_true","estimate","lower","upper","covered","elapsed_seconds"
411,100,"Gibbs","mu_1",0,0.0303605572639631,-0.365934628067607,0.423565496479701,1,5.476
411,100,"Gibbs","mu_2",5,4.7121210572718,4.26777151677589,5.14694929482043,1,5.476
411,100,"Gibbs","mu_3",10,10.2190790063462,9.79306301542239,10.6323595944134,1,5.476
411,100,"Gibbs","mu_4",20,20.0303375069636,19.6787075055977,20.3840753265394,1,5.476
411,100,"VI","mu_1",0,-1.24861895988166e-17,-19.6,19.6,1,0.056
411,100,"VI","mu_2",5,2.19004389699774,1.90683212737286,2.47325566662261,0,0.056
411,100,"VI","mu_3",10,10.1950438057419,9.7783531615102,10.6117344499735,1,0.056
411,100,"VI","mu_4",20,20.0291377573005,19.6713519790577,20.3869235355432,1,0.056
