"sim_id","n","method","component","mu_true","estimate","lower","upper","covered","elapsed_seconds"
17,100,"Gibbs","mu_1",0,0.1004735109136,-0.281654283030926,0.489315125491587,1,5.518
17,100,"Gibbs","mu_2",5,4.78403149227308,4.36961163891314,5.1920403920317,1,5.518
17,100,"Gibbs","mu_3",10,9.98827458658132,9.58859114022771,10.3938108202139,1,5.518
17,100,"Gibbs","mu_4",20,20.208044984973,19.8292278354583,20.5882304077313,1,5.518
17,100,"VI","mu_1",0,-7.63268562641605e-19,-19.6,19.6,1,0.056
17,100,"VI","mu_2",5,1.01133441539393,0.681816233480862,1.340852597307,0,0.056
17,100,"VI","mu_3",10,8.19962771791965,7.8843193659688,8.5149360698705,0,0.056
17,100,"VI","mu_4",20,20.2083111476127,19.8239974221225,20.5926248731029,1,0.056
