"sim_id","n","method","component","mu_true","estimate","lower","upper","covered","elapsed_seconds"
213,100,"Gibbs","mu_1",0,-0.158723628079145,-0.550610697540143,0.228282315661019,1,5.543
213,100,"Gibbs","mu_2",5,4.83086280899584,4.36293885851426,5.31239168654545,1,5.543
213,100,"Gibbs","mu_3",10,10.156381614361,9.7301368295128,10.575217693856,1,5.543
213,100,"Gibbs","mu_4",20,19.9078475531337,19.5578497912988,20.2603705779665,1,5.543
213,100,"VI","mu_1",0,-3.06215864221354e-18,-19.6,19.6,1,0.0540000000000003
213,100,"VI","mu_2",5,1.0282850491158,0.711315116974366,1.34525498125724,0,0.0540000000000003
213,100,"VI","mu_3",10,8.78483738640719,8.43717802004227,9.13249675277211,0,0.0540000000000003
213,100,"VI","mu_4",20,19.907687701541,19.5499019233006,20.2654734797814,1,0.0540000000000003
