"sim_id","n","method","component","mu_true","estimate","lower","upper","covered","elapsed_seconds"
186,100,"Gibbs","mu_1",0,-0.011835948854963,-0.339563234657555,0.307917900179544,1,5.537
186,100,"Gibbs","mu_2",5,4.81806362350385,4.36665440738836,5.26466094048886,1,5.537
186,100,"Gibbs","mu_3",10,10.4053605067763,9.95360468973186,10.8662539874253,1,5.537
186,100,"Gibbs","mu_4",20,20.1383470609689,19.7457836130678,20.5289927720062,1,5.537
186,100,"VI","mu_1",0,-9.44057234674374e-19,-19.6,19.6,1,0.0550000000000006
186,100,"VI","mu_2",5,0.962444000880207,0.684406972033168,1.24048102972725,0,0.0550000000000006
186,100,"VI","mu_3",10,8.98558062097054,8.60357796831591,9.36758327362518,0,0.0550000000000006
186,100,"VI","mu_4",20,20.1371471671648,19.7371471671656,20.537147167164,1,0.0550000000000006
