"sim_id","n","method","component","mu_true","estimate","lower","upper","covered","elapsed_seconds"
273,100,"Gibbs","mu_1",0,-0.0589571523102601,-0.48396508140653,0.372682171147918,1,5.52
273,100,"Gibbs","mu_2",5,4.85610578687342,4.45413410627426,5.25236038775064,1,5.52
273,100,"Gibbs","mu_3",10,9.67928753313611,9.25598605867709,10.0996576415975,1,5.52
273,100,"Gibbs","mu_4",20,20.0228947983216,19.6149157242901,20.4373580111815,1,5.52
273,100,"VI","mu_1",0,-2.7589683712852e-18,-19.6,19.6,1,0.0529999999999999
273,100,"VI","mu_2",5,1.03997234930848,0.711281721458937,1.36866297715802,0,0.0529999999999999
273,100,"VI","mu_3",10,7.82746242986014,7.52667760487131,8.12824725484897,0,0.0529999999999999
273,100,"VI","mu_4",20,20.0218958751056,19.6041174099125,20.4396743402987,1,0.0529999999999999
