"sim_id","n","method","component","mu_true","estimate","lower","upper","covered","elapsed_seconds"
75,100,"Gibbs","mu_1",0,-0.118639156323265,-0.49742859076546,0.255942351236152,1,5.524
75,100,"Gibbs","mu_2",5,4.94377300712916,4.52210055352805,5.36097379759798,1,5.524
75,100,"Gibbs","mu_3",10,9.80251623383116,9.33392789592024,10.2622808740028,1,5.524
75,100,"Gibbs","mu_4",20,19.7815140526487,19.4184581395701,20.1528550344891,1,5.524
75,100,"VI","mu_1",0,-6.13948759010907e-12,-19.5999999999797,19.5999999999674,1,0.0490000000000004
75,100,"VI","mu_2",5,-6.13948759010907e-12,-19.5999999999797,19.5999999999674,1,0.0490000000000004
75,100,"VI","mu_3",10,4.20872659192504,3.97773276362517,4.4397204202249,0,0.0490000000000004
75,100,"VI","mu_4",20,19.7750431240852,19.4047932749302,20.1452929732402,1,0.0490000000000004
