"sim_id","n","method","component","mu_true","estimate","lower","upper","covered","elapsed_seconds"
261,100,"Gibbs","mu_1",0,0.0107190869706377,-0.406404497018522,0.422608901635825,1,5.442
261,100,"Gibbs","mu_2",5,4.80622422886266,4.4115133420947,5.19922840801694,1,5.442
261,100,"Gibbs","mu_3",10,9.87428149518338,9.44081453165197,10.3149640357548,1,5.442
261,100,"Gibbs","mu_4",20,20.2638042808781,19.895610804131,20.6255946381815,1,5.442
261,100,"VI","mu_1",0,-1.19104169055781e-09,-19.5999999967506,19.5999999943685,1,0.0490000000000004
261,100,"VI","mu_2",5,-1.19104169055781e-09,-19.5999999967506,19.5999999943685,1,0.0490000000000004
261,100,"VI","mu_3",10,4.75762081058796,4.52337271985946,4.99186890131646,0,0.0490000000000004
261,100,"VI","mu_4",20,20.2647505690837,19.9069648432451,20.6225362949222,1,0.0490000000000004
