"sim_id","n","method","component","mu_true","estimate","lower","upper","covered","elapsed_seconds"
459,100,"Gibbs","mu_1",0,0.124125956110828,-0.298916891177806,0.562882977115536,1,5.511
459,100,"Gibbs","mu_2",5,5.27185868983126,4.82177222869086,5.71510949534303,1,5.511
459,100,"Gibbs","mu_3",10,10.0824938400696,9.72171004012112,10.4303167616484,1,5.511
459,100,"Gibbs","mu_4",20,20.1847029998365,19.753227946994,20.6170586766782,1,5.511
459,100,"VI","mu_1",0,-9.49480033597257e-18,-19.6,19.6,1,0.0529999999999999
459,100,"VI","mu_2",5,1.77890166433008,1.44947239491123,2.10833093374893,0,0.0529999999999999
459,100,"VI","mu_3",10,9.21056820458476,8.91715129017122,9.50398511899831,0,0.0529999999999999
459,100,"VI","mu_4",20,20.1811925832851,19.7430327859554,20.6193523806148,1,0.0529999999999999
