"sim_id","n","method","component","mu_true","estimate","lower","upper","covered","elapsed_seconds"
349,100,"Gibbs","mu_1",0,0.180774441979849,-0.166113949056153,0.530677046850131,1,5.543
349,100,"Gibbs","mu_2",5,4.96077102538725,4.60503475661315,5.3197835226947,1,5.543
349,100,"Gibbs","mu_3",10,10.0258520622157,9.55536932994072,10.4861116356035,1,5.543
349,100,"Gibbs","mu_4",20,20.1252317337518,19.6206703321236,20.6242400716627,1,5.543
349,100,"VI","mu_1",0,-2.2549861398902e-19,-19.6,19.6,1,0.0519999999999996
349,100,"VI","mu_2",5,0.56265110700304,0.242636353859761,0.882665860146319,0,0.0519999999999996
349,100,"VI","mu_3",10,7.16492239618404,6.88055915457347,7.44928563779462,0,0.0519999999999996
349,100,"VI","mu_4",20,20.1212669967902,19.6153657785302,20.6271682150502,1,0.0519999999999996
