"sim_id","n","method","component","mu_true","estimate","lower","upper","covered","elapsed_seconds"
383,100,"Gibbs","mu_1",0,-0.173689489439699,-0.519653930666348,0.168454976766282,1,5.566
383,100,"Gibbs","mu_2",5,4.86262781021542,4.39933234159394,5.33106800273072,1,5.566
383,100,"Gibbs","mu_3",10,10.0805456212268,9.63818385768388,10.5193780188005,1,5.566
383,100,"Gibbs","mu_4",20,19.6265890494773,19.2589603665109,19.997036381547,0,5.566
383,100,"VI","mu_1",0,-0.169069724854093,-0.516367637318895,0.178228187610709,1,0.0520000000000005
383,100,"VI","mu_2",5,4.86346205527241,4.42735574563623,5.29956836490859,1,0.0520000000000005
383,100,"VI","mu_3",10,10.0795521686739,9.64107709695917,10.5180272403886,1,0.0520000000000005
383,100,"VI","mu_4",20,19.6270431156336,19.2567040581551,19.9973821731122,0,0.0520000000000005
