"sim_id","n","method","component","mu_true","estimate","lower","upper","covered","elapsed_seconds"
326,100,"Gibbs","mu_1",0,0.291561947148072,-0.125787709037818,0.722928054526552,1,5.509
326,100,"Gibbs","mu_2",5,5.07778341333926,4.66544993814623,5.47286716598421,1,5.509
326,100,"Gibbs","mu_3",10,10.060824177107,9.67621621531974,10.4641091959428,1,5.509
326,100,"Gibbs","mu_4",20,20.1867080938771,19.7902055628419,20.5730498000069,1,5.509
326,100,"VI","mu_1",0,0.297162730743615,-0.106876544053547,0.701202005540777,1,0.0479999999999992
326,100,"VI","mu_2",5,5.07968316491736,4.69883276918797,5.46053356064674,1,0.0479999999999992
326,100,"VI","mu_3",10,10.0627911651244,9.67088884312099,10.4546934871277,1,0.0479999999999992
326,100,"VI","mu_4",20,20.1876085601224,19.7956869366102,20.5795301836345,1,0.0479999999999992
