"sim_id","n","method","component","mu_true","estimate","lower","upper","covered","elapsed_seconds"
342,100,"Gibbs","mu_1",0,-0.0931685587619996,-0.448632852062555,0.263573241409092,1,5.497
342,100,"Gibbs","mu_2",5,4.49516040549817,4.05127155291842,4.91824990588439,0,5.497
342,100,"Gibbs","mu_3",10,9.83299257124083,9.33256581233027,10.3163645180619,1,5.497
342,100,"Gibbs","mu_4",20,20.2637513405656,19.865503403096,20.6558232185327,1,5.497
342,100,"VI","mu_1",0,-1.74187558215774e-18,-19.6,19.6,1,0.0500000000000007
342,100,"VI","mu_2",5,1.06478449222472,0.782626479616077,1.34694250483336,0,0.0500000000000007
342,100,"VI","mu_3",10,8.35707139106349,7.97822865108871,8.73591413103827,0,0.0500000000000007
342,100,"VI","mu_4",20,20.2625611983219,19.8706395748098,20.6544828218341,1,0.0500000000000007
