"sim_id","n","method","component","mu_true","estimate","lower","upper","covered","elapsed_seconds"
195,100,"Gibbs","mu_1",0,-0.0512787869879613,-0.539813717627151,0.437717829984119,1,5.521
195,100,"Gibbs","mu_2",5,5.05078409893661,4.61046101147402,5.49988628049254,1,5.521
195,100,"Gibbs","mu_3",10,10.1832773381676,9.81984093896865,10.5384655813867,1,5.521
195,100,"Gibbs","mu_4",20,20.0464260048651,19.6848660855304,20.4105151793933,1,5.521
195,100,"VI","mu_1",0,-0.0513605629827539,-0.526500801617008,0.423779675651501,1,0.048
195,100,"VI","mu_2",5,5.05515091299281,4.63478784210078,5.47551398388484,1,0.048
195,100,"VI","mu_3",10,10.1838392980439,9.83882764739687,10.528850948691,1,0.048
195,100,"VI","mu_4",20,20.0472087686165,19.6833086417857,20.4111088954474,1,0.048
