"sim_id","n","method","component","mu_true","estimate","lower","upper","covered","elapsed_seconds"
453,100,"Gibbs","mu_1",0,0.173216512304407,-0.247712570916598,0.584834648280611,1,5.522
453,100,"Gibbs","mu_2",5,5.02023397738179,4.55882333430331,5.46507725108011,1,5.522
453,100,"Gibbs","mu_3",10,9.95257969976807,9.56380474364332,10.3341139977967,1,5.522
453,100,"Gibbs","mu_4",20,20.0015278395477,19.6062926367791,20.3992541788368,1,5.522
453,100,"VI","mu_1",0,-7.6214463412748e-16,-19.6,19.6,1,0.056
453,100,"VI","mu_2",5,2.2016536228234,1.89816616137687,2.50514108426994,0,0.056
453,100,"VI","mu_3",10,9.47094225535384,9.13134609275484,9.81053841795285,0,0.056
453,100,"VI","mu_4",20,20.0028032158977,19.6108815923856,20.3947248394099,1,0.056
