"sim_id","n","method","component","mu_true","estimate","lower","upper","covered","elapsed_seconds"
278,100,"Gibbs","mu_1",0,0.143720943833824,-0.26081174862554,0.539013678605216,1,5.551
278,100,"Gibbs","mu_2",5,4.9675263472169,4.53997572647284,5.39409653832141,1,5.551
278,100,"Gibbs","mu_3",10,9.83558338288822,9.48556770803732,10.1971107429016,1,5.551
278,100,"Gibbs","mu_4",20,20.4138497949905,19.9847859035363,20.837443022469,1,5.551
278,100,"VI","mu_1",0,-3.75857450870342e-18,-19.6,19.6,1,0.0540000000000003
278,100,"VI","mu_2",5,1.83354987175677,1.52650760451894,2.1405921389946,0,0.0540000000000003
278,100,"VI","mu_3",10,9.10515461491065,8.7883288014193,9.421980428402,0,0.0540000000000003
278,100,"VI","mu_4",20,20.4169540461067,19.9893487799044,20.844559312309,1,0.0540000000000003
