"sim_id","n","method","component","mu_true","estimate","lower","upper","covered","elapsed_seconds"
292,100,"Gibbs","mu_1",0,0.188957050926902,-0.23440979616228,0.59132043688706,1,5.505
292,100,"Gibbs","mu_2",5,5.18603458300329,4.75714947213668,5.60597185699342,1,5.505
292,100,"Gibbs","mu_3",10,10.3256810890138,9.85068022567922,10.8083014605178,1,5.505
292,100,"Gibbs","mu_4",20,19.9261885720065,19.5599867870158,20.2919724435331,1,5.505
292,100,"VI","mu_1",0,-3.43385773591105e-19,-19.6,19.6,1,0.0529999999999999
292,100,"VI","mu_2",5,0.487201762234425,0.12308329695702,0.85132022751183,0,0.0529999999999999
292,100,"VI","mu_3",10,7.41082514858511,7.10479973033204,7.71685056683818,0,0.0529999999999999
292,100,"VI","mu_4",20,19.9201560540811,19.5625170674597,20.2777950407026,1,0.0529999999999999
