"sim_id","n","method","component","mu_true","estimate","lower","upper","covered","elapsed_seconds"
8,100,"Gibbs","mu_1",0,0.179599173814154,-0.209212074116705,0.557186667308241,1,5.51
8,100,"Gibbs","mu_2",5,5.05119781161059,4.63556067290383,5.46864736329387,1,5.51
8,100,"Gibbs","mu_3",10,10.0588352765288,9.65507640946489,10.4547945162531,1,5.51
8,100,"Gibbs","mu_4",20,19.9252396971001,19.5014914461375,20.3499873631359,1,5.51
8,100,"VI","mu_1",0,-1.80305420999014e-16,-19.6,19.6,1,0.0490000000000004
8,100,"VI","mu_2",5,-1.80305420999014e-16,-19.6,19.6,1,0.0490000000000004
8,100,"VI","mu_3",10,2.71523522808766,2.45758829246534,2.97288216370997,0,0.0490000000000004
8,100,"VI","mu_4",20,15.0901970697302,14.7882969726976,15.3920971667627,0,0.0490000000000004
