"sim_id","n","method","component","mu_true","estimate","lower","upper","covered","elapsed_seconds"
301,100,"Gibbs","mu_1",0,-0.0907462943957016,-0.547646881392656,0.359137284340561,1,5.537
301,100,"Gibbs","mu_2",5,4.98408722851054,4.51797283794155,5.46219225275758,1,5.537
301,100,"Gibbs","mu_3",10,10.1422979076792,9.67313247941218,10.607102190871,1,5.537
301,100,"Gibbs","mu_4",20,20.0320954742804,19.7057324289377,20.354669256766,1,5.537
301,100,"VI","mu_1",0,-2.41775728517774e-18,-19.6,19.6,1,0.0579999999999998
301,100,"VI","mu_2",5,1.22074292783417,0.875256002557633,1.5662298531107,0,0.0579999999999998
301,100,"VI","mu_3",10,8.56197858817659,8.20314708268666,8.92081009366652,0,0.0579999999999998
301,100,"VI","mu_4",20,20.0317388744047,19.7138267167985,20.3496510320109,1,0.0579999999999998
