"sim_id","n","method","component","mu_true","estimate","lower","upper","covered","elapsed_seconds"
334,100,"Gibbs","mu_1",0,0.0636769657724121,-0.466221228898336,0.589318929859513,1,5.517
334,100,"Gibbs","mu_2",5,4.69042279635055,4.28589632020884,5.09591124146432,1,5.517
334,100,"Gibbs","mu_3",10,10.1166117387861,9.75762932444983,10.4712646289859,1,5.517
334,100,"Gibbs","mu_4",20,19.9361828919436,19.5494218105197,20.3180310125723,1,5.517
334,100,"VI","mu_1",0,0.0675435671170216,-0.412834728059199,0.547921862293242,1,0.0510000000000002
334,100,"VI","mu_2",5,4.69373804670478,4.31103689704394,5.07643919636562,1,0.0510000000000002
334,100,"VI","mu_3",10,10.1219802023211,9.77081921924878,10.4731411853935,1,0.0510000000000002
334,100,"VI","mu_4",20,19.9368370981094,19.5525233726173,20.3211508236014,1,0.0510000000000002
