"sim_id","n","method","component","mu_true","estimate","lower","upper","covered","elapsed_seconds"
497,100,"Gibbs","mu_1",0,0.115183142721521,-0.315069884012419,0.548471920496991,1,5.487
497,100,"Gibbs","mu_2",5,4.91241370291425,4.37348721900135,5.46741848337398,1,5.487
497,100,"Gibbs","mu_3",10,10.3094663054112,9.86675175898536,10.744902737051,1,5.487
497,100,"Gibbs","mu_4",20,19.8493395846725,19.5016956331514,20.2061868232625,1,5.487
497,100,"VI","mu_1",0,0.108288848553426,-0.284052569910213,0.500630267017066,1,0.0499999999999998
497,100,"VI","mu_2",5,4.90511996953585,4.46284517560888,5.34739476346282,1,0.0499999999999998
497,100,"VI","mu_3",10,10.3070137096228,9.91050037887589,10.7035270403698,1,0.0499999999999998
497,100,"VI","mu_4",20,19.8487019926986,19.4967323654435,20.2006716199538,1,0.0499999999999998
