"sim_id","n","method","component","mu_true","estimate","lower","upper","covered","elapsed_seconds"
335,100,"Gibbs","mu_1",0,-0.0478167307205731,-0.465783280103751,0.359564558522678,1,5.525
335,100,"Gibbs","mu_2",5,4.83822261498146,4.4174075533492,5.24713380941494,1,5.525
335,100,"Gibbs","mu_3",10,9.7504170395644,9.32620471181487,10.168844818553,1,5.525
335,100,"Gibbs","mu_4",20,19.9618555874193,19.5867956680089,20.332350261975,1,5.525
335,100,"VI","mu_1",0,-0.049162869194503,-0.449362507892315,0.351036769503309,1,0.0469999999999997
335,100,"VI","mu_2",5,4.82951394205913,4.43871396352421,5.22031392059405,1,0.0469999999999997
335,100,"VI","mu_3",10,9.74986519783611,9.34019773049415,10.1595326651781,1,0.0469999999999997
335,100,"VI","mu_4",20,19.958942280001,19.5886032225233,20.3292813374788,1,0.0469999999999997
