"sim_id","n","method","component","mu_true","estimate","lower","upper","covered","elapsed_seconds"
48,100,"Gibbs","mu_1",0,-0.407730163906478,-0.880246407478481,0.0543665399604384,1,5.523
48,100,"Gibbs","mu_2",5,4.92652054950257,4.40187765062353,5.459166556398,1,5.523
48,100,"Gibbs","mu_3",10,9.81647744770745,9.44384918826684,10.1892393195422,1,5.523
48,100,"Gibbs","mu_4",20,19.96199091571,19.6040430800984,20.3205427443905,1,5.523
48,100,"VI","mu_1",0,-1.85379300772928e-07,-19.5999995409843,19.5999991702257,1,0.0519999999999996
48,100,"VI","mu_2",5,-1.85379300772928e-07,-19.5999995409843,19.5999991702257,1,0.0519999999999996
48,100,"VI","mu_3",10,5.24284018652003,5.01186801039833,5.47381236264174,0,0.0519999999999996
48,100,"VI","mu_4",20,19.9634731567461,19.5931340997195,20.3338122137726,1,0.0519999999999996
