"sim_id","n","method","component","mu_true","estimate","lower","upper","covered","elapsed_seconds"
327,100,"Gibbs","mu_1",0,-0.115319643931753,-0.518942741351952,0.283841989405398,1,5.489
327,100,"Gibbs","mu_2",5,5.03709628638743,4.69271846805563,5.36496784129031,1,5.489
327,100,"Gibbs","mu_3",10,10.033411550856,9.58337785863561,10.4815729402691,1,5.489
327,100,"Gibbs","mu_4",20,19.9381054182828,19.4825840022386,20.396512386243,1,5.489
327,100,"VI","mu_1",0,-1.15629095593112e-14,-19.6,19.5999999999999,1,0.0490000000000004
327,100,"VI","mu_2",5,-1.15629095593112e-14,-19.6,19.5999999999999,1,0.0490000000000004
327,100,"VI","mu_3",10,2.99103464253131,2.742418511083,3.23965077397962,0,0.0490000000000004
327,100,"VI","mu_4",20,14.76461153889,14.4461048223316,15.0831182554484,0,0.0490000000000004
