"sim_id","n","method","component","mu_true","estimate","lower","upper","covered","elapsed_seconds"
254,100,"Gibbs","mu_1",0,0.425419486800412,-0.117163916512702,0.979812868771363,1,5.467
254,100,"Gibbs","mu_2",5,4.87929960472824,4.50125500513322,5.26347057559021,1,5.467
254,100,"Gibbs","mu_3",10,10.1754155546626,9.79770884821034,10.5501229974705,1,5.467
254,100,"Gibbs","mu_4",20,20.0688709803518,19.6708815617447,20.4623196395003,1,5.467
254,100,"VI","mu_1",0,0.41956732120802,-0.0776717411315053,0.916806383547545,1,0.0489999999999995
254,100,"VI","mu_2",5,4.87174257313368,4.5174913951838,5.22599375108356,1,0.0489999999999995
254,100,"VI","mu_3",10,10.1749453536931,9.81023112299528,10.539659584391,1,0.0489999999999995
254,100,"VI","mu_4",20,20.0726868696897,19.6807652461776,20.4646084932019,1,0.0489999999999995
