"sim_id","n","method","component","mu_true","estimate","lower","upper","covered","elapsed_seconds"
246,100,"Gibbs","mu_1",0,0.215137244559408,-0.182299607330514,0.612107940629442,1,5.205
246,100,"Gibbs","mu_2",5,4.82018927334801,4.38356230734255,5.26005724456476,1,5.205
246,100,"Gibbs","mu_3",10,10.1074624591225,9.70909424422428,10.5095376076264,1,5.205
246,100,"Gibbs","mu_4",20,20.2831915565629,19.9142778173707,20.6624863088697,1,5.205
246,100,"VI","mu_1",0,-1.46338492720109e-17,-19.6,19.6,1,0.0499999999999998
246,100,"VI","mu_2",5,1.90027405845762,1.60236834514846,2.19817977176679,0,0.0499999999999998
246,100,"VI","mu_3",10,9.46488410230392,9.11133358778222,9.81843461682562,0,0.0499999999999998
246,100,"VI","mu_4",20,20.2828477798483,19.8985340543581,20.6671615053385,1,0.0499999999999998
