"sim_id","n","method","component","mu_true","estimate","lower","upper","covered","elapsed_seconds"
151,100,"Gibbs","mu_1",0,0.131460974423873,-0.259403876738107,0.517656401676846,1,5.515
151,100,"Gibbs","mu_2",5,5.20608851414166,4.75914162150807,5.66291006604569,1,5.515
151,100,"Gibbs","mu_3",10,9.96800734374263,9.57403962124019,10.3544426242091,1,5.515
151,100,"Gibbs","mu_4",20,19.7051473364434,19.2915884834627,20.1326332408438,1,5.515
151,100,"VI","mu_1",0,0.128826665993317,-0.246754158446075,0.504407490432709,1,0.0490000000000004
151,100,"VI","mu_2",5,5.20342398062258,4.78460373219761,5.62224422904754,1,0.0490000000000004
151,100,"VI","mu_3",10,9.96302302440846,9.5919263170575,10.3341197317594,1,0.0490000000000004
151,100,"VI","mu_4",20,19.7082647381894,19.2996653029488,20.11686417343,1,0.0490000000000004
