"sim_id","n","method","component","mu_true","estimate","lower","upper","covered","elapsed_seconds"
221,100,"Gibbs","mu_1",0,0.143667736803066,-0.334991492865497,0.620073227282196,1,5.539
221,100,"Gibbs","mu_2",5,5.05547685483281,4.59141286519524,5.52346267760943,1,5.539
221,100,"Gibbs","mu_3",10,9.64944292317364,9.23798096906541,10.0584035755154,1,5.539
221,100,"Gibbs","mu_4",20,20.0132001482463,19.6724247271415,20.3484155447005,1,5.539
221,100,"VI","mu_1",0,-3.51934824098691e-18,-19.6,19.6,1,0.0600000000000005
221,100,"VI","mu_2",5,1.58651458525418,1.22830971551654,1.94471945499182,0,0.0600000000000005
221,100,"VI","mu_3",10,8.47465180302852,8.15703273311011,8.79227087294693,0,0.0600000000000005
221,100,"VI","mu_4",20,20.0111617518194,19.6647335542157,20.3575899494232,1,0.0600000000000005
