"sim_id","n","method","component","mu_true","estimate","lower","upper","covered","elapsed_seconds"
386,100,"Gibbs","mu_1",0,-0.0788120882970368,-0.44915905850717,0.288757396494484,1,5.522
386,100,"Gibbs","mu_2",5,4.93358485654473,4.47606673821203,5.39618277964292,1,5.522
386,100,"Gibbs","mu_3",10,10.2938786206777,9.9058688360917,10.6847417601604,1,5.522
386,100,"Gibbs","mu_4",20,20.155512758657,19.725464488879,20.5671182363209,1,5.522
386,100,"VI","mu_1",0,-6.98000686925548e-19,-19.6,19.6,1,0.0539999999999994
386,100,"VI","mu_2",5,0.616544712848352,0.298995106696161,0.934094319000542,0,0.0539999999999994
386,100,"VI","mu_3",10,8.6442018570336,8.33400054389051,8.95440317017668,0,0.0539999999999994
386,100,"VI","mu_4",20,20.1544539736579,19.7366755084648,20.5722324388509,1,0.0539999999999994
