"sim_id","n","method","component","mu_true","estimate","lower","upper","covered","elapsed_seconds"
428,100,"Gibbs","mu_1",0,-0.067425613687942,-0.403941246073824,0.27392103476917,1,5.365
428,100,"Gibbs","mu_2",5,5.06427997932912,4.60210727380974,5.51521111413263,1,5.365
428,100,"Gibbs","mu_3",10,9.97189343090587,9.54042963637413,10.4065809494934,1,5.365
428,100,"Gibbs","mu_4",20,19.9266262389721,19.5199037616255,20.3367064946545,1,5.365
428,100,"VI","mu_1",0,-2.55005654856596e-20,-19.6,19.6,1,0.0610000000000008
428,100,"VI","mu_2",5,0.105678544447129,-0.219377802171849,0.430734891066108,0,0.0610000000000008
428,100,"VI","mu_3",10,7.66451824432672,7.35714971134061,7.97188677731283,0,0.0610000000000008
428,100,"VI","mu_4",20,19.9263081314949,19.5177086962543,20.3349075667354,1,0.0610000000000008
