"sim_id","n","method","component","mu_true","estimate","lower","upper","covered","elapsed_seconds"
444,100,"Gibbs","mu_1",0,0.0287064613997787,-0.375275875197026,0.445273569595964,1,5.529
444,100,"Gibbs","mu_2",5,5.42936512466615,5.02804964990709,5.83102977043099,0,5.529
444,100,"Gibbs","mu_3",10,10.2696028424848,9.89432043703315,10.6424560028926,1,5.529
444,100,"Gibbs","mu_4",20,19.9520865097901,19.5568095331351,20.3314073371989,1,5.529
444,100,"VI","mu_1",0,-8.56323581173268e-19,-19.6,19.6,1,0.0550000000000006
444,100,"VI","mu_2",5,1.20487024887714,0.850812114948244,1.55892838280603,0,0.0550000000000006
444,100,"VI","mu_3",10,8.7287583081506,8.4345275637107,9.0229890525905,0,0.0550000000000006
444,100,"VI","mu_4",20,19.9486200383487,19.5566984154414,20.3405416612561,1,0.0550000000000006
