"sim_id","n","method","component","mu_true","estimate","lower","upper","covered","elapsed_seconds"
311,100,"Gibbs","mu_1",0,0.150721796388537,-0.164702147406162,0.462775043219966,1,5.318
311,100,"Gibbs","mu_2",5,5.00464666256411,4.54108977854571,5.47199106060126,1,5.318
311,100,"Gibbs","mu_3",10,9.97887857313209,9.57774576152879,10.3965483533691,1,5.318
311,100,"Gibbs","mu_4",20,19.9971103125145,19.4553005088496,20.5552201324697,1,5.318
311,100,"VI","mu_1",0,0.153850244795774,-0.157504907484637,0.465205397076185,1,0.0489999999999995
311,100,"VI","mu_2",5,5.00028912569854,4.58961713434311,5.41096111705398,1,0.0489999999999995
311,100,"VI","mu_3",10,9.97269360285179,9.57771095792852,10.3676762477751,1,0.0489999999999995
311,100,"VI","mu_4",20,19.9916765995814,19.44827936604,20.5350738331228,1,0.0489999999999995
