"sim_id","n","method","component","mu_true","estimate","lower","upper","covered","elapsed_seconds"
477,100,"Gibbs","mu_1",0,0.261554829240678,-0.132768387324944,0.644583642593808,1,5.552
477,100,"Gibbs","mu_2",5,5.65624589921873,5.18576798647698,6.1145555393932,0,5.552
477,100,"Gibbs","mu_3",10,9.99835970339555,9.65241205818072,10.3513747956385,1,5.552
477,100,"Gibbs","mu_4",20,20.1957837371771,19.7571424943596,20.6425446061192,1,5.552
477,100,"VI","mu_1",0,-2.79371527765927e-16,-19.6,19.6,1,0.0499999999999998
477,100,"VI","mu_2",5,-2.79371527765927e-16,-19.6,19.6,1,0.0499999999999998
477,100,"VI","mu_3",10,2.74539845565873,2.45648342439305,3.0343134869244,0,0.0499999999999998
477,100,"VI","mu_4",20,13.7986266993071,13.5318978736074,14.0653555250069,0,0.0499999999999998
