"sim_id","n","method","component","mu_true","estimate","lower","upper","covered","elapsed_seconds"
185,100,"Gibbs","mu_1",0,0.296071348349777,-0.212791243877989,0.790299516253923,1,5.5
185,100,"Gibbs","mu_2",5,4.93627390770626,4.51994242234212,5.36599811794148,1,5.5
185,100,"Gibbs","mu_3",10,10.1590874134067,9.7708151469704,10.5591711912045,1,5.5
185,100,"Gibbs","mu_4",20,20.1785491989845,19.8041680013795,20.5689753578854,1,5.5
185,100,"VI","mu_1",0,-2.56420196140953e-16,-19.6,19.6,1,0.0520000000000005
185,100,"VI","mu_2",5,3.05257459121386,2.76289256087799,3.34225662154973,0,0.0520000000000005
185,100,"VI","mu_3",10,10.0773403790311,9.70851716480245,10.4461635932598,1,0.0520000000000005
185,100,"VI","mu_4",20,20.1777436315031,19.7934299060129,20.5620573569933,1,0.0520000000000005
