"sim_id","n","method","component","mu_true","estimate","lower","upper","covered","elapsed_seconds"
68,100,"Gibbs","mu_1",0,0.10942805268996,-0.334033648328812,0.550085517330934,1,5.525
68,100,"Gibbs","mu_2",5,5.08084266073835,4.67366058229103,5.48736350991852,1,5.525
68,100,"Gibbs","mu_3",10,10.2074767590237,9.78017238419959,10.6420038575617,1,5.525
68,100,"Gibbs","mu_4",20,19.8887206301828,19.555273867269,20.2224325010038,1,5.525
68,100,"VI","mu_1",0,0.105777819757389,-0.331979496786815,0.543535136301592,1,0.0510000000000002
68,100,"VI","mu_2",5,5.0783421178634,4.68653275571403,5.47015148001278,1,0.0510000000000002
68,100,"VI","mu_3",10,10.2066779158105,9.77855122674864,10.6348046048723,1,0.0510000000000002
68,100,"VI","mu_4",20,19.8906929099515,19.554605104106,20.226780715797,1,0.0510000000000002
