"sim_id","n","method","component","mu_true","estimate","lower","upper","covered","elapsed_seconds"
363,100,"Gibbs","mu_1",0,0.0772598130891175,-0.401669393713762,0.555185220372493,1,5.504
363,100,"Gibbs","mu_2",5,5.03282091135009,4.60348577428956,5.47285479058399,1,5.504
363,100,"Gibbs","mu_3",10,9.88292553505986,9.49295967172181,10.2877404764547,1,5.504
363,100,"Gibbs","mu_4",20,19.9937010138248,19.643125072449,20.3360388118591,1,5.504
363,100,"VI","mu_1",0,-3.96229506989123e-10,-19.5999999970087,19.5999999962162,1,0.0500000000000007
363,100,"VI","mu_2",5,-3.96229506989123e-10,-19.5999999970087,19.5999999962162,1,0.0500000000000007
363,100,"VI","mu_3",10,5.65723535499213,5.42129607343849,5.89317463654577,0,0.0500000000000007
363,100,"VI","mu_4",20,19.9938877380092,19.6419184624153,20.3458570136032,1,0.0500000000000007
