"sim_id","n","method","component","mu_true","estimate","lower","upper","covered","elapsed_seconds"
172,100,"Gibbs","mu_1",0,0.066356137659134,-0.339771249834777,0.495308760942683,1,5.386
172,100,"Gibbs","mu_2",5,4.89166929254336,4.48915558353225,5.30059680974147,1,5.386
172,100,"Gibbs","mu_3",10,10.0004028230794,9.57841233643348,10.4245262522951,1,5.386
172,100,"Gibbs","mu_4",20,20.1949032240025,19.8176732386325,20.5680635966222,1,5.386
172,100,"VI","mu_1",0,-3.14473336233775e-18,-19.6,19.6,1,0.0550000000000006
172,100,"VI","mu_2",5,1.88057796542351,1.58124832183015,2.17990760901688,0,0.0550000000000006
172,100,"VI","mu_3",10,9.0009549287488,8.64396619572796,9.35794366176965,0,0.0550000000000006
172,100,"VI","mu_4",20,20.1943319304309,19.8171995874177,20.5714642734441,1,0.0550000000000006
