"sim_id","n","method","component","mu_true","estimate","lower","upper","covered","elapsed_seconds"
23,100,"Gibbs","mu_1",0,0.0754862678062838,-0.377747202441177,0.52306030757226,1,5.576
23,100,"Gibbs","mu_2",5,5.26910832659226,4.73765018951749,5.80263202023695,1,5.576
23,100,"Gibbs","mu_3",10,9.97662600889819,9.60463576879024,10.3404086670826,1,5.576
23,100,"Gibbs","mu_4",20,19.8320777630262,19.4399340828704,20.2322363765845,1,5.576
23,100,"VI","mu_1",0,0.0763360733492322,-0.323070075520917,0.475742222219381,1,0.0469999999999997
23,100,"VI","mu_2",5,5.24686673413061,4.82211101462366,5.67162245363756,1,0.0469999999999997
23,100,"VI","mu_3",10,9.96829114171017,9.61429346124206,10.3222888221783,1,0.0469999999999997
23,100,"VI","mu_4",20,19.8348999922814,19.4348999922814,20.2348999922813,1,0.0469999999999997
