"sim_id","n","method","component","mu_true","estimate","lower","upper","covered","elapsed_seconds"
485,100,"Gibbs","mu_1",0,2.68358621280685,2.32931163455386,3.04137637145223,0,5.509
485,100,"Gibbs","mu_2",5,9.51041593993721,9.02313461504518,9.98553400029765,0,5.509
485,100,"Gibbs","mu_3",10,19.7097136495228,19.0680504807724,20.220681821933,0,5.509
485,100,"Gibbs","mu_4",20,20.28934993129,19.7830435448062,20.921003118456,1,5.509
485,100,"VI","mu_1",0,-6.34645410329793e-17,-19.6,19.6,1,0.0539999999999994
485,100,"VI","mu_2",5,2.69842702542523,2.40294428082868,2.99390977002179,0,0.0539999999999994
485,100,"VI","mu_3",10,9.52884745839357,9.16501307242186,9.89268184436529,0,0.0539999999999994
485,100,"VI","mu_4",20,20.008990849316,19.6318585063029,20.3861231923292,1,0.0539999999999994
