"sim_id","n","method","component","mu_true","estimate","lower","upper","covered","elapsed_seconds"
199,100,"Gibbs","mu_1",0,0.013932333321448,-0.374983075391988,0.407324051857439,1,5.507
199,100,"Gibbs","mu_2",5,4.96740959131171,4.55157182800662,5.38714372813778,1,5.507
199,100,"Gibbs","mu_3",10,10.229562179201,9.84315416927691,10.6163073319728,1,5.507
199,100,"Gibbs","mu_4",20,19.7733654564343,19.3503362706275,20.1944415196891,1,5.507
199,100,"VI","mu_1",0,1.72255895045621,1.42893283486857,2.01618506604385,0,0.0579999999999998
199,100,"VI","mu_2",5,9.29135107483253,8.95252393554523,9.63017821411983,0,0.0579999999999998
199,100,"VI","mu_3",10,19.7659327103967,19.1752388430238,20.3566265777695,0,0.0579999999999998
199,100,"VI","mu_4",20,19.7659508145722,19.1752570835752,20.3566445455691,1,0.0579999999999998
