"sim_id","n","method","component","mu_true","estimate","lower","upper","covered","elapsed_seconds"
432,100,"Gibbs","mu_1",0,0.174902003060136,-0.303764231782017,0.648355953641166,1,5.53
432,100,"Gibbs","mu_2",5,5.10919402722191,4.75962694950832,5.46936461430556,1,5.53
432,100,"Gibbs","mu_3",10,10.1202279275854,9.75515944249747,10.492215111599,1,5.53
432,100,"Gibbs","mu_4",20,19.849784483641,19.4056164858274,20.3006014946028,1,5.53
432,100,"VI","mu_1",0,0.171304670269567,-0.289913234710181,0.632522575249315,1,0.0520000000000005
432,100,"VI","mu_2",5,5.10773638309085,4.76128633510991,5.4541864310718,1,0.0520000000000005
432,100,"VI","mu_3",10,10.1193226495623,9.76126702157628,10.4773782775483,1,0.0520000000000005
432,100,"VI","mu_4",20,19.8538738062195,19.415714008889,20.2920336035499,1,0.0520000000000005
