"sim_id","n","method","component","mu_true","estimate","lower","upper","covered","elapsed_seconds"
448,100,"Gibbs","mu_1",0,-0.0258037695629107,-0.450983319417467,0.408751202999713,1,5.503
448,100,"Gibbs","mu_2",5,5.04777716040503,4.66725897616988,5.43827744967206,1,5.503
448,100,"Gibbs","mu_3",10,10.165738184135,9.79571720153434,10.5453685704995,1,5.503
448,100,"Gibbs","mu_4",20,20.0032462098942,19.5816247431247,20.4044935206006,1,5.503
448,100,"VI","mu_1",0,-5.63148844264739e-08,-19.5999998102224,19.5999996975926,1,0.0520000000000005
448,100,"VI","mu_2",5,-5.63148844264739e-08,-19.5999998102224,19.5999996975926,1,0.0520000000000005
448,100,"VI","mu_3",10,5.51283043628028,5.28948211658957,5.73617875597099,0,0.0520000000000005
448,100,"VI","mu_4",20,20.002263993063,19.5936651241123,20.4108628620138,1,0.0520000000000005
