"sim_id","n","method","component","mu_true","estimate","lower","upper","covered","elapsed_seconds"
50,100,"Gibbs","mu_1",0,-0.362203352744294,-0.761576317578392,0.0396282407610585,1,5.526
50,100,"Gibbs","mu_2",5,4.53389480000549,4.00137996602583,5.08253594464882,1,5.526
50,100,"Gibbs","mu_3",10,10.2636479350179,9.85994589167922,10.664952654547,1,5.526
50,100,"Gibbs","mu_4",20,20.3763891514447,20.0199588647825,20.7357516234279,0,5.526
50,100,"VI","mu_1",0,-0.362682262626709,-0.743220499937137,0.0178559746837191,1,0.0520000000000005
50,100,"VI","mu_2",5,4.53107609177713,4.05154552268289,5.01060666087136,1,0.0520000000000005
50,100,"VI","mu_3",10,10.2538894461195,9.86797783280002,10.6398010594389,1,0.0520000000000005
50,100,"VI","mu_4",20,20.3779745254603,20.0260048982051,20.7299441527155,0,0.0520000000000005
