"sim_id","n","method","component","mu_true","estimate","lower","upper","covered","elapsed_seconds"
250,100,"Gibbs","mu_1",0,0.110402132821622,-0.320122999485282,0.552520433897237,1,5.119
250,100,"Gibbs","mu_2",5,4.71944114247046,4.26949333511621,5.17037584275654,1,5.119
250,100,"Gibbs","mu_3",10,9.84420010232222,9.44986341187121,10.2257895785966,1,5.119
250,100,"Gibbs","mu_4",20,19.8509867261952,19.4862271169956,20.2239105903769,1,5.119
250,100,"VI","mu_1",0,-5.51554692371301e-18,-19.6,19.6,1,0.0580000000000007
250,100,"VI","mu_2",5,1.95974159842302,1.6485253590729,2.27095783777314,0,0.0580000000000007
250,100,"VI","mu_3",10,9.2763318662341,8.93176523032078,9.62089850214742,0,0.0580000000000007
250,100,"VI","mu_4",20,19.8538958686553,19.4835568111773,20.2242349261334,1,0.0580000000000007
