"sim_id","n","method","component","mu_true","estimate","lower","upper","covered","elapsed_seconds"
123,100,"Gibbs","mu_1",0,0.0437289586131143,-0.422788788936178,0.510547187751393,1,5.498
123,100,"Gibbs","mu_2",5,5.12624488951831,4.65508558086091,5.59353040352813,1,5.498
123,100,"Gibbs","mu_3",10,9.87807438065622,9.47015841787822,10.3017189754817,1,5.498
123,100,"Gibbs","mu_4",20,19.9904779013224,19.6129588145943,20.370280261524,1,5.498
123,100,"VI","mu_1",0,0.0402288216953053,-0.376274914874935,0.456732558265545,1,0.0529999999999999
123,100,"VI","mu_2",5,5.12816095981855,4.74003400665663,5.51628791298046,1,0.0529999999999999
123,100,"VI","mu_3",10,9.87638052027905,9.49479777551268,10.2579632650454,1,0.0529999999999999
123,100,"VI","mu_4",20,19.9907666987329,19.6064529732427,20.3750804242231,1,0.0529999999999999
