"sim_id","n","method","component","mu_true","estimate","lower","upper","covered","elapsed_seconds"
57,100,"Gibbs","mu_1",0,-0.148737850939542,-0.601422518064674,0.323785979989394,1,5.486
57,100,"Gibbs","mu_2",5,4.89084173420946,4.50485412353398,5.26555534764124,1,5.486
57,100,"Gibbs","mu_3",10,10.2176358751499,9.84901367973728,10.595288278392,1,5.486
57,100,"Gibbs","mu_4",20,20.4759514987415,20.0353761166511,20.9193548853896,0,5.486
57,100,"VI","mu_1",0,-5.2509177298656e-16,-19.6,19.6,1,0.0499999999999998
57,100,"VI","mu_2",5,2.92208206167715,2.63839339357735,3.20577072977695,0,0.0499999999999998
57,100,"VI","mu_3",10,10.078415517331,9.73347103734502,10.4233599973169,1,0.0499999999999998
57,100,"VI","mu_4",20,20.4735314930686,20.035371695739,20.9116912903983,0,0.0499999999999998
