"sim_id","n","method","component","mu_true","estimate","lower","upper","covered","elapsed_seconds"
157,100,"Gibbs","mu_1",0,-0.151623430078824,-0.521596611657225,0.226172338575313,1,5.549
157,100,"Gibbs","mu_2",5,4.73347038262573,4.32958289644995,5.13483378788746,1,5.549
157,100,"Gibbs","mu_3",10,10.2910683162542,9.83452635942624,10.7368852778712,1,5.549
157,100,"Gibbs","mu_4",20,20.024872948465,19.6292566260087,20.412126247299,1,5.549
157,100,"VI","mu_1",0,-1.67340732464811e-17,-19.6,19.6,1,0.0559999999999992
157,100,"VI","mu_2",5,1.83689065531093,1.56229179228553,2.11148951833633,0,0.0559999999999992
157,100,"VI","mu_3",10,9.61670764533216,9.21723523351258,10.0161800571517,1,0.0559999999999992
157,100,"VI","mu_4",20,20.0221777882274,19.6302561647152,20.4140994117396,1,0.0559999999999992
