"sim_id","n","method","component","mu_true","estimate","lower","upper","covered","elapsed_seconds"
463,100,"Gibbs","mu_1",0,-0.166846733870379,-0.567041845329748,0.230077791382464,1,5.196
463,100,"Gibbs","mu_2",5,4.86564155029313,4.44830797069622,5.28260178942999,1,5.196
463,100,"Gibbs","mu_3",10,9.71215125668733,9.34659646515891,10.0908256154836,1,5.196
463,100,"Gibbs","mu_4",20,20.2608260808657,19.8525604464577,20.6660272303863,1,5.196
463,100,"VI","mu_1",0,-6.24408397645401e-15,-19.6,19.6,1,0.0509999999999993
463,100,"VI","mu_2",5,-6.24408397645401e-15,-19.6,19.6,1,0.0509999999999993
463,100,"VI","mu_3",10,3.04557059854573,2.78454380937927,3.30659738771219,0,0.0509999999999993
463,100,"VI","mu_4",20,15.4514980316763,15.1547931967792,15.7482028665733,0,0.0509999999999993
