"sim_id","n","method","component","mu_true","estimate","lower","upper","covered","elapsed_seconds"
479,100,"Gibbs","mu_1",0,-0.136994753905602,-0.506556845461731,0.234322713748161,1,5.55
479,100,"Gibbs","mu_2",5,4.94118478936655,4.50625515660059,5.38266873913586,1,5.55
479,100,"Gibbs","mu_3",10,10.3597176628811,9.94350427995251,10.7790748428445,1,5.55
479,100,"Gibbs","mu_4",20,20.0413439593353,19.6598497170181,20.4365617309764,1,5.55
479,100,"VI","mu_1",0,-6.19538284182548e-18,-19.6,19.6,1,0.0529999999999999
479,100,"VI","mu_2",5,1.23408173906875,0.932720661216975,1.53544281692052,0,0.0529999999999999
479,100,"VI","mu_3",10,9.15340385921643,8.80539701547209,9.50141070296077,0,0.0529999999999999
479,100,"VI","mu_4",20,20.0430252729371,19.6587115474469,20.4273389984273,1,0.0529999999999999
