"sim_id","n","method","component","mu_true","estimate","lower","upper","covered","elapsed_seconds"
10,100,"Gibbs","mu_1",0,0.169354150822265,-0.178504575645277,0.520645786593177,1,5.495
10,100,"Gibbs","mu_2",5,5.4055268749972,4.99866734114373,5.79960485936258,1,5.495
10,100,"Gibbs","mu_3",10,10.0059635748034,9.58337991220209,10.4192717934644,1,5.495
10,100,"Gibbs","mu_4",20,19.7907709764984,19.2660254918162,20.3060845199083,1,5.495
10,100,"VI","mu_1",0,-2.68116632298492e-19,-19.6,19.6,1,0.0569999999999995
10,100,"VI","mu_2",5,0.48251858071449,0.154002957538146,0.811034203890834,0,0.0569999999999995
10,100,"VI","mu_3",10,7.74638944443346,7.47037168132476,8.02240720754215,0,0.0569999999999995
10,100,"VI","mu_4",20,19.7932202138555,19.2695751624131,20.3168652652978,1,0.0569999999999995
