"sim_id","n","method","component","mu_true","estimate","lower","upper","covered","elapsed_seconds"
135,100,"Gibbs","mu_1",0,-0.196856367953098,-0.56237832623883,0.159780373111203,1,5.552
135,100,"Gibbs","mu_2",5,4.97350254073644,4.57722764055036,5.3747685210135,1,5.552
135,100,"Gibbs","mu_3",10,10.0226546705351,9.62676286589995,10.4115636425028,1,5.552
135,100,"Gibbs","mu_4",20,19.8238674492259,19.3651915999182,20.2881852286152,1,5.552
135,100,"VI","mu_1",0,-2.30150568291119e-18,-19.6,19.6,1,0.0490000000000004
135,100,"VI","mu_2",5,1.05138249002139,0.755085596179485,1.34767938386329,0,0.0490000000000004
135,100,"VI","mu_3",10,8.70715937988143,8.39029566250671,9.02402309725616,0,0.0490000000000004
135,100,"VI","mu_4",20,19.8243104233975,19.3624622663638,20.2861585804312,1,0.0490000000000004
