"sim_id","n","method","component","mu_true","estimate","lower","upper","covered","elapsed_seconds"
6,100,"Gibbs","mu_1",0,-0.253178079701402,-0.664812344676066,0.162705531090752,1,5.511
6,100,"Gibbs","mu_2",5,4.81603045392071,4.47072599636723,5.15904919506661,1,5.511
6,100,"Gibbs","mu_3",10,9.90855030876498,9.471969957511,10.3461772999082,1,5.511
6,100,"Gibbs","mu_4",20,19.6531912186458,19.2542162753701,20.0498332172521,1,5.511
6,100,"VI","mu_1",0,-0.252513225774658,-0.661526805373084,0.156500353823768,1,0.0500000000000007
6,100,"VI","mu_2",5,4.81445404178451,4.47355096593976,5.15535711762926,1,0.0500000000000007
6,100,"VI","mu_3",10,9.90968573732805,9.47153221858322,10.3478392560729,1,0.0500000000000007
6,100,"VI","mu_4",20,19.6514248555627,19.2514248552288,20.0514248558966,1,0.0500000000000007
