"sim_id","n","method","component","mu_true","estimate","lower","upper","covered","elapsed_seconds"
248,100,"Gibbs","mu_1",0,-0.121707077996833,-0.503134081839836,0.265733642739686,1,5.116
248,100,"Gibbs","mu_2",5,5.25516666634374,4.79428456095429,5.72478549110377,1,5.116
248,100,"Gibbs","mu_3",10,9.75092512604465,9.36370101454825,10.1422884577772,1,5.116
248,100,"Gibbs","mu_4",20,19.9591700571795,19.5853332547583,20.3393024812256,1,5.116
248,100,"VI","mu_1",0,-0.120907625782411,-0.505196628255914,0.263381376691091,1,0.0510000000000002
248,100,"VI","mu_2",5,5.25698634457601,4.82511727685515,5.68885541229687,1,0.0510000000000002
248,100,"VI","mu_3",10,9.75081001501912,9.36948608122709,10.1321339488111,1,0.0510000000000002
248,100,"VI","mu_4",20,19.9585243659447,19.5813920229315,20.3356567089579,1,0.0510000000000002
