"sim_id","n","method","component","mu_true","estimate","lower","upper","covered","elapsed_seconds"
429,100,"Gibbs","mu_1",0,-0.399037961612073,-0.894476380069171,0.0637645075293338,1,5.362
429,100,"Gibbs","mu_2",5,5.13277543480039,4.65735508887556,5.6076074900524,1,5.362
429,100,"Gibbs","mu_3",10,10.0701466707338,9.69696660056668,10.4436407221132,1,5.362
429,100,"Gibbs","mu_4",20,20.1895650680812,19.8418169319746,20.5452372853823,1,5.362
429,100,"VI","mu_1",0,-0.192006195991306,-0.614318756480572,0.230306364497959,1,0.0520000000000005
429,100,"VI","mu_2",5,9.45968359974726e-20,-19.6,19.6,1,0.0520000000000005
429,100,"VI","mu_3",10,8.09791902178697,7.81347267270127,8.38236537087267,0,0.0520000000000005
429,100,"VI","mu_4",20,20.1876912519145,19.8357216246594,20.5396608791697,1,0.0520000000000005
