"sim_id","n","method","component","mu_true","estimate","lower","upper","covered","elapsed_seconds"
305,100,"Gibbs","mu_1",0,0.128138620285228,-0.342615692993962,0.625383418267365,1,5.504
305,100,"Gibbs","mu_2",5,4.77365237264003,4.38725838798155,5.16744721347709,1,5.504
305,100,"Gibbs","mu_3",10,10.2576492652575,9.87122655394134,10.6386147013153,1,5.504
305,100,"Gibbs","mu_4",20,19.8474200701711,19.4430827152477,20.2460861117793,1,5.504
305,100,"VI","mu_1",0,0.119271864305221,-0.340769691856807,0.579313420467249,1,0.0510000000000002
305,100,"VI","mu_2",5,4.76753504964796,4.40561050415287,5.12945959514305,1,0.0510000000000002
305,100,"VI","mu_3",10,10.2544704295219,9.88765492679389,10.62128593225,1,0.0510000000000002
305,100,"VI","mu_4",20,19.8442577330157,19.4442577330179,20.2442577330135,1,0.0510000000000002
