"sim_id","n","method","component","mu_true","estimate","lower","upper","covered","elapsed_seconds"
362,100,"Gibbs","mu_1",0,0.0228652554393685,-0.35703966037004,0.407783963981419,1,5.527
362,100,"Gibbs","mu_2",5,4.94784402228857,4.58272180185828,5.31226565967023,1,5.527
362,100,"Gibbs","mu_3",10,10.1991155850525,9.77825111593964,10.6120368025091,1,5.527
362,100,"Gibbs","mu_4",20,19.8290514069589,19.3687584701418,20.2972967350752,1,5.527
362,100,"VI","mu_1",0,0.0226728029734212,-0.353780037405813,0.399125643352655,1,0.0520000000000005
362,100,"VI","mu_2",5,4.94509279392326,4.59798876028162,5.29219682756491,1,0.0520000000000005
362,100,"VI","mu_3",10,10.2006289071756,9.79226841314078,10.6089894012105,1,0.0520000000000005
362,100,"VI","mu_4",20,19.8289754540516,19.3671272970179,20.2908236110854,1,0.0520000000000005
