"sim_id","n","method","component","mu_true","estimate","lower","upper","covered","elapsed_seconds"
329,100,"Gibbs","mu_1",0,-0.0116122811626449,-0.382757625212723,0.362468737687374,1,5.511
329,100,"Gibbs","mu_2",5,4.90412395540153,4.43346719698864,5.37018488361961,1,5.511
329,100,"Gibbs","mu_3",10,10.0342157964255,9.68039688394587,10.3851828841023,1,5.511
329,100,"Gibbs","mu_4",20,20.0308606627009,19.605211950381,20.4644530112854,1,5.511
329,100,"VI","mu_1",0,-1.14539765730638e-17,-19.6,19.6,1,0.0550000000000006
329,100,"VI","mu_2",5,1.65288904431575,1.3564577274952,1.9493203611363,0,0.0550000000000006
329,100,"VI","mu_3",10,9.69668867401793,9.36680661152478,10.0265707365111,1,0.0550000000000006
329,100,"VI","mu_4",20,20.0323896352319,19.6047843690296,20.4599949014343,1,0.0550000000000006
