"sim_id","n","method","component","mu_true","estimate","lower","upper","covered","elapsed_seconds"
262,100,"Gibbs","mu_1",0,0.374602426817179,-0.0457603887195832,0.792594980708917,1,5.432
262,100,"Gibbs","mu_2",5,5.25903404272513,4.86407082610547,5.64654595802001,1,5.432
262,100,"Gibbs","mu_3",10,9.91104152021147,9.47570379640126,10.3532734761136,1,5.432
262,100,"Gibbs","mu_4",20,19.8931323492565,19.4961221957469,20.2958729580064,1,5.432
262,100,"VI","mu_1",0,-3.17433143825168e-10,-19.5999999984012,19.5999999977663,1,0.048
262,100,"VI","mu_2",5,-3.17433143725235e-10,-19.5999999984012,19.5999999977663,1,0.048
262,100,"VI","mu_3",10,5.24686070932806,5.02204807989072,5.4716733387654,0,0.048
262,100,"VI","mu_4",20,19.8940758582928,19.4940758586435,20.2940758579421,1,0.048
