"sim_id","n","method","component","mu_true","estimate","lower","upper","covered","elapsed_seconds"
431,100,"Gibbs","mu_1",0,-0.456255116599499,-0.915470366825176,0.00836879925774569,1,5.036
431,100,"Gibbs","mu_2",5,4.79687835569654,4.41109170775094,5.17921251994132,1,5.036
431,100,"Gibbs","mu_3",10,10.064545787759,9.66507986016805,10.4475501131986,1,5.036
431,100,"Gibbs","mu_4",20,20.0469712863314,19.644260166666,20.4572321087759,1,5.036
431,100,"VI","mu_1",0,-0.459647730892439,-0.880184119745581,-0.0391113420392979,0,0.0440000000000005
431,100,"VI","mu_2",5,4.79051751193861,4.42859797149233,5.15243705238489,1,0.0440000000000005
431,100,"VI","mu_3",10,10.0605623784423,9.66840046885105,10.4527242880336,1,0.0440000000000005
431,100,"VI","mu_4",20,20.0485127016785,19.6485127016785,20.4485127016786,1,0.0440000000000005
