"sim_id","n","method","component","mu_true","estimate","lower","upper","covered","elapsed_seconds"
268,100,"Gibbs","mu_1",0,0.10231089577112,-0.285763880660105,0.483685264406228,1,5.561
268,100,"Gibbs","mu_2",5,4.71423155161355,4.29961266786551,5.12628915810897,1,5.561
268,100,"Gibbs","mu_3",10,10.1229198975383,9.69046401452807,10.560850876814,1,5.561
268,100,"Gibbs","mu_4",20,19.9089531861074,19.5233751950416,20.3023745036468,1,5.561
268,100,"VI","mu_1",0,-1.0822578213528e-17,-19.6,19.6,1,0.0569999999999995
268,100,"VI","mu_2",5,1.98301437287696,1.70341834472776,2.26261040102617,0,0.0569999999999995
268,100,"VI","mu_3",10,9.48042418230101,9.08746658245381,9.87338178214821,0,0.0569999999999995
268,100,"VI","mu_4",20,19.911767719065,19.5274539935748,20.2960814445552,1,0.0569999999999995
