"sim_id","n","method","component","mu_true","estimate","lower","upper","covered","elapsed_seconds"
476,100,"Gibbs","mu_1",0,-0.177055170139755,-0.567548609958922,0.21963715493997,1,5.542
476,100,"Gibbs","mu_2",5,5.01156868552583,4.56217074014398,5.46285937216977,1,5.542
476,100,"Gibbs","mu_3",10,10.1050675536594,9.71124797860283,10.5067794899064,1,5.542
476,100,"Gibbs","mu_4",20,19.9070615917167,19.4592700168403,20.3507579167369,1,5.542
476,100,"VI","mu_1",0,-2.60435141021609e-17,-19.6,19.6,1,0.0510000000000002
476,100,"VI","mu_2",5,1.64494212188947,1.34915300232338,1.94073124145556,0,0.0510000000000002
476,100,"VI","mu_3",10,9.34261784935218,9.02088062135206,9.66435507735229,0,0.0510000000000002
476,100,"VI","mu_4",20,19.9079200091558,19.4583834543013,20.3574565640103,1,0.0510000000000002
