"sim_id","n","method","component","mu_true","estimate","lower","upper","covered","elapsed_seconds"
45,100,"Gibbs","mu_1",0,-0.131076654321283,-0.510933325657349,0.231203457415647,1,5.516
45,100,"Gibbs","mu_2",5,5.40045257650072,4.95391059748751,5.85683045349021,1,5.516
45,100,"Gibbs","mu_3",10,9.99557466560663,9.52040478013377,10.4723804944733,1,5.516
45,100,"Gibbs","mu_4",20,20.22618354433,19.8321921419705,20.628595284918,1,5.516
45,100,"VI","mu_1",0,-0.13152112766175,-0.477526740750994,0.214484485427493,1,0.0510000000000002
45,100,"VI","mu_2",5,5.39541967062716,5.00339157803301,5.78744776322132,0,0.0510000000000002
45,100,"VI","mu_3",10,9.99648172237151,9.546178763727,10.446784681016,1,0.0510000000000002
45,100,"VI","mu_4",20,20.2291461045491,19.8291461045491,20.6291461045491,1,0.0510000000000002
