"sim_id","n","method","component","mu_true","estimate","lower","upper","covered","elapsed_seconds"
498,100,"Gibbs","mu_1",0,-0.0850613492367655,-0.445779784543956,0.273900281064581,1,5.51
498,100,"Gibbs","mu_2",5,5.19580223246537,4.72905330247281,5.66864807650811,1,5.51
498,100,"Gibbs","mu_3",10,9.99966477677145,9.60629111673845,10.3936169986243,1,5.51
498,100,"Gibbs","mu_4",20,20.0008299804345,19.6265357903458,20.3759969557684,1,5.51
498,100,"VI","mu_1",0,-1.3551229013781e-20,-19.6,19.6,1,0.0510000000000002
498,100,"VI","mu_2",5,0.0567954755087985,-0.294627759182536,0.408218710200133,0,0.0510000000000002
498,100,"VI","mu_3",10,8.0115078683709,7.71230956862633,8.31070616811547,0,0.0510000000000002
498,100,"VI","mu_4",20,19.9963661070504,19.6120523815603,20.3806798325406,1,0.0510000000000002
