"sim_id","n","method","component","mu_true","estimate","lower","upper","covered","elapsed_seconds"
220,100,"Gibbs","mu_1",0,0.269465401264154,-0.237247464010752,0.787663568319729,1,5.552
220,100,"Gibbs","mu_2",5,4.83338018226042,4.41321667159184,5.26036897532966,1,5.552
220,100,"Gibbs","mu_3",10,9.83385696770775,9.47322263035391,10.2008359573379,1,5.552
220,100,"Gibbs","mu_4",20,19.7066450019166,19.2994060250188,20.1166862224172,1,5.552
220,100,"VI","mu_1",0,-6.3775135189837e-09,-19.5999999548538,19.5999999420988,1,0.048
220,100,"VI","mu_2",5,-6.3775135189837e-09,-19.5999999548538,19.5999999420988,1,0.048
220,100,"VI","mu_3",10,5.99208129778704,5.768733068536,6.21542952703808,0,0.048
220,100,"VI","mu_4",20,19.7073284091543,19.2987289864701,20.1159278318385,1,0.048
