"sim_id","n","method","component","mu_true","estimate","lower","upper","covered","elapsed_seconds"
128,100,"Gibbs","mu_1",0,-0.181920448175325,-0.628991681884244,0.275367426647318,1,5.549
128,100,"Gibbs","mu_2",5,4.85932023149614,4.52320492245122,5.20670695671835,1,5.549
128,100,"Gibbs","mu_3",10,10.4606015084515,10.0972971996327,10.8234573494839,0,5.549
128,100,"Gibbs","mu_4",20,20.1732222518693,19.7424707729258,20.614235389467,1,5.549
128,100,"VI","mu_1",0,-3.78708655125091e-16,-19.6,19.6,1,0.0519999999999996
128,100,"VI","mu_2",5,3.00644523866666,2.73428112544454,3.27860935188878,0,0.0519999999999996
128,100,"VI","mu_3",10,10.4384074463553,10.0690420220689,10.8077728706416,0,0.0519999999999996
128,100,"VI","mu_4",20,20.1735949500972,19.7354351527801,20.6117547474143,1,0.0519999999999996
