"sim_id","n","method","component","mu_true","estimate","lower","upper","covered","elapsed_seconds"
312,100,"Gibbs","mu_1",0,-0.122304798592596,-0.528424373095936,0.294325188968504,1,5.294
312,100,"Gibbs","mu_2",5,5.07214727761793,4.68302644692534,5.46132415796817,1,5.294
312,100,"Gibbs","mu_3",10,10.3888722203545,10.0152031704933,10.7589872212811,0,5.294
312,100,"Gibbs","mu_4",20,19.8864517297905,19.4643579711391,20.3009519029718,1,5.294
312,100,"VI","mu_1",0,-7.30550414039206e-16,-19.6,19.6,1,0.0499999999999998
312,100,"VI","mu_2",5,-7.30550414039206e-16,-19.6,19.6,1,0.0499999999999998
312,100,"VI","mu_3",10,2.75318827031192,2.47333692416361,3.03303961646024,0,0.0499999999999998
312,100,"VI","mu_4",20,14.510420612653,14.2358793827791,14.7849618425269,0,0.0499999999999998
