"sim_id","n","method","component","mu_true","estimate","lower","upper","covered","elapsed_seconds"
79,100,"Gibbs","mu_1",0,0.0879766585421173,-0.397014851380454,0.579607212563068,1,5.161
79,100,"Gibbs","mu_2",5,4.95376859199842,4.50140525056408,5.43141893169558,1,5.161
79,100,"Gibbs","mu_3",10,9.92371082411856,9.58010571387309,10.2760952259213,1,5.161
79,100,"Gibbs","mu_4",20,19.594208043021,19.2054542044299,19.9783724603828,0,5.161
79,100,"VI","mu_1",0,-1.42382783747736e-17,-19.6,19.6,1,0.0579999999999998
79,100,"VI","mu_2",5,1.82215712279308,1.47312515080896,2.17118909477721,0,0.0579999999999998
79,100,"VI","mu_3",10,9.11572912137128,8.8150286317865,9.41642961095606,0,0.0579999999999998
79,100,"VI","mu_4",20,19.5965263221487,19.2122125966586,19.9808400476387,0,0.0579999999999998
