"sim_id","n","method","component","mu_true","estimate","lower","upper","covered","elapsed_seconds"
285,100,"Gibbs","mu_1",0,0.296119353790088,-0.093664491715237,0.679496978869258,1,5.554
285,100,"Gibbs","mu_2",5,4.87120444637939,4.43072649198039,5.29726442268018,1,5.554
285,100,"Gibbs","mu_3",10,10.110017327592,9.62588612011902,10.6006196074265,1,5.554
285,100,"Gibbs","mu_4",20,20.0032571430583,19.6469588377428,20.3559336711835,1,5.554
285,100,"VI","mu_1",0,-1.22046870192073e-10,-19.5999999996953,19.5999999994512,1,0.0489999999999995
285,100,"VI","mu_2",5,-1.22046870192073e-10,-19.5999999996953,19.5999999994512,1,0.0489999999999995
285,100,"VI","mu_3",10,4.33030442788933,4.09436568045376,4.5662431753249,0,0.0489999999999995
285,100,"VI","mu_4",20,19.7644201409134,19.4124490921284,20.1163911896984,1,0.0489999999999995
