"sim_id","n","method","component","mu_true","estimate","lower","upper","covered","elapsed_seconds"
275,100,"Gibbs","mu_1",0,-0.0329670837222078,-0.448016981443198,0.381299372796477,1,5.513
275,100,"Gibbs","mu_2",5,4.93708331347978,4.52842771346636,5.36071702591907,1,5.513
275,100,"Gibbs","mu_3",10,9.92232100831875,9.50658495140783,10.3332745957734,1,5.513
275,100,"Gibbs","mu_4",20,20.2034639812609,19.8072024524615,20.6051138573928,1,5.513
275,100,"VI","mu_1",0,-3.50693326396538e-18,-19.6,19.6,1,0.0549999999999997
275,100,"VI","mu_2",5,1.28503200231097,0.966592829460944,1.60347117516099,0,0.0549999999999997
275,100,"VI","mu_3",10,8.38770639515583,8.0703186447726,8.70509414553906,0,0.0549999999999997
275,100,"VI","mu_4",20,20.2045016774675,19.8045016774676,20.6045016774674,1,0.0549999999999997
