"sim_id","n","method","component","mu_true","estimate","lower","upper","covered","elapsed_seconds"
434,100,"Gibbs","mu_1",0,0.212618380146585,-0.273701097770912,0.697970777423507,1,5.566
434,100,"Gibbs","mu_2",5,4.95161182245216,4.59074932721922,5.32317218596954,1,5.566
434,100,"Gibbs","mu_3",10,10.0645763008779,9.63072971002554,10.5071591214493,1,5.566
434,100,"Gibbs","mu_4",20,19.7847257651893,19.4031917123688,20.1665153832059,1,5.566
434,100,"VI","mu_1",0,-3.81483792373305e-16,-19.6,19.6,1,0.0659999999999998
434,100,"VI","mu_2",5,2.90794972939314,2.62723648711176,3.18866297167452,0,0.0659999999999998
434,100,"VI","mu_3",10,9.49171595765527,9.1092992028797,9.87413271243084,0,0.0659999999999998
434,100,"VI","mu_4",20,19.7836037622513,19.3916821387392,20.1755253857635,1,0.0659999999999998
