"sim_id","n","method","component","mu_true","estimate","lower","upper","covered","elapsed_seconds"
145,100,"Gibbs","mu_1",0,-0.246343684145695,-0.637455834586818,0.151080257297835,1,5.543
145,100,"Gibbs","mu_2",5,5.33271352278211,4.92774321072541,5.73992955031152,1,5.543
145,100,"Gibbs","mu_3",10,10.2877295114954,9.90071025002558,10.6794914279053,1,5.543
145,100,"Gibbs","mu_4",20,19.809104949107,19.4295040430323,20.2006437344684,1,5.543
145,100,"VI","mu_1",0,-0.246344961331735,-0.638048751744829,0.14535882908136,1,0.0490000000000004
145,100,"VI","mu_2",5,5.33151313564141,4.93129103640036,5.73173523488246,1,0.0490000000000004
145,100,"VI","mu_3",10,10.2881795002124,9.89624860032711,10.6801104000978,1,0.0490000000000004
145,100,"VI","mu_4",20,19.8066634223253,19.4223496968351,20.1909771478155,1,0.0490000000000004
