"sim_id","n","method","component","mu_true","estimate","lower","upper","covered","elapsed_seconds"
22,100,"Gibbs","mu_1",0,-0.204414553182422,-0.588228251034867,0.172548199149757,1,5.491
22,100,"Gibbs","mu_2",5,5.28055624291606,4.881173937606,5.6784626989632,1,5.491
22,100,"Gibbs","mu_3",10,10.0067374540332,9.62355981170498,10.3842603723763,1,5.491
22,100,"Gibbs","mu_4",20,20.0235215111626,19.6172843484095,20.4305377328835,1,5.491
22,100,"VI","mu_1",0,-6.1244397418441e-20,-19.6,19.6,1,0.0490000000000004
22,100,"VI","mu_2",5,0.15374697411675,-0.212834875994619,0.520328824228118,0,0.0490000000000004
22,100,"VI","mu_3",10,7.99531743588185,7.71368292505791,8.2769519467058,0,0.0490000000000004
22,100,"VI","mu_4",20,20.0182160523713,19.6096166172266,20.426815487516,1,0.0490000000000004
