"sim_id","n","method","component","mu_true","estimate","lower","upper","covered","elapsed_seconds"
49,100,"Gibbs","mu_1",0,-0.301774398555319,-0.708224351360389,0.104296034017773,1,5.507
49,100,"Gibbs","mu_2",5,4.97149790847251,4.59905696978652,5.34411947039572,1,5.507
49,100,"Gibbs","mu_3",10,9.90967428507641,9.55218327372504,10.2638265158438,1,5.507
49,100,"Gibbs","mu_4",20,20.0689967807521,19.5020175629023,20.6284765710314,1,5.507
49,100,"VI","mu_1",0,-0.164190149613082,-0.56588236002008,0.237502060793915,1,0.0529999999999999
49,100,"VI","mu_2",5,5.94468155976707e-20,-19.6,19.6,1,0.0529999999999999
49,100,"VI","mu_3",10,7.59570027837626,7.35110480246421,7.84029575428831,0,0.0529999999999999
49,100,"VI","mu_4",20,20.0762649259781,19.510697270196,20.6418325817602,1,0.0529999999999999
