"sim_id","n","method","component","mu_true","estimate","lower","upper","covered","elapsed_seconds"
304,100,"Gibbs","mu_1",0,-0.0822391911005078,-0.443920296335008,0.300669439759531,1,5.497
304,100,"Gibbs","mu_2",5,5.4000764294062,4.96468839648499,5.81534387531256,1,5.497
304,100,"Gibbs","mu_3",10,9.91597675228462,9.55170850743951,10.2806522442963,1,5.497
304,100,"Gibbs","mu_4",20,20.1565110729076,19.7217124132974,20.5976053206349,1,5.497
304,100,"VI","mu_1",0,-0.0821434086742912,-0.452452402543901,0.288165585195318,1,0.0489999999999995
304,100,"VI","mu_2",5,5.40027741739307,4.98210998363568,5.81844485115045,1,0.0489999999999995
304,100,"VI","mu_3",10,9.91460403180155,9.557034916064,10.2721731475391,1,0.0489999999999995
304,100,"VI","mu_4",20,20.1547497729702,19.7165899756405,20.5929095702999,1,0.0489999999999995
