"sim_id","n","method","component","mu_true","estimate","lower","upper","covered","elapsed_seconds"
232,100,"Gibbs","mu_1",0,-0.249044979981965,-0.604834358001851,0.100986532266027,1,5.552
232,100,"Gibbs","mu_2",5,5.20201763537422,4.69141190714856,5.71790161297326,1,5.552
232,100,"Gibbs","mu_3",10,9.92873294014018,9.54884120326311,10.3227575037406,1,5.552
232,100,"Gibbs","mu_4",20,20.3620421046377,19.9569707246994,20.7701431438867,1,5.552
232,100,"VI","mu_1",0,-4.32351494283668e-17,-19.6,19.6,1,0.0490000000000004
232,100,"VI","mu_2",5,-4.32351494283668e-17,-19.6,19.6,1,0.0490000000000004
232,100,"VI","mu_3",10,2.16467647634666,1.89376000722343,2.43559294546989,0,0.0490000000000004
232,100,"VI","mu_4",20,15.0801873095482,14.796335200502,15.3640394185943,0,0.0490000000000004
