"sim_id","n","method","component","mu_true","estimate","lower","upper","covered","elapsed_seconds"
24,100,"Gibbs","mu_1",0,-0.429171659819757,-0.877135121755757,0.0203874717141002,1,5.508
24,100,"Gibbs","mu_2",5,5.42184978413629,5.0559313160577,5.78979391266234,0,5.508
24,100,"Gibbs","mu_3",10,10.271888735585,9.79800236866968,10.7561020473731,1,5.508
24,100,"Gibbs","mu_4",20,20.0353971096433,19.6837974956041,20.3886647917927,1,5.508
24,100,"VI","mu_1",0,-4.31109083870869e-08,-19.5999998866893,19.5999998004675,1,0.048
24,100,"VI","mu_2",5,-4.31109083870869e-08,-19.5999998866893,19.5999998004675,1,0.048
24,100,"VI","mu_3",10,5.1630290542622,4.92708987092289,5.39896823760151,0,0.048
24,100,"VI","mu_4",20,20.03455223279,19.6825826311405,20.3865218344395,1,0.048
