"sim_id","n","method","component","mu_true","estimate","lower","upper","covered","elapsed_seconds"
247,100,"Gibbs","mu_1",0,-0.0489724001003127,-0.440619518545633,0.347378088916425,1,5.134
247,100,"Gibbs","mu_2",5,5.2857336640878,4.85717847280401,5.70125569983955,1,5.134
247,100,"Gibbs","mu_3",10,9.93266390414816,9.5679464123104,10.2986777877822,1,5.134
247,100,"Gibbs","mu_4",20,19.901310096922,19.4618819353933,20.3384297420292,1,5.134
247,100,"VI","mu_1",0,-5.22051151572016e-19,-19.6,19.6,1,0.056
247,100,"VI","mu_2",5,0.74929299543027,0.403452968233521,1.09513302262702,0,0.056
247,100,"VI","mu_3",10,8.35493455507611,8.07174081319502,8.63812829695721,0,0.056
247,100,"VI","mu_4",20,19.9038242570914,19.4656644597617,20.3419840544211,1,0.056
