"sim_id","n","method","component","mu_true","estimate","lower","upper","covered","elapsed_seconds"
462,100,"Gibbs","mu_1",0,-0.0187570503916372,-0.371173186278073,0.322990944523982,1,5.508
462,100,"Gibbs","mu_2",5,5.30135449498688,4.89925390682071,5.69593473846871,1,5.508
462,100,"Gibbs","mu_3",10,10.1846209745736,9.73828668722355,10.6318775751936,1,5.508
462,100,"Gibbs","mu_4",20,20.0125387469012,19.6176266071585,20.410128228321,1,5.508
462,100,"VI","mu_1",0,-3.09918175385323e-22,-19.6,19.6,1,0.0499999999999998
462,100,"VI","mu_2",5,0.00424764852814259,-0.346907734368424,0.355403031424709,0,0.0499999999999998
462,100,"VI","mu_3",10,7.48140418732801,7.18878871934519,7.77401965531082,0,0.0499999999999998
462,100,"VI","mu_4",20,20.0119876785156,19.6119876785226,20.4119876785087,1,0.0499999999999998
