"sim_id","n","method","component","mu_true","estimate","lower","upper","covered","elapsed_seconds"
366,100,"Gibbs","mu_1",0,0.0380933511226548,-0.386274700141053,0.4568444512493,1,5.525
366,100,"Gibbs","mu_2",5,5.08233836415638,4.7002626669618,5.45974350167529,1,5.525
366,100,"Gibbs","mu_3",10,10.1598226625105,9.78370738955161,10.5352583655722,1,5.525
366,100,"Gibbs","mu_4",20,20.2289394152203,19.8291268705047,20.6164214806669,1,5.525
366,100,"VI","mu_1",0,-1.82017632314421e-16,-19.6,19.6,1,0.0590000000000002
366,100,"VI","mu_2",5,2.64233438265479,2.35597707059834,2.92869169471123,0,0.0590000000000002
366,100,"VI","mu_3",10,9.88997467500244,9.52708333110569,10.2528660188992,1,0.0590000000000002
366,100,"VI","mu_4",20,20.22436895733,19.82436895733,20.62436895733,1,0.0590000000000002
