"sim_id","n","method","component","mu_true","estimate","lower","upper","covered","elapsed_seconds"
103,100,"Gibbs","mu_1",0,1.4215112539902e-05,-0.445120630984771,0.465501324082378,1,5.525
103,100,"Gibbs","mu_2",5,5.19117975117288,4.78773605173545,5.59243682293762,1,5.525
103,100,"Gibbs","mu_3",10,9.97591550729409,9.54216256237551,10.4176571902534,1,5.525
103,100,"Gibbs","mu_4",20,20.2408557582888,19.9014667310709,20.5744458362456,1,5.525
103,100,"VI","mu_1",0,0.00194522909130557,-0.446755242056009,0.45064570023862,1,0.0520000000000005
103,100,"VI","mu_2",5,5.18637401738185,4.80296804678441,5.56977998797928,1,0.0520000000000005
103,100,"VI","mu_3",10,9.97422970477134,9.5545956843106,10.3938637252321,1,0.0520000000000005
103,100,"VI","mu_4",20,20.2407892929778,19.8996487713473,20.5819298146083,1,0.0520000000000005
