"sim_id","n","method","component","mu_true","estimate","lower","upper","covered","elapsed_seconds"
27,100,"Gibbs","mu_1",0,-0.105801038480379,-0.487925306731668,0.269394314367461,1,5.537
27,100,"Gibbs","mu_2",5,5.11816049761118,4.68498972248285,5.54519918323051,1,5.537
27,100,"Gibbs","mu_3",10,9.87487535966038,9.41184927878521,10.3483379502211,1,5.537
27,100,"Gibbs","mu_4",20,20.0872036894856,19.729188800864,20.4489266293476,1,5.537
27,100,"VI","mu_1",0,-1.48654665885804e-20,-19.6,19.6,1,0.0490000000000004
27,100,"VI","mu_2",5,0.0746254357229993,-0.286824238871009,0.436075110317007,0,0.0490000000000004
27,100,"VI","mu_3",10,7.36133919767415,7.05379245259684,7.66888594275147,0,0.0490000000000004
27,100,"VI","mu_4",20,20.0912965021122,19.7335107239331,20.4490822802912,1,0.0490000000000004
