"sim_id","n","method","component","mu_true","estimate","lower","upper","covered","elapsed_seconds"
175,100,"Gibbs","mu_1",0,-0.0796322795306005,-0.464345926201701,0.301261804491516,1,5.389
175,100,"Gibbs","mu_2",5,5.11657600106854,4.56454102411392,5.68995413696165,1,5.389
175,100,"Gibbs","mu_3",10,10.0578092391092,9.69757190230086,10.4305551416845,1,5.389
175,100,"Gibbs","mu_4",20,19.5390909805767,19.1654624228524,19.9283349869573,0,5.389
175,100,"VI","mu_1",0,-0.0760660781604869,-0.453399443693975,0.301267287373001,1,0.0519999999999996
175,100,"VI","mu_2",5,5.10289534631011,4.60319574816677,5.60259494445345,1,0.0519999999999996
175,100,"VI","mu_3",10,10.050077391306,9.69612695967673,10.4040278229353,1,0.0519999999999996
175,100,"VI","mu_4",20,19.5380821209277,19.1609497783471,19.9152144635082,0,0.0519999999999996
