"sim_id","n","method","component","mu_true","estimate","lower","upper","covered","elapsed_seconds"
197,100,"Gibbs","mu_1",0,0.225995137347563,-0.238695937994511,0.686958732075011,1,5.521
197,100,"Gibbs","mu_2",5,5.18882796539175,4.80701938914208,5.56851127270693,1,5.521
197,100,"Gibbs","mu_3",10,10.1172913194375,9.65472896708075,10.5721954098077,1,5.521
197,100,"Gibbs","mu_4",20,19.8912114541822,19.5079267840392,20.2724618712715,1,5.521
197,100,"VI","mu_1",0,-2.80274631769909e-19,-19.6,19.6,1,0.0540000000000003
197,100,"VI","mu_2",5,0.886282697025226,0.510833592258477,1.26173180179198,0,0.0540000000000003
197,100,"VI","mu_3",10,7.51220952426834,7.22560367019702,7.79881537833967,0,0.0540000000000003
197,100,"VI","mu_4",20,19.8919109023414,19.5075971768513,20.2762246278316,1,0.0540000000000003
