"sim_id","n","method","component","mu_true","estimate","lower","upper","covered","elapsed_seconds"
437,100,"Gibbs","mu_1",0,-0.204488303291162,-0.580836920561642,0.157009261414508,1,5.543
437,100,"Gibbs","mu_2",5,4.895572310997,4.43181741418141,5.36422262950184,1,5.543
437,100,"Gibbs","mu_3",10,9.63543120287412,9.27142105551535,10.0004093234895,1,5.543
437,100,"Gibbs","mu_4",20,20.2184926544879,19.7812354387427,20.6505157659292,1,5.543
437,100,"VI","mu_1",0,-3.67831967569601e-20,-19.6,19.6,1,0.0510000000000002
437,100,"VI","mu_2",5,0.124671132484719,-0.215306192535345,0.464648457504783,0,0.0510000000000002
437,100,"VI","mu_3",10,8.04203855159256,7.75548312671047,8.32859397647466,0,0.0510000000000002
437,100,"VI","mu_4",20,20.2203855000929,19.7822257027632,20.6585452974226,1,0.0510000000000002
