"sim_id","n","method","component","mu_true","estimate","lower","upper","covered","elapsed_seconds"
159,100,"Gibbs","mu_1",0,-0.172360037055438,-0.539138340117172,0.196006368072741,1,5.545
159,100,"Gibbs","mu_2",5,5.50993582550101,4.93949365089663,6.09699064812213,1,5.545
159,100,"Gibbs","mu_3",10,10.2917914246686,9.92247409082571,10.6613509565223,1,5.545
159,100,"Gibbs","mu_4",20,20.0535628280977,19.6749079969396,20.4274687893362,1,5.545
159,100,"VI","mu_1",0,-1.78314064176321e-19,-19.6,19.6,1,0.0510000000000002
159,100,"VI","mu_2",5,0.24238765725229,-0.0942095917685899,0.57898490627317,0,0.0510000000000002
159,100,"VI","mu_3",10,9.04379737933568,8.73039937730133,9.35719538137002,0,0.0510000000000002
159,100,"VI","mu_4",20,20.0577047532907,19.6805724102776,20.4348370963038,1,0.0510000000000002
