"sim_id","n","method","component","mu_true","estimate","lower","upper","covered","elapsed_seconds"
499,100,"Gibbs","mu_1",0,-0.114482334378154,-0.492124324036883,0.264032991276366,1,5.495
499,100,"Gibbs","mu_2",5,4.97967896516784,4.57034534814586,5.3827903051163,1,5.495
499,100,"Gibbs","mu_3",10,10.262848867622,9.80059743706358,10.7260757101113,1,5.495
499,100,"Gibbs","mu_4",20,19.9917947509047,19.6312760090999,20.3527970561237,1,5.495
499,100,"VI","mu_1",0,-0.114543432661719,-0.485094955184374,0.256008089860936,1,0.0499999999999998
499,100,"VI","mu_2",5,4.97973976202338,4.58814500978538,5.37133451426139,1,0.0499999999999998
499,100,"VI","mu_3",10,10.2584035336903,9.79643148224651,10.7203755851342,1,0.0499999999999998
499,100,"VI","mu_4",20,19.9921512485475,19.6282511217138,20.3560513753811,1,0.0499999999999998
