"sim_id","n","method","component","mu_true","estimate","lower","upper","covered","elapsed_seconds"
119,100,"Gibbs","mu_1",0,3.07496013505922,2.75903310557588,3.38083194042293,0,5.536
119,100,"Gibbs","mu_2",5,10.0208250146607,9.56105074331411,10.4529131299616,0,5.536
119,100,"Gibbs","mu_3",10,19.6773777734832,18.8903597229017,20.287761768126,0,5.536
119,100,"Gibbs","mu_4",20,20.4980264777582,19.9491960959715,21.1554572499205,1,5.536
119,100,"VI","mu_1",0,0.448289734971764,0.0142012799796757,0.882378189963852,0,0.0510000000000002
119,100,"VI","mu_2",5,5.27964528726267,4.91324496038258,5.64604561414277,1,0.0510000000000002
119,100,"VI","mu_3",10,10.3240681744002,9.92421344387754,10.7239229049228,1,0.0510000000000002
119,100,"VI","mu_4",20,20.1174367126741,19.7403043696467,20.4945690557014,1,0.0510000000000002
