"sim_id","n","method","component","mu_true","estimate","lower","upper","covered","elapsed_seconds"
59,100,"Gibbs","mu_1",0,0.129790684500475,-0.270829826284816,0.53042703445468,1,5.547
59,100,"Gibbs","mu_2",5,5.04999042034253,4.60016646479998,5.49785645266135,1,5.547
59,100,"Gibbs","mu_3",10,9.80524503891487,9.42442888149254,10.1962427563539,1,5.547
59,100,"Gibbs","mu_4",20,20.4421953090608,20.0109212972752,20.8827120920297,0,5.547
59,100,"VI","mu_1",0,-1.96315842688593e-10,-19.5999999989056,19.599999998513,1,0.0490000000000004
59,100,"VI","mu_2",5,-1.96315842688593e-10,-19.5999999989056,19.599999998513,1,0.0490000000000004
59,100,"VI","mu_3",10,5.274478170325,5.05397332650741,5.49498301414259,0,0.0490000000000004
59,100,"VI","mu_4",20,20.4444024037871,20.0168085915159,20.8719962160583,0,0.0490000000000004
