"sim_id","n","method","component","mu_true","estimate","lower","upper","covered","elapsed_seconds"
483,100,"Gibbs","mu_1",0,-0.0971706403086289,-0.540353012313135,0.343891970766874,1,5.552
483,100,"Gibbs","mu_2",5,5.01250096653102,4.56677802150261,5.44974441489366,1,5.552
483,100,"Gibbs","mu_3",10,9.70577908500492,9.31407486318287,10.1034231638834,1,5.552
483,100,"Gibbs","mu_4",20,20.2584921441139,19.8598176050753,20.6566010491383,1,5.552
483,100,"VI","mu_1",0,-0.0905374892959989,-0.501771428720786,0.320696450128788,1,0.0520000000000005
483,100,"VI","mu_2",5,5.01638122823635,4.62537395412594,5.40738850234675,1,0.0520000000000005
483,100,"VI","mu_3",10,9.70550872306526,9.32960444492183,10.0814130012087,1,0.0520000000000005
483,100,"VI","mu_4",20,20.2659060238894,19.8739844003778,20.6578276474011,1,0.0520000000000005
