"sim_id","n","method","component","mu_true","estimate","lower","upper","covered","elapsed_seconds"
81,100,"Gibbs","mu_1",0,-0.281798195946275,-0.678353319071447,0.126404004955381,1,5.168
81,100,"Gibbs","mu_2",5,5.31570700207546,4.88254977141852,5.73042632524894,1,5.168
81,100,"Gibbs","mu_3",10,9.7599069421927,9.30819079122653,10.2220700367387,1,5.168
81,100,"Gibbs","mu_4",20,20.2098076744616,19.8389376731626,20.5832219517031,1,5.168
81,100,"VI","mu_1",0,-7.25122394228542e-11,-19.599999999665,19.59999999952,1,0.0499999999999998
81,100,"VI","mu_2",5,-7.25122394228542e-11,-19.599999999665,19.59999999952,1,0.0499999999999998
81,100,"VI","mu_3",10,4.85489466345571,4.62392248733592,5.0858668395755,0,0.0499999999999998
81,100,"VI","mu_4",20,20.2101013986967,19.8397623416709,20.5804404557224,1,0.0499999999999998
