"sim_id","n","method","component","mu_true","estimate","lower","upper","covered","elapsed_seconds"
257,100,"Gibbs","mu_1",0,-0.0782664694096324,-0.499128392436047,0.322585612969134,1,5.459
257,100,"Gibbs","mu_2",5,4.83194455090387,4.47277830165644,5.19579015209174,1,5.459
257,100,"Gibbs","mu_3",10,10.0757867975408,9.53113912038145,10.6358149561644,1,5.459
257,100,"Gibbs","mu_4",20,19.9894163039983,19.6208372999845,20.3552256588358,1,5.459
257,100,"VI","mu_1",0,-0.0833203778889567,-0.47733216068904,0.310691404911127,1,0.0510000000000002
257,100,"VI","mu_2",5,4.83714204455116,4.49593017295298,5.17835391614935,1,0.0510000000000002
257,100,"VI","mu_3",10,10.0820058763156,9.56348820754799,10.6005235450833,1,0.0510000000000002
257,100,"VI","mu_4",20,19.9912079298242,19.6208688723461,20.3615469873023,1,0.0510000000000002
