"sim_id","n","method","component","mu_true","estimate","lower","upper","covered","elapsed_seconds"
277,100,"Gibbs","mu_1",0,0.282162270400032,-0.103467882783711,0.662451984966963,1,5.194
277,100,"Gibbs","mu_2",5,5.14767061440561,4.70218626322704,5.58990653630292,1,5.194
277,100,"Gibbs","mu_3",10,10.2355070911752,9.86345810429437,10.6175406479887,1,5.194
277,100,"Gibbs","mu_4",20,19.9446019864013,19.5177770941222,20.3696057896894,1,5.194
277,100,"VI","mu_1",0,-3.73072808884963e-17,-19.6,19.6,1,0.0540000000000003
277,100,"VI","mu_2",5,2.03564683742371,1.7424383585523,2.32885531629512,0,0.0540000000000003
277,100,"VI","mu_3",10,9.6516531147714,9.31716105833875,9.98614517120404,0,0.0540000000000003
277,100,"VI","mu_4",20,19.9464505685,19.5188453023269,20.3740558346731,1,0.0540000000000003
