"sim_id","n","method","component","mu_true","estimate","lower","upper","covered","elapsed_seconds"
408,100,"Gibbs","mu_1",0,0.154436100860841,-0.221995737937896,0.531191294615421,1,5.489
408,100,"Gibbs","mu_2",5,4.83411308137903,4.39166375002661,5.29598313878768,1,5.489
408,100,"Gibbs","mu_3",10,9.8368046539619,9.42001926713954,10.2467868145276,1,5.489
408,100,"Gibbs","mu_4",20,20.1127239165831,19.7474792576579,20.4854733370996,1,5.489
408,100,"VI","mu_1",0,0.674596285022672,0.335083722634438,1.01410884741091,0,0.0510000000000002
408,100,"VI","mu_2",5,7.97535677892613,7.52980254691319,8.42091101093907,0,0.0510000000000002
408,100,"VI","mu_3",10,7.97535677892613,7.52980254691319,8.42091101093907,0,0.0510000000000002
408,100,"VI","mu_4",20,20.1106322297373,19.7402931722592,20.4809712872153,1,0.0510000000000002
