"sim_id","n","method","component","mu_true","estimate","lower","upper","covered","elapsed_seconds"
289,100,"Gibbs","mu_1",0,-0.164390339819663,-0.613209698062359,0.286406742753113,1,5.513
289,100,"Gibbs","mu_2",5,5.33383710408499,4.95644498488726,5.73976469715895,1,5.513
289,100,"Gibbs","mu_3",10,10.276092390404,9.90171992745629,10.6421225782269,1,5.513
289,100,"Gibbs","mu_4",20,19.9194533609875,19.5207889343883,20.3128936131872,1,5.513
289,100,"VI","mu_1",0,-4.82501679320079e-19,-19.6,19.6,1,0.0530000000000008
289,100,"VI","mu_2",5,0.76526274438754,0.379705472923265,1.15082001585181,0,0.0530000000000008
289,100,"VI","mu_3",10,8.40482080448097,8.12532660385455,8.68431500510739,0,0.0530000000000008
289,100,"VI","mu_4",20,19.9172120868111,19.525290463299,20.3091337103232,1,0.0530000000000008
