"sim_id","n","method","component","mu_true","estimate","lower","upper","covered","elapsed_seconds"
263,100,"Gibbs","mu_1",0,-0.125766421601398,-0.52899725516753,0.283597063809228,1,5.449
263,100,"Gibbs","mu_2",5,4.69386452707077,4.26619737116343,5.11269732200492,1,5.449
263,100,"Gibbs","mu_3",10,10.0118420172873,9.63874253853916,10.3897187542809,1,5.449
263,100,"Gibbs","mu_4",20,19.999759584817,19.5959991683369,20.4050499260589,1,5.449
263,100,"VI","mu_1",0,-7.40924393475686e-16,-19.6,19.6,1,0.0549999999999997
263,100,"VI","mu_2",5,-7.40924393475686e-16,-19.6,19.6,1,0.0549999999999997
263,100,"VI","mu_3",10,2.64354862182719,2.37051311110048,2.91658413255389,0,0.0549999999999997
263,100,"VI","mu_4",20,14.8508116641781,14.5693383183981,15.132285009958,0,0.0549999999999997
