"sim_id","n","method","component","mu_true","estimate","lower","upper","covered","elapsed_seconds"
330,100,"Gibbs","mu_1",0,0.00942873379870436,-0.363135937356603,0.383650749720558,1,5.522
330,100,"Gibbs","mu_2",5,4.79530794066514,4.39525429340463,5.18539311477712,1,5.522
330,100,"Gibbs","mu_3",10,9.94153514050257,9.43618587521608,10.4568072656802,1,5.522
330,100,"Gibbs","mu_4",20,19.5105837041175,19.1172409691246,19.9092866139735,0,5.522
330,100,"VI","mu_1",0,-2.25257062170914e-13,-19.5999999999987,19.5999999999983,1,0.0519999999999996
330,100,"VI","mu_2",5,-2.25257062170914e-13,-19.5999999999987,19.5999999999983,1,0.0519999999999996
330,100,"VI","mu_3",10,4.07758390088836,3.85127494005325,4.30389286172347,0,0.0519999999999996
330,100,"VI","mu_4",20,19.5082094114347,19.1163020284757,19.9001167943937,0,0.0519999999999996
