"sim_id","n","method","component","mu_true","estimate","lower","upper","covered","elapsed_seconds"
158,100,"Gibbs","mu_1",0,0.134883264843824,-0.244621386520225,0.49999799047502,1,5.552
158,100,"Gibbs","mu_2",5,5.61063545583757,5.08847526505185,6.14999800389069,0,5.552
158,100,"Gibbs","mu_3",10,10.1330511331176,9.76072815627737,10.5200495678658,1,5.552
158,100,"Gibbs","mu_4",20,19.9487193500556,19.5485075963308,20.3571261665128,1,5.552
158,100,"VI","mu_1",0,-1.23511244860741e-19,-19.6,19.6,1,0.0520000000000005
158,100,"VI","mu_2",5,0.352626863621253,-0.00766461349071379,0.712918340733221,0,0.0520000000000005
158,100,"VI","mu_3",10,8.51019472232241,8.22558614949543,8.7948032951494,0,0.0520000000000005
158,100,"VI","mu_4",20,19.9503018171748,19.5417023819344,20.3589012524151,1,0.0520000000000005
