"sim_id","n","method","component","mu_true","estimate","lower","upper","covered","elapsed_seconds"
238,100,"Gibbs","mu_1",0,-0.173418582472833,-0.570423420225931,0.213760130199239,1,5.514
238,100,"Gibbs","mu_2",5,5.06434001317407,4.64868531762451,5.49782923019445,1,5.514
238,100,"Gibbs","mu_3",10,10.289292893808,9.88818058019055,10.6899179180151,1,5.514
238,100,"Gibbs","mu_4",20,19.6166637099204,19.2273342088645,20.0023884832215,1,5.514
238,100,"VI","mu_1",0,-6.1702833112709e-19,-19.6,19.6,1,0.0529999999999999
238,100,"VI","mu_2",5,0.489519598886248,0.14166455951876,0.837374638253737,0,0.0529999999999999
238,100,"VI","mu_3",10,8.20916282692417,7.90770305752541,8.51062259632294,0,0.0529999999999999
238,100,"VI","mu_4",20,19.6165715061197,19.2322577806296,20.0008852316099,1,0.0529999999999999
