"sim_id","n","method","component","mu_true","estimate","lower","upper","covered","elapsed_seconds"
319,100,"Gibbs","mu_1",0,-0.0856867028733477,-0.441534109954947,0.275088275746828,1,5.512
319,100,"Gibbs","mu_2",5,4.92804007975308,4.47615928176158,5.37581846629587,1,5.512
319,100,"Gibbs","mu_3",10,9.88018214160802,9.46910614366248,10.3039252255911,1,5.512
319,100,"Gibbs","mu_4",20,20.2163838444593,19.8192488392671,20.6145953645015,1,5.512
319,100,"VI","mu_1",0,-3.04205969121063e-19,-19.6,19.6,1,0.0529999999999999
319,100,"VI","mu_2",5,0.436104910949434,0.10352221976999,0.768687602128878,0,0.0529999999999999
319,100,"VI","mu_3",10,7.88626497130762,7.58123884931463,8.1912910933006,0,0.0529999999999999
319,100,"VI","mu_4",20,20.2126559175339,19.8126559303791,20.6126559046886,1,0.0529999999999999
