"sim_id","n","method","component","mu_true","estimate","lower","upper","covered","elapsed_seconds"
182,100,"Gibbs","mu_1",0,1.31861257763579,0.606582805631232,1.88297989702456,0,5.497
182,100,"Gibbs","mu_2",5,8.5498470429705,7.84430835590058,9.23429150962247,0,5.497
182,100,"Gibbs","mu_3",10,19.5795339525892,18.9864826578533,20.0679846701952,0,5.497
182,100,"Gibbs","mu_4",20,20.1165653481234,19.6259648348285,20.7041110444173,1,5.497
182,100,"VI","mu_1",0,-4.8044859561958e-18,-19.6,19.6,1,0.0670000000000002
182,100,"VI","mu_2",5,1.43239120930714,1.12092918564306,1.74385323297122,0,0.0670000000000002
182,100,"VI","mu_3",10,8.65437726146339,8.31014331841735,8.99861120450943,0,0.0670000000000002
182,100,"VI","mu_4",20,19.8550095796286,19.4846705221505,20.2253486371066,1,0.0670000000000002
