"sim_id","n","method","component","mu_true","estimate","lower","upper","covered","elapsed_seconds"
201,100,"Gibbs","mu_1",0,0.152271290158862,-0.347194327736989,0.646197643786013,1,5.517
201,100,"Gibbs","mu_2",5,5.01208911872772,4.57600828747394,5.44645005299611,1,5.517
201,100,"Gibbs","mu_3",10,9.78404949321573,9.41284463460256,10.1669059037661,1,5.517
201,100,"Gibbs","mu_4",20,19.7886556101333,19.4273903944076,20.154348806175,1,5.517
201,100,"VI","mu_1",0,-6.90237022829062e-09,-19.5999999569382,19.5999999431335,1,0.048
201,100,"VI","mu_2",5,-6.90237022829062e-09,-19.5999999569382,19.5999999431335,1,0.048
201,100,"VI","mu_3",10,5.93900574030939,5.70641268371209,6.1715987969067,0,0.048
201,100,"VI","mu_4",20,19.7881292657805,19.4242300227878,20.1520285087732,1,0.048
