"sim_id","n","method","component","mu_true","estimate","lower","upper","covered","elapsed_seconds"
180,100,"Gibbs","mu_1",0,-0.28325468244885,-0.717714715286217,0.141108017886523,1,5.526
180,100,"Gibbs","mu_2",5,4.93854890114107,4.53882578922677,5.34053506379835,1,5.526
180,100,"Gibbs","mu_3",10,9.83760868448087,9.43900943302549,10.2427543389326,1,5.526
180,100,"Gibbs","mu_4",20,20.2995268777439,19.9420844064441,20.6653066368877,1,5.526
180,100,"VI","mu_1",0,-2.69371922703664e-10,-19.5999999987539,19.5999999982151,1,0.048
180,100,"VI","mu_2",5,-2.69371922703664e-10,-19.5999999987539,19.5999999982151,1,0.048
180,100,"VI","mu_3",10,5.06410370140954,4.82985562538783,5.29835177743125,0,0.048
180,100,"VI","mu_4",20,20.299826098328,19.9420403200861,20.6576118765698,1,0.048
