"sim_id","n","method","component","mu_true","estimate","lower","upper","covered","elapsed_seconds"
234,100,"Gibbs","mu_1",0,0.0349009797905695,-0.35106410190307,0.420356036341592,1,5.496
234,100,"Gibbs","mu_2",5,4.99490090644284,4.5432127020356,5.45178896460008,1,5.496
234,100,"Gibbs","mu_3",10,10.0352758822604,9.61885310259459,10.4526322934711,1,5.496
234,100,"Gibbs","mu_4",20,19.459237381892,19.0683865759565,19.8315044744597,0,5.496
234,100,"VI","mu_1",0,-1.81456122700551e-18,-19.6,19.6,1,0.0520000000000005
234,100,"VI","mu_2",5,1.26143657871936,0.951446164677663,1.57142699276105,0,0.0520000000000005
234,100,"VI","mu_3",10,8.7717966709013,8.43586934102911,9.10772400077349,0,0.0520000000000005
234,100,"VI","mu_4",20,19.4614728115458,19.0771590860558,19.8457865370358,0,0.0520000000000005
