"sim_id","n","method","component","mu_true","estimate","lower","upper","covered","elapsed_seconds"
352,100,"Gibbs","mu_1",0,0.0583510986488046,-0.307462456071188,0.413668004312792,1,5.551
352,100,"Gibbs","mu_2",5,4.91330270188679,4.44762017851581,5.3781402748449,1,5.551
352,100,"Gibbs","mu_3",10,9.86106332489249,9.41748194464408,10.3111417195532,1,5.551
352,100,"Gibbs","mu_4",20,19.8292992094555,19.4704185808563,20.1926165132385,1,5.551
352,100,"VI","mu_1",0,6.17677311996374e-21,-19.6,19.6,1,0.0520000000000005
352,100,"VI","mu_2",5,0.361466704634159,0.0187584829594261,0.704174926308892,0,0.0520000000000005
352,100,"VI","mu_3",10,7.70969072085297,7.38442740275135,8.0349540389546,0,0.0520000000000005
352,100,"VI","mu_4",20,19.8265581443202,19.474588517065,20.1785277715754,1,0.0520000000000005
