"sim_id","n","method","component","mu_true","estimate","lower","upper","covered","elapsed_seconds"
449,100,"Gibbs","mu_1",0,0.000197810854217799,-0.412560234677494,0.401887371497666,1,5.526
449,100,"Gibbs","mu_2",5,4.73938082885239,4.36180370562364,5.10959255321981,1,5.526
449,100,"Gibbs","mu_3",10,10.2981896325514,9.82051517921544,10.7863272493196,1,5.526
449,100,"Gibbs","mu_4",20,20.0450657548999,19.6794399275555,20.4144662704091,1,5.526
449,100,"VI","mu_1",0,-8.04147231210345e-17,-19.6,19.6,1,0.0640000000000001
449,100,"VI","mu_2",5,2.2022232996844,1.91884468017065,2.48560191919814,0,0.0640000000000001
449,100,"VI","mu_3",10,9.19057721868437,8.7834916129583,9.59766282441044,0,0.0640000000000001
449,100,"VI","mu_4",20,20.0428954184372,19.6789952916036,20.4067955452708,1,0.0640000000000001
