"sim_id","n","method","component","mu_true","estimate","lower","upper","covered","elapsed_seconds"
391,100,"Gibbs","mu_1",0,0.427450185203687,0.0470539897881069,0.80595864366356,0,5.526
391,100,"Gibbs","mu_2",5,4.90887705232426,4.44697018118397,5.37889693085023,1,5.526
391,100,"Gibbs","mu_3",10,10.1571233213886,9.71977993548161,10.5947106582133,1,5.526
391,100,"Gibbs","mu_4",20,20.1360127646048,19.7835410705194,20.486631794149,1,5.526
391,100,"VI","mu_1",0,0.428820452867178,0.0581365131962526,0.799504392538104,0,0.0499999999999998
391,100,"VI","mu_2",5,4.90960388911468,4.48246128156912,5.33674649666024,1,0.0499999999999998
391,100,"VI","mu_3",10,10.1595396796647,9.72145166410349,10.597627695226,1,0.0499999999999998
391,100,"VI","mu_4",20,20.1383123619895,19.7863427347341,20.490281989245,1,0.0499999999999998
