"sim_id","n","method","component","mu_true","estimate","lower","upper","covered","elapsed_seconds"
425,100,"Gibbs","mu_1",0,-0.0878224224370899,-0.450603248631304,0.263260149392508,1,5.355
425,100,"Gibbs","mu_2",5,5.45105516911037,4.99703661597994,5.91376299661095,1,5.355
425,100,"Gibbs","mu_3",10,9.85988031297896,9.46388929933204,10.260754092129,1,5.355
425,100,"Gibbs","mu_4",20,20.2325638275408,19.8118362410596,20.6423240921301,1,5.355
425,100,"VI","mu_1",0,-2.19800822692355e-10,-19.5999999992758,19.5999999988362,1,0.0540000000000003
425,100,"VI","mu_2",5,-2.19800822692355e-10,-19.5999999992758,19.5999999988362,1,0.0540000000000003
425,100,"VI","mu_3",10,4.76757085490995,4.54420695721574,4.99093475260417,0,0.0540000000000003
425,100,"VI","mu_4",20,20.2264059438871,19.817902411123,20.6349094766512,1,0.0540000000000003
