"sim_id","n","method","component","mu_true","estimate","lower","upper","covered","elapsed_seconds"
302,100,"Gibbs","mu_1",0,0.000563112601879332,-0.390171358956678,0.397000090616299,1,5.501
302,100,"Gibbs","mu_2",5,5.04256057160537,4.6101768667329,5.47296580600478,1,5.501
302,100,"Gibbs","mu_3",10,10.163502301288,9.72999959793511,10.5966549633878,1,5.501
302,100,"Gibbs","mu_4",20,19.7378325134712,19.388227568298,20.0737285052991,1,5.501
302,100,"VI","mu_1",0,-7.32797437657648e-18,-19.6,19.6,1,0.0539999999999994
302,100,"VI","mu_2",5,1.38383610676211,1.06075362219101,1.70691859133322,0,0.0539999999999994
302,100,"VI","mu_3",10,8.81278383816469,8.46198211102166,9.16358556530772,0,0.0539999999999994
302,100,"VI","mu_4",20,19.7371129097741,19.3906847121704,20.0835411073778,1,0.0539999999999994
