"sim_id","n","method","component","mu_true","estimate","lower","upper","covered","elapsed_seconds"
76,100,"Gibbs","mu_1",0,-0.386060178322393,-0.842919067944815,0.0717990381993592,1,5.516
76,100,"Gibbs","mu_2",5,5.05748852474172,4.70447712339824,5.42086098590546,1,5.516
76,100,"Gibbs","mu_3",10,10.028175871727,9.6570563007035,10.390439160091,1,5.516
76,100,"Gibbs","mu_4",20,19.6197441455429,19.2159190984089,20.03380514527,1,5.516
76,100,"VI","mu_1",0,-2.9563896743116e-17,-19.6,19.6,1,0.056
76,100,"VI","mu_2",5,2.24148869484536,1.92745841879478,2.55551897089593,0,0.056
76,100,"VI","mu_3",10,9.15998137653819,8.84229677165245,9.47766598142394,0,0.056
76,100,"VI","mu_4",20,19.6219686075345,19.2133691722943,20.0305680427747,1,0.056
