"sim_id","n","method","component","mu_true","estimate","lower","upper","covered","elapsed_seconds"
33,100,"Gibbs","mu_1",0,0.189731271620946,-0.287515287123158,0.658602268695956,1,5.57
33,100,"Gibbs","mu_2",5,5.04656065472966,4.58322794158444,5.52376120445942,1,5.57
33,100,"Gibbs","mu_3",10,9.69180574732339,9.3201745177314,10.0679681720438,1,5.57
33,100,"Gibbs","mu_4",20,19.8076347843494,19.4722204501614,20.1398650750953,1,5.57
33,100,"VI","mu_1",0,-2.27936139346786e-11,-19.5999999997362,19.5999999996906,1,0.0449999999999999
33,100,"VI","mu_2",5,-2.27936139346786e-11,-19.5999999997362,19.5999999996906,1,0.0449999999999999
33,100,"VI","mu_3",10,5.57206444906233,5.33263020253946,5.81149869558519,0,0.0449999999999999
33,100,"VI","mu_4",20,19.8129719527012,19.4718314401667,20.1541124652356,1,0.0449999999999999
