"sim_id","n","method","component","mu_true","estimate","lower","upper","covered","elapsed_seconds"
465,100,"Gibbs","mu_1",0,0.136250396948478,-0.250893199890413,0.535162368495008,1,5.18
465,100,"Gibbs","mu_2",5,5.124189567794,4.5795745516856,5.66938087060066,1,5.18
465,100,"Gibbs","mu_3",10,10.0830741396437,9.66908727740434,10.4992740641709,1,5.18
465,100,"Gibbs","mu_4",20,19.8416979246738,19.4830169236552,20.1972309088565,1,5.18
465,100,"VI","mu_1",0,0.133691704768459,-0.239810864202402,0.507194273739321,1,0.0440000000000005
465,100,"VI","mu_2",5,5.12220189045967,4.65724382170054,5.58715995921879,1,0.0440000000000005
465,100,"VI","mu_3",10,10.086915961869,9.69272278913175,10.4811091346061,1,0.0440000000000005
465,100,"VI","mu_4",20,19.8427422987815,19.4849565205402,20.2005280770228,1,0.0440000000000005
