"sim_id","n","method","component","mu_true","estimate","lower","upper","covered","elapsed_seconds"
74,100,"Gibbs","mu_1",0,0.0659041517583182,-0.277940564577101,0.411394504445974,1,5.553
74,100,"Gibbs","mu_2",5,4.97065330122871,4.48766677661036,5.46325063862905,1,5.553
74,100,"Gibbs","mu_3",10,9.92318823491633,9.5306941731551,10.2999193413,1,5.553
74,100,"Gibbs","mu_4",20,20.0326455520845,19.609930391897,20.468494370134,1,5.553
74,100,"VI","mu_1",0,0.0665669856383807,-0.274259268257641,0.407393239534403,1,0.0500000000000007
74,100,"VI","mu_2",5,4.96899348837823,4.50619531366101,5.43179166309545,1,0.0500000000000007
74,100,"VI","mu_3",10,9.92409602398652,9.55384262191268,10.2943494260604,1,0.0500000000000007
74,100,"VI","mu_4",20,20.0293575235516,19.6017522573493,20.456962789754,1,0.0500000000000007
