"sim_id","n","method","component","mu_true","estimate","lower","upper","covered","elapsed_seconds"
403,100,"Gibbs","mu_1",0,0.6250230819506,0.234029468189473,1.00963691770643,0,5.503
403,100,"Gibbs","mu_2",5,4.79121606682819,4.32492983510649,5.26897289378012,1,5.503
403,100,"Gibbs","mu_3",10,10.1332437910226,9.74382628030289,10.5216841380161,1,5.503
403,100,"Gibbs","mu_4",20,19.9078458302612,19.5059380786997,20.2994511801794,1,5.503
403,100,"VI","mu_1",0,-2.63163313316836e-17,-19.6,19.6,1,0.0530000000000008
403,100,"VI","mu_2",5,2.27343509151643,1.98849392492008,2.55837625811278,0,0.0530000000000008
403,100,"VI","mu_3",10,9.8866409272103,9.51426682226013,10.2590150321605,1,0.0530000000000008
403,100,"VI","mu_4",20,19.9109156747456,19.5189940512337,20.3028372982575,1,0.0530000000000008
