"sim_id","n","method","component","mu_true","estimate","lower","upper","covered","elapsed_seconds"
456,100,"Gibbs","mu_1",0,0.254094116834178,-0.131001268830608,0.635526030906271,1,5.529
456,100,"Gibbs","mu_2",5,4.77992551041877,4.45339218001241,5.11968963961294,1,5.529
456,100,"Gibbs","mu_3",10,9.70907131552719,9.27077847650445,10.1346722697035,1,5.529
456,100,"Gibbs","mu_4",20,19.7656296542413,19.2836565197922,20.2606014980127,1,5.529
456,100,"VI","mu_1",0,-8.77763668528792e-20,-19.6,19.6,1,0.0549999999999997
456,100,"VI","mu_2",5,0.6559890965469,0.302915932499546,1.00906226059425,0,0.0549999999999997
456,100,"VI","mu_3",10,6.82663358161964,6.55792236248633,7.09534480075294,0,0.0549999999999997
456,100,"VI","mu_4",20,19.7680955940581,19.2782486473192,20.257942540797,1,0.0549999999999997
