"sim_id","n","method","component","mu_true","estimate","lower","upper","covered","elapsed_seconds"
155,100,"Gibbs","mu_1",0,-0.14017569045928,-0.549511241003231,0.27478116537768,1,5.552
155,100,"Gibbs","mu_2",5,5.33087931957434,4.95522359388433,5.72469982305843,1,5.552
155,100,"Gibbs","mu_3",10,9.87540136872646,9.4982028236399,10.2620727746359,1,5.552
155,100,"Gibbs","mu_4",20,20.0961988052038,19.6391574691118,20.5599499703425,1,5.552
155,100,"VI","mu_1",0,-0.141096594933845,-0.539528857617322,0.257335667749633,1,0.0539999999999994
155,100,"VI","mu_2",5,5.32399876157011,4.96143332916738,5.68656419397284,1,0.0539999999999994
155,100,"VI","mu_3",10,9.87456376511046,9.50810747637128,10.2410200538496,1,0.0539999999999994
155,100,"VI","mu_4",20,20.0938400338675,19.6319918768338,20.5556881909012,1,0.0539999999999994
