"sim_id","n","method","component","mu_true","estimate","lower","upper","covered","elapsed_seconds"
251,100,"Gibbs","mu_1",0,0.0393155608985943,-0.382024402514726,0.458615775176458,1,5.119
251,100,"Gibbs","mu_2",5,5.1584692102177,4.70315490505059,5.58275432794482,1,5.119
251,100,"Gibbs","mu_3",10,9.56273311486456,9.07571203617178,10.0679346742881,1,5.119
251,100,"Gibbs","mu_4",20,20.1422719718019,19.7535028920547,20.5360213163369,1,5.119
251,100,"VI","mu_1",0,-9.22276465282913e-19,-19.6,19.6,1,0.0529999999999999
251,100,"VI","mu_2",5,0.920143917730246,0.567216104597477,1.27307173086302,0,0.0529999999999999
251,100,"VI","mu_3",10,7.65091378783728,7.35602905257039,7.94579852310416,0,0.0529999999999999
251,100,"VI","mu_4",20,20.1417911873317,19.7498695638195,20.5337128108439,1,0.0529999999999999
