"sim_id","n","method","component","mu_true","estimate","lower","upper","covered","elapsed_seconds"
341,100,"Gibbs","mu_1",0,2.65990429161123,2.3089449893629,2.97757696284021,0,5.543
341,100,"Gibbs","mu_2",5,9.79228897999931,9.34722912430164,10.1991490714425,0,5.543
341,100,"Gibbs","mu_3",10,19.4086347000355,18.6284810203914,20.0529893174428,0,5.543
341,100,"Gibbs","mu_4",20,20.3186715137218,19.6961199365618,21.076389800586,1,5.543
341,100,"VI","mu_1",0,-1.12372287209939e-08,-19.5999999494944,19.5999999270199,1,0.0499999999999998
341,100,"VI","mu_2",5,-1.12372287209939e-08,-19.5999999494944,19.5999999270199,1,0.0499999999999998
341,100,"VI","mu_3",10,5.62544442952469,5.4020961854394,5.84879267360997,0,0.0499999999999998
341,100,"VI","mu_4",20,19.8770727326801,19.4684734008219,20.2856720645383,1,0.0499999999999998
