"sim_id","n","method","component","mu_true","estimate","lower","upper","covered","elapsed_seconds"
143,100,"Gibbs","mu_1",0,-0.00629709160644991,-0.402540511029974,0.386872873806719,1,5.516
143,100,"Gibbs","mu_2",5,5.51711725946953,5.05677494568436,5.96055892440839,0,5.516
143,100,"Gibbs","mu_3",10,10.2235849140913,9.8491572269663,10.5919918305491,1,5.516
143,100,"Gibbs","mu_4",20,19.919611694248,19.4994045236857,20.339188926635,1,5.516
143,100,"VI","mu_1",0,-4.96666818647083e-19,-19.6,19.6,1,0.0519999999999996
143,100,"VI","mu_2",5,0.680889068022246,0.32330701437539,1.0384711216691,0,0.0519999999999996
143,100,"VI","mu_3",10,8.72984616541352,8.44977698312408,9.00991534770296,0,0.0519999999999996
143,100,"VI","mu_4",20,19.9177676645431,19.4901623983412,20.345372930745,1,0.0519999999999996
