"sim_id","n","method","component","mu_true","estimate","lower","upper","covered","elapsed_seconds"
16,100,"Gibbs","mu_1",0,0.0202646831214374,-0.395106759469535,0.443809528820312,1,5.533
16,100,"Gibbs","mu_2",5,4.5706836553718,4.10224019841957,5.03721176548852,1,5.533
16,100,"Gibbs","mu_3",10,10.0712129831251,9.72142940188757,10.4260543295642,1,5.533
16,100,"Gibbs","mu_4",20,20.029413416885,19.6550738516241,20.4070055770526,1,5.533
16,100,"VI","mu_1",0,-1.14075427734283e-16,-19.6,19.6,1,0.0510000000000002
16,100,"VI","mu_2",5,2.04985017554225,1.74699799262095,2.35270235846355,0,0.0510000000000002
16,100,"VI","mu_3",10,10.0549918600466,9.70373372265645,10.4062499974367,1,0.0510000000000002
16,100,"VI","mu_4",20,20.0291332375857,19.6520008945725,20.4062655805989,1,0.0510000000000002
