"sim_id","n","method","component","mu_true","estimate","lower","upper","covered","elapsed_seconds"
230,100,"Gibbs","mu_1",0,0.137787616284214,-0.279644375556871,0.558597731455852,1,5.516
230,100,"Gibbs","mu_2",5,4.36837839040313,3.83256012698648,4.90272182337465,0,5.516
230,100,"Gibbs","mu_3",10,10.295131294292,9.92916082848369,10.6693154546236,1,5.516
230,100,"Gibbs","mu_4",20,19.9141524372491,19.5448223067984,20.2829614374633,1,5.516
230,100,"VI","mu_1",0,0.138134149012712,-0.249837510663184,0.526105808688608,1,0.0509999999999993
230,100,"VI","mu_2",5,4.36021135514928,3.87758911623737,4.84283359406119,0,0.0509999999999993
230,100,"VI","mu_3",10,10.296520441877,9.93265313551219,10.6603877482419,1,0.0509999999999993
230,100,"VI","mu_4",20,19.9130750954256,19.5491749680761,20.2769752227751,1,0.0509999999999993
