"sim_id","n","method","component","mu_true","estimate","lower","upper","covered","elapsed_seconds"
492,100,"Gibbs","mu_1",0,-0.275479136127093,-0.653615360857547,0.101281012119482,1,5.503
492,100,"Gibbs","mu_2",5,4.65478055617743,4.2111769592424,5.10178836937636,1,5.503
492,100,"Gibbs","mu_3",10,10.0437694150668,9.64291302919063,10.434020176945,1,5.503
492,100,"Gibbs","mu_4",20,20.2523893466459,19.867353903299,20.635113567322,1,5.503
492,100,"VI","mu_1",0,-6.4289988983817e-19,-19.6,19.6,1,0.0529999999999999
492,100,"VI","mu_2",5,0.808960298417456,0.486281626710669,1.13163897012424,0,0.0529999999999999
492,100,"VI","mu_3",10,8.61807563483538,8.2919730503543,8.94417821931646,0,0.0529999999999999
492,100,"VI","mu_4",20,20.2519311322283,19.8747987892151,20.6290634752415,1,0.0529999999999999
