"sim_id","n","method","component","mu_true","estimate","lower","upper","covered","elapsed_seconds"
147,100,"Gibbs","mu_1",0,0.469208232343598,0.00529782408202128,0.922700998317143,0,5.529
147,100,"Gibbs","mu_2",5,5.41704436751465,4.98746724387907,5.85998765951643,1,5.529
147,100,"Gibbs","mu_3",10,10.1450009833417,9.75304150615575,10.535716283723,1,5.529
147,100,"Gibbs","mu_4",20,20.1157079283558,19.7347225475062,20.496912615303,1,5.529
147,100,"VI","mu_1",0,-8.15324792493581e-21,-19.6,19.6,1,0.0529999999999999
147,100,"VI","mu_2",5,0.789058174648065,0.346455580934645,1.23166076836148,0,0.0529999999999999
147,100,"VI","mu_3",10,8.02508149360668,7.756889380955,8.29327360625835,0,0.0529999999999999
147,100,"VI","mu_4",20,20.1137088125767,19.7365764697005,20.4908411554528,1,0.0529999999999999
