"sim_id","n","method","component","mu_true","estimate","lower","upper","covered","elapsed_seconds"
18,100,"Gibbs","mu_1",0,0.0694371782573206,-0.447379290404687,0.569881572827509,1,5.507
18,100,"Gibbs","mu_2",5,4.87127729558355,4.45709456905742,5.28347418163021,1,5.507
18,100,"Gibbs","mu_3",10,10.0648584627045,9.71094099751201,10.4208074878997,1,5.507
18,100,"Gibbs","mu_4",20,19.9890039191631,19.5890636883744,20.4002457374414,1,5.507
18,100,"VI","mu_1",0,-4.93649674464841e-16,-19.6,19.6,1,0.0510000000000002
18,100,"VI","mu_2",5,-4.93649674464841e-16,-19.6,19.6,1,0.0510000000000002
18,100,"VI","mu_3",10,3.10305133803959,2.81532502091192,3.39077765516726,0,0.0510000000000002
18,100,"VI","mu_4",20,14.3760122635539,14.1083372666582,14.6436872604497,0,0.0510000000000002
