"sim_id","n","method","component","mu_true","estimate","lower","upper","covered","elapsed_seconds"
95,100,"Gibbs","mu_1",0,0.210903794131697,-0.158177639569288,0.576818340998248,1,5.521
95,100,"Gibbs","mu_2",5,5.0063733202572,4.62108450464966,5.38836737503665,1,5.521
95,100,"Gibbs","mu_3",10,9.9199319542766,9.40393299418437,10.4299316205963,1,5.521
95,100,"Gibbs","mu_4",20,19.9877646875518,19.5663208734489,20.4177778986307,1,5.521
95,100,"VI","mu_1",0,-6.09869590941529e-15,-19.6,19.6,1,0.0549999999999997
95,100,"VI","mu_2",5,-6.09869590941529e-15,-19.6,19.6,1,0.0549999999999997
95,100,"VI","mu_3",10,3.18164401688797,2.94438633745413,3.41890169632181,0,0.0549999999999997
95,100,"VI","mu_4",20,16.4432729595003,16.0955654303035,16.7909804886971,0,0.0549999999999997
