"sim_id","n","method","component","mu_true","estimate","lower","upper","covered","elapsed_seconds"
359,100,"Gibbs","mu_1",0,0.181677026501689,-0.246377996862145,0.614252448492054,1,5.542
359,100,"Gibbs","mu_2",5,4.84861521493217,4.45426343578639,5.22840899191304,1,5.542
359,100,"Gibbs","mu_3",10,10.4211605507332,10.0020306524955,10.8327206310052,0,5.542
359,100,"Gibbs","mu_4",20,19.8816835727552,19.4958491140286,20.269632824562,1,5.542
359,100,"VI","mu_1",0,-1.58252128559344e-17,-19.6,19.6,1,0.0529999999999999
359,100,"VI","mu_2",5,2.29392572404866,2.00388740173354,2.58396404636378,0,0.0529999999999999
359,100,"VI","mu_3",10,9.69628106264638,9.32818966353472,10.064372461758,1,0.0529999999999999
359,100,"VI","mu_4",20,19.8816830607985,19.4973693353164,20.2659967862806,1,0.0529999999999999
