"sim_id","n","method","component","mu_true","estimate","lower","upper","covered","elapsed_seconds"
100,100,"Gibbs","mu_1",0,-0.197636543644874,-0.583153607880643,0.176968145330602,1,5.527
100,100,"Gibbs","mu_2",5,4.55191780642637,4.20064079444923,4.89563141590583,0,5.527
100,100,"Gibbs","mu_3",10,10.2485686820851,9.77680483081357,10.7082047119483,1,5.527
100,100,"Gibbs","mu_4",20,19.9728148472932,19.5134524045667,20.4208486263662,1,5.527
100,100,"VI","mu_1",0,-0.196078774658289,-0.567602117773396,0.175444568456817,1,0.0510000000000002
100,100,"VI","mu_2",5,4.5582492229145,4.22728558282707,4.88921286300193,0,0.0510000000000002
100,100,"VI","mu_3",10,10.2585476123548,9.81038820336171,10.7067070213478,1,0.0510000000000002
100,100,"VI","mu_4",20,19.9698121359346,19.5079639789008,20.4316602929683,1,0.0510000000000002
