"sim_id","n","method","component","mu_true","estimate","lower","upper","covered","elapsed_seconds"
203,100,"Gibbs","mu_1",0,0.0328034019111844,-0.396074342942034,0.443981230077709,1,5.494
203,100,"Gibbs","mu_2",5,4.93362350760675,4.43943376717041,5.4109915996278,1,5.494
203,100,"Gibbs","mu_3",10,9.80054946671105,9.39588174947096,10.2043822400683,1,5.494
203,100,"Gibbs","mu_4",20,19.8574119000033,19.4948691493706,20.2253749946814,1,5.494
203,100,"VI","mu_1",0,-2.13203557115972e-18,-19.6,19.6,1,0.0519999999999996
203,100,"VI","mu_2",5,1.07026561337756,0.747590691631986,1.39294053512314,0,0.0519999999999996
203,100,"VI","mu_3",10,8.44570707844727,8.1196006232255,8.77181353366904,0,0.0519999999999996
203,100,"VI","mu_4",20,19.858232459586,19.4811001165736,20.2353648025983,1,0.0519999999999996
