"sim_id","n","method","component","mu_true","estimate","lower","upper","covered","elapsed_seconds"
139,100,"Gibbs","mu_1",0,-0.0704031990672904,-0.481881551574422,0.335357023721781,1,5.512
139,100,"Gibbs","mu_2",5,4.35875401304497,3.92244865100291,4.78948229469246,0,5.512
139,100,"Gibbs","mu_3",10,9.67918454847518,9.27883923657316,10.0858748661924,1,5.512
139,100,"Gibbs","mu_4",20,19.9399445064299,19.5730863237395,20.2951566787996,1,5.512
139,100,"VI","mu_1",0,4.72042184232563,4.31761597178989,5.12322771286136,0,0.0509999999999993
139,100,"VI","mu_2",5,4.72042184232563,4.31761597178989,5.12322771286136,1,0.0509999999999993
139,100,"VI","mu_3",10,4.72042184232563,4.31761597178989,5.12322771286136,0,0.0509999999999993
139,100,"VI","mu_4",20,19.9411047026073,19.5772045757768,20.3050048294377,1,0.0509999999999993
