"sim_id","n","method","component","mu_true","estimate","lower","upper","covered","elapsed_seconds"
284,100,"Gibbs","mu_1",0,-0.114281746649153,-0.539562895233429,0.304494882805888,1,5.54
284,100,"Gibbs","mu_2",5,5.10045430399781,4.66270494132897,5.53379259072705,1,5.54
284,100,"Gibbs","mu_3",10,9.94568216739235,9.57606714733613,10.3310461463856,1,5.54
284,100,"Gibbs","mu_4",20,20.2634696632447,19.878847423504,20.640642939721,1,5.54
284,100,"VI","mu_1",0,-2.28613611861371e-09,-19.599999989063,19.5999999844907,1,0.0510000000000002
284,100,"VI","mu_2",5,-2.28613611861371e-09,-19.599999989063,19.5999999844907,1,0.0510000000000002
284,100,"VI","mu_3",10,5.52208086410385,5.2942508855126,5.7499108426951,0,0.0510000000000002
284,100,"VI","mu_4",20,20.2661534321741,19.8818397069275,20.6504671574206,1,0.0510000000000002
