"sim_id","n","method","component","mu_true","estimate","lower","upper","covered","elapsed_seconds"
279,100,"Gibbs","mu_1",0,0.341812438132258,-0.0515424479881107,0.756271988375135,1,5.547
279,100,"Gibbs","mu_2",5,5.06503662072776,4.60377601073534,5.52485988422051,1,5.547
279,100,"Gibbs","mu_3",10,9.98096189229961,9.53178131773498,10.4289299995629,1,5.547
279,100,"Gibbs","mu_4",20,19.7921140933495,19.4405866677276,20.1380987092652,1,5.547
279,100,"VI","mu_1",0,-6.55923738977879e-19,-19.6,19.6,1,0.0529999999999999
279,100,"VI","mu_2",5,1.15377259508922,0.820447625845499,1.48709756433293,0,0.0529999999999999
279,100,"VI","mu_3",10,8.27573922703154,7.93681872457231,8.61465972949077,0,0.0529999999999999
279,100,"VI","mu_4",20,19.7911643189819,19.4447361213782,20.1375925165856,1,0.0529999999999999
