"sim_id","n","method","component","mu_true","estimate","lower","upper","covered","elapsed_seconds"
353,100,"Gibbs","mu_1",0,0.0220788081001135,-0.399927763699855,0.439814235266237,1,5.534
353,100,"Gibbs","mu_2",5,4.69814442940373,4.27908885286294,5.11888876875203,1,5.534
353,100,"Gibbs","mu_3",10,10.0229050635729,9.62631546643824,10.4255615281135,1,5.534
353,100,"Gibbs","mu_4",20,19.8793441157726,19.4831727357626,20.2706637085515,1,5.534
353,100,"VI","mu_1",0,-3.9174610620885e-11,-19.5999999997884,19.5999999997101,1,0.0540000000000003
353,100,"VI","mu_2",5,-3.9174610620885e-11,-19.5999999997884,19.5999999997101,1,0.0540000000000003
353,100,"VI","mu_3",10,5.00778449139169,4.78147731209403,5.23409167068934,0,0.0540000000000003
353,100,"VI","mu_4",20,19.8784361330668,19.4865194975769,20.2703527685568,1,0.0540000000000003
