"sim_id","n","method","component","mu_true","estimate","lower","upper","covered","elapsed_seconds"
452,100,"Gibbs","mu_1",0,-0.336538900922799,-0.73573060764971,0.0540800201595445,1,5.5
452,100,"Gibbs","mu_2",5,4.670485445633,4.21141887026946,5.12935976999347,1,5.5
452,100,"Gibbs","mu_3",10,9.92884348683762,9.52258939770607,10.3262341603097,1,5.5
452,100,"Gibbs","mu_4",20,19.9853203232649,19.6103039312267,20.3626931319645,1,5.5
452,100,"VI","mu_1",0,-1.16614909411036e-18,-19.6,19.6,1,0.0540000000000003
452,100,"VI","mu_2",5,0.906415188400765,0.588007012290194,1.22482336451134,0,0.0540000000000003
452,100,"VI","mu_3",10,8.68594289884752,8.35524814485663,9.01663765283842,0,0.0540000000000003
452,100,"VI","mu_4",20,19.9845873852126,19.6074550421994,20.3617197282258,1,0.0540000000000003
