"sim_id","n","method","component","mu_true","estimate","lower","upper","covered","elapsed_seconds"
83,100,"Gibbs","mu_1",0,-0.723681683154102,-1.12808707974675,-0.316692447979382,0,5.163
83,100,"Gibbs","mu_2",5,4.59638593004105,4.1229365656264,5.07236910879859,1,5.163
83,100,"Gibbs","mu_3",10,10.0805144887863,9.70818601559809,10.4490084639265,1,5.163
83,100,"Gibbs","mu_4",20,19.8905070542136,19.5406724650328,20.2416446834343,1,5.163
83,100,"VI","mu_1",0,-4.89741794487054e-17,-19.6,19.6,1,0.0540000000000003
83,100,"VI","mu_2",5,-4.89741794487054e-17,-19.6,19.6,1,0.0540000000000003
83,100,"VI","mu_3",10,1.66663977538868,1.36227779426784,1.97100175650951,0,0.0540000000000003
83,100,"VI","mu_4",20,15.2904184881971,15.0342700769942,15.5465668994,0,0.0540000000000003
