"sim_id","n","method","component","mu_true","estimate","lower","upper","covered","elapsed_seconds"
339,100,"Gibbs","mu_1",0,0.0514338528649469,-0.373714871284382,0.476156556289201,1,5.518
339,100,"Gibbs","mu_2",5,4.97223765818089,4.54820461053647,5.39511490808819,1,5.518
339,100,"Gibbs","mu_3",10,10.3709512772685,9.99148682739675,10.7537534469247,1,5.518
339,100,"Gibbs","mu_4",20,19.5875960133493,19.2168284659198,19.9633081822599,0,5.518
339,100,"VI","mu_1",0,-8.06708552630881e-17,-19.6,19.6,1,0.0469999999999997
339,100,"VI","mu_2",5,-8.06708552630881e-17,-19.6,19.6,1,0.0469999999999997
339,100,"VI","mu_3",10,2.57794981705036,2.2858173855571,2.87008224854363,0,0.0469999999999997
339,100,"VI","mu_4",20,14.8985121894633,14.634239015566,15.1627853633607,0,0.0469999999999997
