"sim_id","n","method","component","mu_true","estimate","lower","upper","covered","elapsed_seconds"
14,100,"Gibbs","mu_1",0,0.268046969654393,-0.136760226532073,0.678598528006366,1,5.485
14,100,"Gibbs","mu_2",5,5.09229186914144,4.71314157556485,5.48582391867806,1,5.485
14,100,"Gibbs","mu_3",10,9.75660400646209,9.33089652579418,10.19011962721,1,5.485
14,100,"Gibbs","mu_4",20,20.1772330749089,19.7861129608195,20.5689433051358,1,5.485
14,100,"VI","mu_1",0,-8.55947242141356e-12,-19.599999999946,19.5999999999289,1,0.0500000000000007
14,100,"VI","mu_2",5,-8.55947242141356e-12,-19.599999999946,19.5999999999289,1,0.0500000000000007
14,100,"VI","mu_3",10,4.90377149417448,4.67746527522897,5.13007771311998,0,0.0500000000000007
14,100,"VI","mu_4",20,20.1798819832124,19.7879603597084,20.5718036067164,1,0.0500000000000007
