"sim_id","n","method","component","mu_true","estimate","lower","upper","covered","elapsed_seconds"
307,100,"Gibbs","mu_1",0,0.196049852395482,-0.319182087842139,0.695677068284068,1,5.489
307,100,"Gibbs","mu_2",5,4.94407455048743,4.57839430264375,5.31806401022411,1,5.489
307,100,"Gibbs","mu_3",10,9.9847987036745,9.61215852524854,10.3520213734659,1,5.489
307,100,"Gibbs","mu_4",20,20.0017052032048,19.5948303519926,20.4060038812645,1,5.489
307,100,"VI","mu_1",0,-6.06678950376113e-16,-19.6,19.6,1,0.0510000000000002
307,100,"VI","mu_2",5,3.23719795641759,2.94687075870909,3.5275251541261,0,0.0510000000000002
307,100,"VI","mu_3",10,9.86036228764942,9.51082981120494,10.2098947640939,1,0.0510000000000002
307,100,"VI","mu_4",20,20.0004922153252,19.5918927800846,20.4090916505658,1,0.0510000000000002
