"sim_id","n","method","component","mu_true","estimate","lower","upper","covered","elapsed_seconds"
226,100,"Gibbs","mu_1",0,0.0996994091168566,-0.250945447912891,0.443825818010276,1,5.545
226,100,"Gibbs","mu_2",5,4.7584026270657,4.27811922902205,5.24120250147826,1,5.545
226,100,"Gibbs","mu_3",10,10.0615942349225,9.65878450194855,10.4610630649508,1,5.545
226,100,"Gibbs","mu_4",20,19.9103558267605,19.49363334034,20.3241114578305,1,5.545
226,100,"VI","mu_1",0,-8.47752904886934e-18,-19.6,19.6,1,0.0499999999999998
226,100,"VI","mu_2",5,-8.47752904886934e-18,-19.6,19.6,1,0.0499999999999998
226,100,"VI","mu_3",10,1.82263144137267,1.55405202660956,2.09121085613578,0,0.0499999999999998
226,100,"VI","mu_4",20,14.7120975493784,14.4254823659377,14.998712732819,0,0.0499999999999998
