"sim_id","n","method","component","mu_true","estimate","lower","upper","covered","elapsed_seconds"
140,100,"Gibbs","mu_1",0,-0.409833451635189,-0.857603688530098,0.0572038939635586,1,5.545
140,100,"Gibbs","mu_2",5,5.3896066916013,4.87783521321442,5.90703498628104,1,5.545
140,100,"Gibbs","mu_3",10,10.1832346101819,9.83759444904143,10.5479649050061,1,5.545
140,100,"Gibbs","mu_4",20,19.7469443591967,19.371926579189,20.1128714846176,1,5.545
140,100,"VI","mu_1",0,-2.76854938955044e-06,-19.5999881315634,19.5999825944647,1,0.048
140,100,"VI","mu_2",5,-2.76854920434643e-06,-19.5999881315642,19.5999825944658,1,0.048
140,100,"VI","mu_3",10,6.26102598070314,6.03005380443701,6.49199815696927,0,0.048
140,100,"VI","mu_4",20,19.7473963309687,19.3770572743487,20.1177353875887,1,0.048
