"sim_id","n","method","component","mu_true","estimate","lower","upper","covered","elapsed_seconds"
69,100,"Gibbs","mu_1",0,-0.0127599694532369,-0.433724950921513,0.414736344292372,1,5.551
69,100,"Gibbs","mu_2",5,4.89770051644875,4.43464827199329,5.36295443554016,1,5.551
69,100,"Gibbs","mu_3",10,9.85067839169876,9.49708184763774,10.1984058228295,1,5.551
69,100,"Gibbs","mu_4",20,20.1145504702919,19.7089775463183,20.5284733040374,1,5.551
69,100,"VI","mu_1",0,-5.4746702272386e-15,-19.6,19.6,1,0.0529999999999999
69,100,"VI","mu_2",5,-5.4746702272386e-15,-19.6,19.6,1,0.0529999999999999
69,100,"VI","mu_3",10,3.24656192130902,2.97492191031223,3.51820193230581,0,0.0529999999999999
69,100,"VI","mu_4",20,15.0038708527158,14.7208440201752,15.2868976852564,0,0.0529999999999999
