"sim_id","n","method","component","mu_true","estimate","lower","upper","covered","elapsed_seconds"
378,100,"Gibbs","mu_1",0,-0.0234506150980776,-0.388787053020243,0.334016100026991,1,5.546
378,100,"Gibbs","mu_2",5,5.16117088629712,4.64830567051357,5.68815994152787,1,5.546
378,100,"Gibbs","mu_3",10,9.84109382727647,9.37007067499719,10.3150450875241,1,5.546
378,100,"Gibbs","mu_4",20,19.9434994291772,19.5718156740195,20.3081499054396,1,5.546
378,100,"VI","mu_1",0,-4.87370925829933e-13,-19.5999999999976,19.5999999999966,1,0.0519999999999996
378,100,"VI","mu_2",5,-4.87370925829933e-13,-19.5999999999976,19.5999999999966,1,0.0519999999999996
378,100,"VI","mu_3",10,4.14763793272274,3.91339066464292,4.38188520080256,0,0.0519999999999996
378,100,"VI","mu_4",20,19.6894190117135,19.3316303545573,20.0472076688696,1,0.0519999999999996
