"sim_id","n","method","component","mu_true","estimate","lower","upper","covered","elapsed_seconds"
82,100,"Gibbs","mu_1",0,0.0342431123085376,-0.339853829525912,0.409362778841448,1,5.225
82,100,"Gibbs","mu_2",5,4.81542082504166,4.30990963581584,5.32796036162638,1,5.225
82,100,"Gibbs","mu_3",10,10.0050577742087,9.64545525596324,10.3849470754534,1,5.225
82,100,"Gibbs","mu_4",20,20.1238920116123,19.7131774783641,20.5568541913856,1,5.225
82,100,"VI","mu_1",0,0.0399815694946195,-0.319755754480226,0.399718893469465,1,0.0490000000000004
82,100,"VI","mu_2",5,4.81443929161145,4.37035571575073,5.25852286747217,1,0.0490000000000004
82,100,"VI","mu_3",10,10.0020378947539,9.64338461067606,10.3606911788317,1,0.0490000000000004
82,100,"VI","mu_4",20,20.121812025098,19.6942067588956,20.5494172913003,1,0.0490000000000004
