"sim_id","n","method","component","mu_true","estimate","lower","upper","covered","elapsed_seconds"
260,100,"Gibbs","mu_1",0,-0.0594745526648212,-0.449663493294856,0.336457728604542,1,5.439
260,100,"Gibbs","mu_2",5,5.06710058026245,4.6147539992465,5.52807185136724,1,5.439
260,100,"Gibbs","mu_3",10,9.93303024270189,9.52179730624846,10.344823424573,1,5.439
260,100,"Gibbs","mu_4",20,20.0857776943871,19.7340049377045,20.4433164765993,1,5.439
260,100,"VI","mu_1",0,-1.20898796945095e-19,-19.6,19.6,1,0.0520000000000005
260,100,"VI","mu_2",5,0.211615513284459,-0.155811471367407,0.579042497936325,0,0.0520000000000005
260,100,"VI","mu_3",10,7.83591246864025,7.5318967069651,8.13992823031539,0,0.0520000000000005
260,100,"VI","mu_4",20,20.0829401773095,19.725154399078,20.4407259555409,1,0.0520000000000005
