"sim_id","n","method","component","mu_true","estimate","lower","upper","covered","elapsed_seconds"
370,100,"Gibbs","mu_1",0,-0.104633291516863,-0.697258266910349,0.480218807467121,1,5.515
370,100,"Gibbs","mu_2",5,5.26937679433492,4.86551933548551,5.69054181493782,1,5.515
370,100,"Gibbs","mu_3",10,9.92917646927688,9.60473245093218,10.2523435294854,1,5.515
370,100,"Gibbs","mu_4",20,20.0982707752259,19.6843810332877,20.4953342617552,1,5.515
370,100,"VI","mu_1",0,-2.87284954859566e-15,-19.6,19.6,1,0.0529999999999999
370,100,"VI","mu_2",5,3.5131102021777,3.19796968442599,3.82825071992941,0,0.0529999999999999
370,100,"VI","mu_3",10,9.89300539510127,9.5764580407602,10.2095527494423,1,0.0529999999999999
370,100,"VI","mu_4",20,20.0989718893758,19.6903724541265,20.5075713246252,1,0.0529999999999999
