"sim_id","n","method","component","mu_true","estimate","lower","upper","covered","elapsed_seconds"
42,100,"Gibbs","mu_1",0,0.086431820334485,-0.323847610196932,0.50137866147996,1,5.506
42,100,"Gibbs","mu_2",5,4.64703681123251,4.22577454828823,5.07889145809126,1,5.506
42,100,"Gibbs","mu_3",10,9.84500027765986,9.43147525436376,10.2603314378124,1,5.506
42,100,"Gibbs","mu_4",20,19.6221198989816,19.2341671733831,20.003321576344,1,5.506
42,100,"VI","mu_1",0,-1.74353575043838e-11,-19.5999999999049,19.59999999987,1,0.0529999999999999
42,100,"VI","mu_2",5,-1.74353575043838e-11,-19.5999999999049,19.59999999987,1,0.0529999999999999
42,100,"VI","mu_3",10,4.74753268844827,4.51970189047797,4.97536348641857,0,0.0529999999999999
42,100,"VI","mu_4",20,19.6205555810901,19.2362457886353,20.004865373545,1,0.0529999999999999
