"sim_id","n","method","component","mu_true","estimate","lower","upper","covered","elapsed_seconds"
217,100,"Gibbs","mu_1",0,0.109969641341589,-0.274222427289914,0.485089441303363,1,5.548
217,100,"Gibbs","mu_2",5,5.04722969088128,4.37936749701725,5.71179390922049,1,5.548
217,100,"Gibbs","mu_3",10,9.93198978910385,9.5417119591196,10.3268976575525,1,5.548
217,100,"Gibbs","mu_4",20,20.0026486141363,19.5934769694731,20.4043085505326,1,5.548
217,100,"VI","mu_1",0,0.109553065622607,-0.254048060420824,0.473154191666039,1,0.0510000000000002
217,100,"VI","mu_2",5,5.05182956453466,4.56313415691844,5.54052497215087,1,0.0510000000000002
217,100,"VI","mu_3",10,9.93187569265765,9.5792043996824,10.2845469856329,1,0.0510000000000002
217,100,"VI","mu_4",20,20.003457334013,19.603457334013,20.403457334013,1,0.0510000000000002
