"sim_id","n","method","component","mu_true","estimate","lower","upper","covered","elapsed_seconds"
255,100,"Gibbs","mu_1",0,0.397079267445654,-0.00231693077058052,0.807312768557176,1,5.461
255,100,"Gibbs","mu_2",5,5.14639713531067,4.76520596861245,5.53699643532805,1,5.461
255,100,"Gibbs","mu_3",10,9.83358030599637,9.43586102674187,10.2504437304213,1,5.461
255,100,"Gibbs","mu_4",20,20.0454420172218,19.6373933603818,20.4547073011804,1,5.461
255,100,"VI","mu_1",0,1.00819991804701e-19,-19.6,19.6,1,0.0529999999999999
255,100,"VI","mu_2",5,0.834045807682695,0.46151893419746,1.20657268116793,0,0.0529999999999999
255,100,"VI","mu_3",10,7.59600692117826,7.31696776463313,7.87504607772339,0,0.0529999999999999
255,100,"VI","mu_4",20,20.0442806373633,19.6356812021521,20.4528800725745,1,0.0529999999999999
