"sim_id","n","method","component","mu_true","estimate","lower","upper","covered","elapsed_seconds"
494,100,"Gibbs","mu_1",0,2.03554469172019,1.60467981008254,2.40524733233126,0,5.527
494,100,"Gibbs","mu_2",5,9.72040752467918,9.1700005763056,10.2049626121698,0,5.527
494,100,"Gibbs","mu_3",10,19.4922605698324,18.9723763102507,19.9233475267324,0,5.527
494,100,"Gibbs","mu_4",20,19.9438253938188,19.5143647561906,20.4496306721604,1,5.527
494,100,"VI","mu_1",0,-2.79649031367725e-17,-19.6,19.6,1,0.0519999999999996
494,100,"VI","mu_2",5,2.08385050624156,1.77019231838573,2.39750869409739,0,0.0519999999999996
494,100,"VI","mu_3",10,9.78378747158689,9.40638950051337,10.1611854426604,1,0.0519999999999996
494,100,"VI","mu_4",20,19.7231535673901,19.3870657615544,20.0592413732259,1,0.0519999999999996
