"sim_id","n","method","component","mu_true","estimate","lower","upper","covered","elapsed_seconds"
300,100,"Gibbs","mu_1",0,-0.259139379503913,-0.656545287143353,0.135097043232985,1,5.52
300,100,"Gibbs","mu_2",5,4.822166953735,4.47569174041822,5.16755939971755,1,5.52
300,100,"Gibbs","mu_3",10,9.52690540017269,9.06244886604467,9.98192992927938,0,5.52
300,100,"Gibbs","mu_4",20,19.9234768238682,19.4490549765955,20.4086650237112,1,5.52
300,100,"VI","mu_1",0,-6.97127527879729e-19,-19.6,19.6,1,0.0530000000000008
300,100,"VI","mu_2",5,0.754103030284275,0.434776306437349,1.0734297541312,0,0.0530000000000008
300,100,"VI","mu_3",10,7.35853828054045,7.06747559704004,7.64960096404086,0,0.0530000000000008
300,100,"VI","mu_4",20,19.9244457009701,19.4492156289006,20.3996757730395,1,0.0530000000000008
