"sim_id","n","method","component","mu_true","estimate","lower","upper","covered","elapsed_seconds"
343,100,"Gibbs","mu_1",0,-0.286836237840163,-0.796659301924318,0.209712858630111,1,5.522
343,100,"Gibbs","mu_2",5,4.71886118427481,4.21438289489885,5.22653238578252,1,5.522
343,100,"Gibbs","mu_3",10,9.69059235546783,9.31209712084946,10.0773168664328,1,5.522
343,100,"Gibbs","mu_4",20,20.338853625282,20.0088290922264,20.6762569243127,0,5.522
343,100,"VI","mu_1",0,-0.291012774409595,-0.779546019256822,0.197520470437632,1,0.0520000000000005
343,100,"VI","mu_2",5,4.7024300505869,4.26371133468256,5.14114876649123,1,0.0520000000000005
343,100,"VI","mu_3",10,9.68116048176722,9.32316428322913,10.0391566803053,1,0.0520000000000005
343,100,"VI","mu_4",20,20.3387029329718,20.0026151271362,20.6747907388075,0,0.0520000000000005
