"sim_id","n","method","component","mu_true","estimate","lower","upper","covered","elapsed_seconds"
314,100,"Gibbs","mu_1",0,0.0904676941744548,-0.29433967223435,0.477795460690568,1,5.242
314,100,"Gibbs","mu_2",5,4.8913223254324,4.49179525877712,5.28252925895752,1,5.242
314,100,"Gibbs","mu_3",10,9.48831279000117,9.02806828127534,9.94172913512984,0,5.242
314,100,"Gibbs","mu_4",20,20.1666680699141,19.7691839942723,20.5803645578632,1,5.242
314,100,"VI","mu_1",0,-8.4280712963153e-20,-19.6,19.6,1,0.0510000000000002
314,100,"VI","mu_2",5,0.538185502113661,0.188422232536663,0.887948771690659,0,0.0510000000000002
314,100,"VI","mu_3",10,7.23371561060622,6.94352045034649,7.52391077086595,0,0.0510000000000002
314,100,"VI","mu_4",20,20.1635240220291,19.7549245867885,20.5721234572697,1,0.0510000000000002
