"sim_id","n","method","component","mu_true","estimate","lower","upper","covered","elapsed_seconds"
321,100,"Gibbs","mu_1",0,-0.0996919927356069,-0.459432548820639,0.249507361975656,1,5.475
321,100,"Gibbs","mu_2",5,4.94837426012077,4.59009388877869,5.31093171597274,1,5.475
321,100,"Gibbs","mu_3",10,10.0351528783446,9.54832621467694,10.5112845938773,1,5.475
321,100,"Gibbs","mu_4",20,19.752181775505,19.282012902354,20.2282620762107,1,5.475
321,100,"VI","mu_1",0,-1.32462984720792e-14,-19.6,19.5999999999999,1,0.0529999999999999
321,100,"VI","mu_2",5,-1.32462984720792e-14,-19.6,19.5999999999999,1,0.0529999999999999
321,100,"VI","mu_3",10,2.51424283833431,2.27563192898564,2.75285374768298,0,0.0529999999999999
321,100,"VI","mu_4",20,15.1959886079159,14.8524289385586,15.5395482772733,0,0.0529999999999999
