"sim_id","n","method","component","mu_true","estimate","lower","upper","covered","elapsed_seconds"
412,100,"Gibbs","mu_1",0,0.27920824745675,-0.0876052108305083,0.644678293497853,1,5.477
412,100,"Gibbs","mu_2",5,4.76009319701375,4.3135801580278,5.21500955090036,1,5.477
412,100,"Gibbs","mu_3",10,9.74641346918193,9.36333633427019,10.1509687957399,1,5.477
412,100,"Gibbs","mu_4",20,19.6682542787665,19.204534187832,20.1314168903368,1,5.477
412,100,"VI","mu_1",0,-8.1968618083448e-19,-19.6,19.6,1,0.056
412,100,"VI","mu_2",5,1.23062965241626,0.931016584280608,1.53024272055191,0,0.056
412,100,"VI","mu_3",10,8.27051823152139,7.95756943162298,8.5834670314198,0,0.056
412,100,"VI","mu_4",20,19.6672397374706,19.2053915804369,20.1290878945044,1,0.056
