"sim_id","n","method","component","mu_true","estimate","lower","upper","covered","elapsed_seconds"
316,100,"Gibbs","mu_1",0,-0.0646845268717233,-0.440357144208878,0.307868642954725,1,5.5
316,100,"Gibbs","mu_2",5,5.09365758944237,4.56247418146726,5.61170802545601,1,5.5
316,100,"Gibbs","mu_3",10,9.94612038480827,9.53789965207752,10.3617221108403,1,5.5
316,100,"Gibbs","mu_4",20,19.7943987333546,19.4033717407776,20.1872930968049,1,5.5
316,100,"VI","mu_1",0,-5.79388011646066e-16,-19.6,19.6,1,0.0519999999999996
316,100,"VI","mu_2",5,-5.79388011646066e-16,-19.6,19.6,1,0.0519999999999996
316,100,"VI","mu_3",10,2.26967962670502,1.99502579211676,2.54433346129327,0,0.0519999999999996
316,100,"VI","mu_4",20,14.843593382305,14.5638611525599,15.1233256120501,0,0.0519999999999996
