"sim_id","n","method","component","mu_true","estimate","lower","upper","covered","elapsed_seconds"
56,100,"Gibbs","mu_1",0,0.34088940075315,-0.0358277771424161,0.71700834367634,1,5.555
56,100,"Gibbs","mu_2",5,4.81926924257775,4.34088901882978,5.31577813834417,1,5.555
56,100,"Gibbs","mu_3",10,10.3644443036093,9.96868295201365,10.7528739994794,1,5.555
56,100,"Gibbs","mu_4",20,20.0676994860832,19.6529452302879,20.4769200515904,1,5.555
56,100,"VI","mu_1",0,-4.95685435712911e-18,-19.6,19.6,1,0.0510000000000002
56,100,"VI","mu_2",5,1.72208515555036,1.43617932817292,2.0079909829278,0,0.0510000000000002
56,100,"VI","mu_3",10,9.66828117040203,9.31057544518701,10.025986895617,1,0.0510000000000002
56,100,"VI","mu_4",20,20.0673622885455,19.6587628533049,20.4759617237861,1,0.0510000000000002
