"sim_id","n","method","component","mu_true","estimate","lower","upper","covered","elapsed_seconds"
207,100,"Gibbs","mu_1",0,0.0102636130317782,-0.372837265469945,0.384094877817125,1,5.493
207,100,"Gibbs","mu_2",5,5.1079888186592,4.65020295382131,5.57789163100491,1,5.493
207,100,"Gibbs","mu_3",10,9.82937930846583,9.3753525770146,10.2699813541662,1,5.493
207,100,"Gibbs","mu_4",20,19.9390567974456,19.5756275054238,20.3060829383096,1,5.493
207,100,"VI","mu_1",0,0.0126319429635259,-0.34437320407763,0.369637090004682,1,0.0540000000000003
207,100,"VI","mu_2",5,5.10677160938746,4.6774066580103,5.53613656076462,1,0.0540000000000003
207,100,"VI","mu_3",10,9.83247566880195,9.39475834896591,10.270192988638,1,0.0540000000000003
207,100,"VI","mu_4",20,19.9393672616461,19.5754671348125,20.3032673884798,1,0.0540000000000003
