"sim_id","n","method","component","mu_true","estimate","lower","upper","covered","elapsed_seconds"
315,100,"Gibbs","mu_1",0,-0.0563708821347304,-0.4461671280607,0.339205191370119,1,5.514
315,100,"Gibbs","mu_2",5,4.9120290829589,4.51767461275908,5.30364544675205,1,5.514
315,100,"Gibbs","mu_3",10,10.2213149692167,9.84174788608783,10.6068736538608,1,5.514
315,100,"Gibbs","mu_4",20,19.922126116622,19.4678221510203,20.3746627431942,1,5.514
315,100,"VI","mu_1",0,-1.26790877046942e-15,-19.6,19.6,1,0.0499999999999998
315,100,"VI","mu_2",5,-1.26790877046942e-15,-19.6,19.6,1,0.0499999999999998
315,100,"VI","mu_3",10,2.59720259511667,2.32800489987867,2.86640029035468,0,0.0499999999999998
315,100,"VI","mu_4",20,14.1746543244186,13.8887850217866,14.4605236270505,0,0.0499999999999998
