"sim_id","n","method","component","mu_true","estimate","lower","upper","covered","elapsed_seconds"
131,100,"Gibbs","mu_1",0,-0.186926279619016,-0.564661858628672,0.185152104077178,1,5.521
131,100,"Gibbs","mu_2",5,4.82515663970176,4.30135163248694,5.35407444615772,1,5.521
131,100,"Gibbs","mu_3",10,10.4131875605122,10.0084426993328,10.8177813250216,0,5.521
131,100,"Gibbs","mu_4",20,20.1098953405613,19.7800761192618,20.4448751534193,1,5.521
131,100,"VI","mu_1",0,-1.11426732830455e-18,-19.6,19.6,1,0.056
131,100,"VI","mu_2",5,0.749526626719598,0.419802159668338,1.07925109377086,0,0.056
131,100,"VI","mu_3",10,9.15644746969988,8.80261660640405,9.5102783329957,0,0.056
131,100,"VI","mu_4",20,20.109703948359,19.7736161425234,20.4457917541947,1,0.056
