"sim_id","n","method","component","mu_true","estimate","lower","upper","covered","elapsed_seconds"
438,100,"Gibbs","mu_1",0,0.390237011393395,-0.0481349748276749,0.816362105701547,1,5.543
438,100,"Gibbs","mu_2",5,5.04815548195545,4.50830957880731,5.58476500862469,1,5.543
438,100,"Gibbs","mu_3",10,9.92564591297104,9.52472312963422,10.3319473800276,1,5.543
438,100,"Gibbs","mu_4",20,19.8783796627785,19.5471817843979,20.2199188150407,1,5.543
438,100,"VI","mu_1",0,0.389208344046583,-0.0276711788414072,0.806087866934574,1,0.0519999999999996
438,100,"VI","mu_2",5,5.05149567078523,4.57960246109947,5.52338888047098,1,0.0519999999999996
438,100,"VI","mu_3",10,9.91904138911632,9.53953807684763,10.298544701385,1,0.0519999999999996
438,100,"VI","mu_4",20,19.8789973876479,19.5429095818123,20.2150851934835,1,0.0519999999999996
