"sim_id","n","method","component","mu_true","estimate","lower","upper","covered","elapsed_seconds"
395,100,"Gibbs","mu_1",0,0.0289062427585643,-0.468532410099573,0.513114337859418,1,5.521
395,100,"Gibbs","mu_2",5,4.86859011497449,4.41059406872588,5.32325957910965,1,5.521
395,100,"Gibbs","mu_3",10,10.0031610901162,9.64758351143299,10.3619606781961,1,5.521
395,100,"Gibbs","mu_4",20,20.2825326792693,19.9158435571381,20.651482665306,1,5.521
395,100,"VI","mu_1",0,-1.77548126239129e-09,-19.5999999885404,19.5999999849894,1,0.0490000000000004
395,100,"VI","mu_2",5,-1.77548126239129e-09,-19.5999999885404,19.5999999849894,1,0.0490000000000004
395,100,"VI","mu_3",10,5.74309046425955,5.51211828823469,5.97406264028442,0,0.0490000000000004
395,100,"VI","mu_4",20,20.279363061431,19.9090240040137,20.6497021188482,1,0.0490000000000004
