"sim_id","n","method","component","mu_true","estimate","lower","upper","covered","elapsed_seconds"
365,100,"Gibbs","mu_1",0,-0.152437802608391,-0.578632847965607,0.295600352020079,1,5.543
365,100,"Gibbs","mu_2",5,4.94505855095909,4.60988150399976,5.27500974207713,1,5.543
365,100,"Gibbs","mu_3",10,10.287265983407,9.87016386666257,10.7145535012696,1,5.543
365,100,"Gibbs","mu_4",20,20.0954139337314,19.6416121042969,20.5508487350476,1,5.543
365,100,"VI","mu_1",0,0.492465804344102,0.10588074975732,0.879050858930884,0,0.0529999999999999
365,100,"VI","mu_2",5,7.26761973108234,6.89496092918563,7.64027853297906,0,0.0529999999999999
365,100,"VI","mu_3",10,7.26761973108234,6.89496092918563,7.64027853297906,0,0.0529999999999999
365,100,"VI","mu_4",20,20.0946306272626,19.6450940724458,20.5441671820795,1,0.0529999999999999
