"sim_id","n","method","component","mu_true","estimate","lower","upper","covered","elapsed_seconds"
118,100,"Gibbs","mu_1",0,-0.0222182331980004,-0.470475777992457,0.420371988907764,1,5.503
118,100,"Gibbs","mu_2",5,5.09377641256155,4.67916791126405,5.50321325954659,1,5.503
118,100,"Gibbs","mu_3",10,9.86430932978323,9.46902201337226,10.2748395024617,1,5.503
118,100,"Gibbs","mu_4",20,19.363097875824,18.9849170833296,19.744378446279,0,5.503
118,100,"VI","mu_1",0,-0.0184204382516562,-0.467868505599149,0.431027629095837,1,0.0510000000000002
118,100,"VI","mu_2",5,5.1007790422075,4.71995886098999,5.48159922342501,1,0.0510000000000002
118,100,"VI","mu_3",10,9.86636389685286,9.49276348960918,10.2399643040965,1,0.0510000000000002
118,100,"VI","mu_4",20,19.3609568460349,18.9838245028898,19.73808918918,0,0.0510000000000002
