"sim_id","n","method","component","mu_true","estimate","lower","upper","covered","elapsed_seconds"
333,100,"Gibbs","mu_1",0,-0.0188225942220761,-0.437530494349952,0.414100045777515,1,5.515
333,100,"Gibbs","mu_2",5,4.76681847767071,4.280085555124,5.26550447363182,1,5.515
333,100,"Gibbs","mu_3",10,9.85611415699477,9.52582054228253,10.1728223462371,1,5.515
333,100,"Gibbs","mu_4",20,19.5428931846528,19.1596314162811,19.9433047170741,0,5.515
333,100,"VI","mu_1",0,-0.0216588219353045,-0.439836571670101,0.396518927799491,1,0.0510000000000002
333,100,"VI","mu_2",5,4.76619783113934,4.29146467210571,5.24093099017298,1,0.0510000000000002
333,100,"VI","mu_3",10,9.85698271975176,9.53039035818987,10.1835750813137,1,0.0510000000000002
333,100,"VI","mu_4",20,19.5434707935004,19.1515491699883,19.9353924170126,0,0.0510000000000002
