"sim_id","n","method","component","mu_true","estimate","lower","upper","covered","elapsed_seconds"
245,100,"Gibbs","mu_1",0,-0.412052202064809,-0.865757985548299,0.0419211297655733,1,5.232
245,100,"Gibbs","mu_2",5,4.92546872911811,4.58769100380177,5.25546106857443,1,5.232
245,100,"Gibbs","mu_3",10,10.3479900824234,9.90599295311051,10.7940019721511,1,5.232
245,100,"Gibbs","mu_4",20,20.0992841761518,19.6985430309713,20.5051153546386,1,5.232
245,100,"VI","mu_1",0,-3.94563730429452e-20,-19.6,19.6,1,0.0490000000000004
245,100,"VI","mu_2",5,0.050572313388303,-0.356503697833595,0.457648324610201,0,0.0490000000000004
245,100,"VI","mu_3",10,7.02465175466032,6.75752719896599,7.29177631035464,0,0.0490000000000004
245,100,"VI","mu_4",20,20.0969083069366,19.6883088718876,20.5055077419857,1,0.0490000000000004
