"sim_id","n","method","component","mu_true","estimate","lower","upper","covered","elapsed_seconds"
73,100,"Gibbs","mu_1",0,0.0269447361174635,-0.44960182907556,0.50796116607132,1,5.521
73,100,"Gibbs","mu_2",5,4.74887835469645,4.3158725824054,5.19695532341655,1,5.521
73,100,"Gibbs","mu_3",10,10.0179508807928,9.62135126216635,10.408342320924,1,5.521
73,100,"Gibbs","mu_4",20,20.2468346935122,19.8758448253549,20.6132582049252,1,5.521
73,100,"VI","mu_1",0,0.016082964404999,-0.427559050934757,0.459724979744755,1,0.0510000000000002
73,100,"VI","mu_2",5,4.73033216846006,4.33993336494399,5.12073097197612,1,0.0510000000000002
73,100,"VI","mu_3",10,10.0096297809365,9.63454702471821,10.3847125371548,1,0.0510000000000002
73,100,"VI","mu_4",20,20.2449639530536,19.8746248955756,20.6153030105316,1,0.0510000000000002
