"sim_id","n","method","component","mu_true","estimate","lower","upper","covered","elapsed_seconds"
450,100,"Gibbs","mu_1",0,-0.037464548083298,-0.461868572353949,0.388648659317621,1,5.518
450,100,"Gibbs","mu_2",5,5.22300171034163,4.79139999779421,5.668743195528,1,5.518
450,100,"Gibbs","mu_3",10,10.2099036362083,9.85825723449184,10.5572616133166,1,5.518
450,100,"Gibbs","mu_4",20,20.1181598864195,19.720742242247,20.5126882266259,1,5.518
450,100,"VI","mu_1",0,-0.0376136192230489,-0.455334024563656,0.380106786117558,1,0.0499999999999998
450,100,"VI","mu_2",5,5.21891674005516,4.8026165623941,5.63521691771622,1,0.0499999999999998
450,100,"VI","mu_3",10,10.2077694805098,9.86045743662576,10.5550815243938,1,0.0499999999999998
450,100,"VI","mu_4",20,20.118354110211,19.718354110211,20.518354110211,1,0.0499999999999998
