"sim_id","n","method","component","mu_true","estimate","lower","upper","covered","elapsed_seconds"
422,100,"Gibbs","mu_1",0,0.225246428735464,-0.207867130057686,0.661783764993744,1,5.365
422,100,"Gibbs","mu_2",5,5.10156094869403,4.61847272822776,5.59537319581573,1,5.365
422,100,"Gibbs","mu_3",10,10.2088877510321,9.85034189064108,10.5574766911114,1,5.365
422,100,"Gibbs","mu_4",20,20.3450585324469,19.8976761914784,20.7984427509532,1,5.365
422,100,"VI","mu_1",0,0.225339731598799,-0.153953769184372,0.60463323238197,1,0.0520000000000005
422,100,"VI","mu_2",5,5.0922240184818,4.68600228440124,5.49844575256236,1,0.0520000000000005
422,100,"VI","mu_3",10,10.2089096595616,9.85714850869864,10.5606708104246,1,0.0520000000000005
422,100,"VI","mu_4",20,20.3453153689905,19.895778814136,20.794851923845,1,0.0520000000000005
