"sim_id","n","method","component","mu_true","estimate","lower","upper","covered","elapsed_seconds"
354,100,"Gibbs","mu_1",0,-0.0092002942915642,-0.442817663908327,0.42837588855317,1,5.549
354,100,"Gibbs","mu_2",5,4.67090482075445,4.22577201666641,5.14228499473993,1,5.549
354,100,"Gibbs","mu_3",10,10.1116699043827,9.76051971935139,10.476532187956,1,5.549
354,100,"Gibbs","mu_4",20,19.7373080941536,19.3168322446926,20.1632387304035,1,5.549
354,100,"VI","mu_1",0,-2.13994874292626e-17,-19.6,19.6,1,0.0520000000000005
354,100,"VI","mu_2",5,2.00034316497245,1.7036326897428,2.2970536402021,0,0.0520000000000005
354,100,"VI","mu_3",10,9.73315919850886,9.39890352061987,10.0674148763978,1,0.0520000000000005
354,100,"VI","mu_4",20,19.7345724530835,19.3167939879039,20.1523509182631,1,0.0520000000000005
