"sim_id","n","method","component","mu_true","estimate","lower","upper","covered","elapsed_seconds"
357,100,"Gibbs","mu_1",0,-0.0401502923218219,-0.477676501131971,0.391653635094935,1,5.518
357,100,"Gibbs","mu_2",5,5.02883035649685,4.64791335930228,5.40992406645165,1,5.518
357,100,"Gibbs","mu_3",10,10.1739003228389,9.70849567836751,10.6447717349693,1,5.518
357,100,"Gibbs","mu_4",20,19.6312548341031,19.2716635361359,19.9895376850993,0,5.518
357,100,"VI","mu_1",0,-0.0413468759808665,-0.469559739392241,0.386865987430508,1,0.0509999999999993
357,100,"VI","mu_2",5,5.02997895574738,4.6693478567475,5.39061005474725,1,0.0509999999999993
357,100,"VI","mu_3",10,10.1753817049072,9.73199794149466,10.6187654683197,1,0.0509999999999993
357,100,"VI","mu_4",20,19.6314489757756,19.2736631975335,19.9892347540177,0,0.0509999999999993
