"sim_id","n","method","component","mu_true","estimate","lower","upper","covered","elapsed_seconds"
198,100,"Gibbs","mu_1",0,-0.0612648085280032,-0.544882417235153,0.419379790311333,1,5.521
198,100,"Gibbs","mu_2",5,4.7754856287621,4.34966241610656,5.21368585896726,1,5.521
198,100,"Gibbs","mu_3",10,9.82415787179349,9.44106133330786,10.2019457359262,1,5.521
198,100,"Gibbs","mu_4",20,20.3467863194206,19.9661228513255,20.7334745617549,1,5.521
198,100,"VI","mu_1",0,-1.11788664023476e-10,-19.5999999990528,19.5999999988292,1,0.0499999999999998
198,100,"VI","mu_2",5,-1.11788664023476e-10,-19.5999999990528,19.5999999988292,1,0.0499999999999998
198,100,"VI","mu_3",10,5.48848952194178,5.26065954331882,5.71631950056474,0,0.0499999999999998
198,100,"VI","mu_4",20,20.3505040081807,19.9661902830865,20.7348177332749,1,0.0499999999999998
