"sim_id","n","method","component","mu_true","estimate","lower","upper","covered","elapsed_seconds"
426,100,"Gibbs","mu_1",0,-0.180622475005269,-0.559386626203161,0.192159814631571,1,5.364
426,100,"Gibbs","mu_2",5,5.05623660819317,4.62114290389058,5.48361558723553,1,5.364
426,100,"Gibbs","mu_3",10,9.84076242466207,9.41273852825512,10.2702052728592,1,5.364
426,100,"Gibbs","mu_4",20,19.8067409283434,19.431792729059,20.1875245506681,1,5.364
426,100,"VI","mu_1",0,-2.10393103717985e-20,-19.6,19.6,1,0.0509999999999993
426,100,"VI","mu_2",5,0.0742859122618322,-0.283617146254837,0.432188970778501,0,0.0509999999999993
426,100,"VI","mu_3",10,7.59214314820037,7.29334899767924,7.8909372987215,0,0.0509999999999993
426,100,"VI","mu_4",20,19.8085693853463,19.4314370423461,20.1857017283464,1,0.0509999999999993
