"sim_id","n","method","component","mu_true","estimate","lower","upper","covered","elapsed_seconds"
171,100,"Gibbs","mu_1",0,2.5889215353533,2.27493566277897,2.89298236000844,0,5.394
171,100,"Gibbs","mu_2",5,9.87580001085276,9.4063670795402,10.3212861192077,0,5.394
171,100,"Gibbs","mu_3",10,19.6334956336428,19.0295665482574,20.1205852360194,0,5.394
171,100,"Gibbs","mu_4",20,20.1258519190453,19.6517959132329,20.6902506194682,1,5.394
171,100,"VI","mu_1",0,-3.18037340877867e-16,-19.6,19.6,1,0.0539999999999994
171,100,"VI","mu_2",5,2.60188576150839,2.31699155841732,2.88677996459946,0,0.0539999999999994
171,100,"VI","mu_3",10,9.90038769018831,9.51368092527233,10.2870944551043,1,0.0539999999999994
171,100,"VI","mu_4",20,19.8904275253252,19.513295182312,20.2675598683384,1,0.0539999999999994
