"sim_id","n","method","component","mu_true","estimate","lower","upper","covered","elapsed_seconds"
392,100,"Gibbs","mu_1",0,0.271990029678179,-0.289066686088609,0.80083975443238,1,5.035
392,100,"Gibbs","mu_2",5,4.87095284812155,4.40421277348062,5.33543199753375,1,5.035
392,100,"Gibbs","mu_3",10,10.1951586886029,9.84795283573421,10.5454765692829,1,5.035
392,100,"Gibbs","mu_4",20,20.2493493024117,19.8740199000761,20.6234600977835,1,5.035
392,100,"VI","mu_1",0,-3.17845095318504e-16,-19.6,19.6,1,0.0499999999999998
392,100,"VI","mu_2",5,2.86432837739967,2.55255995000255,3.1760968047968,0,0.0499999999999998
392,100,"VI","mu_3",10,10.1339409685513,9.79011933042947,10.477762606673,1,0.0499999999999998
392,100,"VI","mu_4",20,20.2526378239248,19.8822987664467,20.6229768814028,1,0.0499999999999998
