"sim_id","n","method","component","mu_true","estimate","lower","upper","covered","elapsed_seconds"
3,100,"Gibbs","mu_1",0,0.0814934979118284,-0.333802463753773,0.488436176890232,1,5.518
3,100,"Gibbs","mu_2",5,5.41290286268169,4.9811548347859,5.84151220712847,1,5.518
3,100,"Gibbs","mu_3",10,9.786149956829,9.39033577018502,10.1745371945736,1,5.518
3,100,"Gibbs","mu_4",20,19.8603945890502,19.4839871626813,20.24170218234,1,5.518
3,100,"VI","mu_1",0,7.92033161361064e-21,-19.6,19.6,1,0.0499999999999998
3,100,"VI","mu_2",5,0.29269098972168,-0.0896328319724537,0.675014811415813,0,0.0499999999999998
3,100,"VI","mu_3",10,7.86471900103568,7.58104372346027,8.14839427861109,0,0.0499999999999998
3,100,"VI","mu_4",20,19.8586854461567,19.4743717217797,20.2429991705337,1,0.0499999999999998
