"sim_id","n","method","component","mu_true","estimate","lower","upper","covered","elapsed_seconds"
389,100,"Gibbs","mu_1",0,-0.00918413241063345,-0.552607118062175,0.529222802866774,1,5.569
389,100,"Gibbs","mu_2",5,4.95223855663217,4.56351097916083,5.33226155030073,1,5.569
389,100,"Gibbs","mu_3",10,9.86689675224417,9.52431973796895,10.2018519368962,1,5.569
389,100,"Gibbs","mu_4",20,20.3529395026811,19.9320185793309,20.7595641499961,1,5.569
389,100,"VI","mu_1",0,-0.00762515272799591,-0.53220757148118,0.516957266025188,1,0.0540000000000003
389,100,"VI","mu_2",5,4.95766752604613,4.59324588531934,5.32208916677291,1,0.0540000000000003
389,100,"VI","mu_3",10,9.8710580267455,9.54043226875643,10.2016837847346,1,0.0540000000000003
389,100,"VI","mu_4",20,20.3527567465693,19.9349782813762,20.7705352117624,1,0.0540000000000003
