"sim_id","n","method","component","mu_true","estimate","lower","upper","covered","elapsed_seconds"
51,100,"Gibbs","mu_1",0,0.118714687464583,-0.265171743139972,0.496015729968949,1,5.501
51,100,"Gibbs","mu_2",5,5.06147879481016,4.63657135970045,5.4738801319453,1,5.501
51,100,"Gibbs","mu_3",10,9.92665751883257,9.52363120846704,10.3288157124972,1,5.501
51,100,"Gibbs","mu_4",20,19.7909388125459,19.3467598810993,20.2466787599461,1,5.501
51,100,"VI","mu_1",0,0.120334617570601,-0.263940266040318,0.50460950118152,1,0.0510000000000002
51,100,"VI","mu_2",5,5.05487608214957,4.67626381323142,5.43348835106772,1,0.0510000000000002
51,100,"VI","mu_3",10,9.9221115125586,9.55312344240762,10.2910995827096,1,0.0510000000000002
51,100,"VI","mu_4",20,19.7931886008027,19.3436520459481,20.2427251556572,1,0.0510000000000002
