"sim_id","n","method","component","mu_true","estimate","lower","upper","covered","elapsed_seconds"
70,100,"Gibbs","mu_1",0,0.311217482035602,-0.0624383481924775,0.680761131986488,1,5.524
70,100,"Gibbs","mu_2",5,5.402402837444,4.96235577897641,5.829055706155,1,5.524
70,100,"Gibbs","mu_3",10,10.1190061364345,9.63391770169868,10.5981551405017,1,5.524
70,100,"Gibbs","mu_4",20,19.8453721004613,19.4467963371212,20.2629278947057,1,5.524
70,100,"VI","mu_1",0,-2.04812808955677e-12,-19.5999999999895,19.5999999999854,1,0.0529999999999999
70,100,"VI","mu_2",5,-2.04812808955677e-12,-19.5999999999895,19.5999999999854,1,0.0529999999999999
70,100,"VI","mu_3",10,4.39478879052054,4.17142257397247,4.6181550070686,0,0.0529999999999999
70,100,"VI","mu_4",20,19.8397108813912,19.4312215324242,20.2482002303583,1,0.0529999999999999
