"sim_id","n","method","component","mu_true","estimate","lower","upper","covered","elapsed_seconds"
256,100,"Gibbs","mu_1",0,0.0250000439055173,-0.3436082668868,0.380911742290396,1,5.457
256,100,"Gibbs","mu_2",5,4.77837141754823,4.23285537322579,5.28498356082689,1,5.457
256,100,"Gibbs","mu_3",10,9.67698325298226,9.24399661212042,10.1197412130288,1,5.457
256,100,"Gibbs","mu_4",20,19.5912074876977,19.2247096630809,19.9585954348093,0,5.457
256,100,"VI","mu_1",0,-1.71035073115571e-18,-19.6,19.6,1,0.0570000000000004
256,100,"VI","mu_2",5,1.139619996044,0.84170499456024,1.43753499752777,0,0.0570000000000004
256,100,"VI","mu_3",10,8.84487109144681,8.47924016682962,9.21050201606399,0,0.0570000000000004
256,100,"VI","mu_4",20,19.5945049989673,19.2241659414892,19.9648440564454,0,0.0570000000000004
