"sim_id","n","method","component","mu_true","estimate","lower","upper","covered","elapsed_seconds"
272,100,"Gibbs","mu_1",0,-0.0459469111557912,-0.422216716814624,0.324974374638154,1,5.525
272,100,"Gibbs","mu_2",5,4.79579131964728,4.40284240549008,5.18570206097749,1,5.525
272,100,"Gibbs","mu_3",10,9.83009885258337,9.41352209001536,10.2561371067149,1,5.525
272,100,"Gibbs","mu_4",20,19.893022479532,19.4801440103782,20.3196156282117,1,5.525
272,100,"VI","mu_1",0,-0.0438619638756522,-0.40814635791197,0.320422430160666,1,0.0510000000000002
272,100,"VI","mu_2",5,4.79587396117039,4.4191687504653,5.17257917187547,1,0.0510000000000002
272,100,"VI","mu_3",10,9.83269450938976,9.41491494679667,10.2504740719829,1,0.0510000000000002
272,100,"VI","mu_4",20,19.8883942538857,19.4706157886926,20.3061727190788,1,0.0510000000000002
