"sim_id","n","method","component","mu_true","estimate","lower","upper","covered","elapsed_seconds"
78,100,"Gibbs","mu_1",0,0.067747194897655,-0.303080486899565,0.433927759719323,1,5.178
78,100,"Gibbs","mu_2",5,4.7780495575219,4.25405825545335,5.28795228334724,1,5.178
78,100,"Gibbs","mu_3",10,9.80704164490094,9.37173221757049,10.2404620476679,1,5.178
78,100,"Gibbs","mu_4",20,20.0663893977483,19.6389654593731,20.482908163734,1,5.178
78,100,"VI","mu_1",0,-6.79586621540597e-19,-19.6,19.6,1,0.0520000000000005
78,100,"VI","mu_2",5,0.994566599433825,0.696786328563736,1.29234687030391,0,0.0520000000000005
78,100,"VI","mu_3",10,8.50350031872931,8.17075556349479,8.83624507396383,0,0.0520000000000005
78,100,"VI","mu_4",20,20.0687250632292,19.6509465980361,20.4865035284223,1,0.0520000000000005
