"sim_id","n","method","component","mu_true","estimate","lower","upper","covered","elapsed_seconds"
340,100,"Gibbs","mu_1",0,-0.138917199051399,-0.534796708186536,0.243267629359022,1,5.508
340,100,"Gibbs","mu_2",5,5.24295234612513,4.80074146293222,5.68518981916208,1,5.508
340,100,"Gibbs","mu_3",10,9.96290587144406,9.5817644926099,10.3311563256868,1,5.508
340,100,"Gibbs","mu_4",20,20.0585815358432,19.6423796239638,20.4767092431668,1,5.508
340,100,"VI","mu_1",0,-2.36975686113058e-19,-19.6,19.6,1,0.0510000000000002
340,100,"VI","mu_2",5,0.313424287224435,-0.0412843453877031,0.668132919836574,0,0.0510000000000002
340,100,"VI","mu_3",10,8.27215583880204,7.98773040391736,8.55658127368672,0,0.0510000000000002
340,100,"VI","mu_4",20,20.0559687026275,19.6381902374344,20.4737471678206,1,0.0510000000000002
