"sim_id","n","method","component","mu_true","estimate","lower","upper","covered","elapsed_seconds"
107,100,"Gibbs","mu_1",0,-0.0718888288584799,-0.446707155079209,0.295760957653154,1,5.543
107,100,"Gibbs","mu_2",5,5.06800980617199,4.63249734069296,5.50518885149084,1,5.543
107,100,"Gibbs","mu_3",10,9.60491731352589,9.13936322214192,10.0591545613263,1,5.543
107,100,"Gibbs","mu_4",20,19.6999307164196,19.3169557537614,20.0856010462327,1,5.543
107,100,"VI","mu_1",0,-1.72223148847092e-21,-19.6,19.6,1,0.0499999999999998
107,100,"VI","mu_2",5,0.00573738522443056,-0.350714722963756,0.362189493412617,0,0.0499999999999998
107,100,"VI","mu_3",10,7.21233517274392,6.91945516111289,7.50521518437494,0,0.0499999999999998
107,100,"VI","mu_4",20,19.701537569933,19.3096159793956,20.0934591604704,1,0.0499999999999998
