"sim_id","n","method","component","mu_true","estimate","lower","upper","covered","elapsed_seconds"
130,100,"Gibbs","mu_1",0,-0.0707850213919481,-0.46365814959328,0.320418723301691,1,5.529
130,100,"Gibbs","mu_2",5,5.14714253558716,4.73576201613876,5.54937740039667,1,5.529
130,100,"Gibbs","mu_3",10,10.1486220983433,9.73318060116454,10.570188191968,1,5.529
130,100,"Gibbs","mu_4",20,19.9940378532301,19.6275006994529,20.3627123935456,1,5.529
130,100,"VI","mu_1",0,-0.0752938480373642,-0.475343070201847,0.324755374127119,1,0.0520000000000005
130,100,"VI","mu_2",5,5.13893958110129,4.74015314295314,5.53772601924944,1,0.0520000000000005
130,100,"VI","mu_3",10,10.1488879413672,9.73903578764306,10.5587400950914,1,0.0520000000000005
130,100,"VI","mu_4",20,19.9956477773634,19.6317476505297,20.359547904197,1,0.0520000000000005
