"sim_id","n","method","component","mu_true","estimate","lower","upper","covered","elapsed_seconds"
297,100,"Gibbs","mu_1",0,-0.0955399286186385,-0.470333604213114,0.276004820213774,1,5.508
297,100,"Gibbs","mu_2",5,5.07846766612996,4.54501009412065,5.61096419212234,1,5.508
297,100,"Gibbs","mu_3",10,10.0925296354081,9.61985976925301,10.5692334482145,1,5.508
297,100,"Gibbs","mu_4",20,19.6791978911922,19.3308958775724,20.0225848968837,1,5.508
297,100,"VI","mu_1",0,-2.6726648320655e-19,-19.6,19.6,1,0.0520000000000005
297,100,"VI","mu_2",5,0.365775886143352,0.0274214298290256,0.704130342457678,0,0.0520000000000005
297,100,"VI","mu_3",10,8.17218874131947,7.83832263469691,8.50605484794203,0,0.0520000000000005
297,100,"VI","mu_4",20,19.6802774386157,19.3338492410551,20.0267056361763,1,0.0520000000000005
