"sim_id","n","method","component","mu_true","estimate","lower","upper","covered","elapsed_seconds"
114,100,"Gibbs","mu_1",0,0.258128464558709,-0.182077180164371,0.701364749287498,1,5.518
114,100,"Gibbs","mu_2",5,4.87402078397482,4.44906470331383,5.30824702598652,1,5.518
114,100,"Gibbs","mu_3",10,10.1642118346538,9.77295276376095,10.551609133189,1,5.518
114,100,"Gibbs","mu_4",20,20.2980666162406,19.9156736412851,20.6906962211766,1,5.518
114,100,"VI","mu_1",0,2.50304452097575,2.210162218553,2.79592682339851,0,0.056
114,100,"VI","mu_2",5,9.85401491320086,9.49152210578085,10.2165077206209,0,0.056
114,100,"VI","mu_3",10,20.288655242076,19.7452576097079,20.8320528744441,0,0.056
114,100,"VI","mu_4",20,20.2887979946169,19.7454011599013,20.8321948293325,1,0.056
