"sim_id","n","method","component","mu_true","estimate","lower","upper","covered","elapsed_seconds"
53,100,"Gibbs","mu_1",0,0.0785254420946868,-0.289954773000225,0.461417129332983,1,5.497
53,100,"Gibbs","mu_2",5,5.17957801963608,4.753488878173,5.59614494580641,1,5.497
53,100,"Gibbs","mu_3",10,10.3311403410033,9.9302459106191,10.7304896871432,1,5.497
53,100,"Gibbs","mu_4",20,19.6657653497378,19.2722910265592,20.0642597369156,1,5.497
53,100,"VI","mu_1",0,0.0745704748028176,-0.302474140201635,0.45161508980727,1,0.0540000000000003
53,100,"VI","mu_2",5,5.18075537456937,4.77149495984614,5.5900157892926,1,0.0540000000000003
53,100,"VI","mu_3",10,10.3349522266442,9.94351310564926,10.7263913476392,1,0.0540000000000003
53,100,"VI","mu_4",20,19.6638574045785,19.2719357810662,20.0557790280907,1,0.0540000000000003
