"sim_id","n","method","component","mu_true","estimate","lower","upper","covered","elapsed_seconds"
11,100,"Gibbs","mu_1",0,0.0507958282935832,-0.38844538415614,0.47314678526345,1,5.475
11,100,"Gibbs","mu_2",5,4.69583144780165,4.22759307202915,5.165092646383,1,5.475
11,100,"Gibbs","mu_3",10,10.1301233200053,9.79017766057482,10.4769164299727,1,5.475
11,100,"Gibbs","mu_4",20,20.1019149953487,19.7133593622987,20.4950582016648,1,5.475
11,100,"VI","mu_1",0,-1.0180560193203e-17,-19.6,19.6,1,0.0510000000000002
11,100,"VI","mu_2",5,-1.0180560193203e-17,-19.6,19.6,1,0.0510000000000002
11,100,"VI","mu_3",10,2.58622867348596,2.29186806502589,2.88058928194604,0,0.0510000000000002
11,100,"VI","mu_4",20,14.6967708918169,14.4341136579688,14.959428125665,0,0.0510000000000002
