"sim_id","n","method","component","mu_true","estimate","lower","upper","covered","elapsed_seconds"
200,100,"Gibbs","mu_1",0,-0.0898886255050859,-0.494011384417957,0.316042295609947,1,5.589
200,100,"Gibbs","mu_2",5,5.04454433193316,4.67281960627493,5.42896532160607,1,5.589
200,100,"Gibbs","mu_3",10,10.2922679535743,9.92463891082048,10.6595217835829,1,5.589
200,100,"Gibbs","mu_4",20,19.9354101364517,19.4854022636795,20.3869819499162,1,5.589
200,100,"VI","mu_1",0,-0.0879265097266877,-0.487689187652228,0.311836168198853,1,0.0469999999999997
200,100,"VI","mu_2",5,5.04090874338028,4.67275303576915,5.40906445099141,1,0.0469999999999997
200,100,"VI","mu_3",10,10.2927740740623,9.92658375752763,10.658964390597,1,0.0469999999999997
200,100,"VI","mu_4",20,19.9419995280152,19.4924629731607,20.3915360828697,1,0.0469999999999997
