"sim_id","n","method","component","mu_true","estimate","lower","upper","covered","elapsed_seconds"
460,100,"Gibbs","mu_1",0,-0.0592948516669728,-0.442985600408682,0.318058552139905,1,5.54
460,100,"Gibbs","mu_2",5,5.23483088572678,4.84487519296767,5.61807965332238,1,5.54
460,100,"Gibbs","mu_3",10,10.106090336682,9.73284264487349,10.4845653859604,1,5.54
460,100,"Gibbs","mu_4",20,20.0378225466777,19.5639864863619,20.4997247602916,1,5.54
460,100,"VI","mu_1",0,-0.0522483984110568,-0.429584119228196,0.325087322406083,1,0.0490000000000004
460,100,"VI","mu_2",5,5.23429780317728,4.85855551924992,5.61004008710463,1,0.0490000000000004
460,100,"VI","mu_3",10,10.1016121931689,9.73013675507764,10.4730876312601,1,0.0490000000000004
460,100,"VI","mu_4",20,20.0390431869699,19.5771950299361,20.5008913440036,1,0.0490000000000004
