"sim_id","n","method","component","mu_true","estimate","lower","upper","covered","elapsed_seconds"
436,100,"Gibbs","mu_1",0,0.349217103877582,-0.0838538635393176,0.777228191818871,1,5.546
436,100,"Gibbs","mu_2",5,5.08780866705387,4.54621241648913,5.62703300118795,1,5.546
436,100,"Gibbs","mu_3",10,9.9758424509849,9.63922669576905,10.3166863624052,1,5.546
436,100,"Gibbs","mu_4",20,19.9792933361503,19.5710548007253,20.3837124426679,1,5.546
436,100,"VI","mu_1",0,0.352369427860394,-0.0516189439860809,0.756357799706868,1,0.0499999999999998
436,100,"VI","mu_2",5,5.09278363001355,4.62858704000985,5.55698022001725,1,0.0499999999999998
436,100,"VI","mu_3",10,9.97572058295597,9.64751644375876,10.3039247221532,1,0.0499999999999998
436,100,"VI","mu_4",20,19.9774670592813,19.5688676240407,20.3860664945219,1,0.0499999999999998
