"sim_id","n","method","component","mu_true","estimate","lower","upper","covered","elapsed_seconds"
218,100,"Gibbs","mu_1",0,-0.226012180550067,-0.642819444219124,0.190575821043827,1,5.566
218,100,"Gibbs","mu_2",5,5.26566409378031,4.79824513174668,5.72747230396555,1,5.566
218,100,"Gibbs","mu_3",10,10.176699483521,9.80162291977697,10.5463965575386,1,5.566
218,100,"Gibbs","mu_4",20,19.7706528082759,19.3930328963683,20.1482177064799,1,5.566
218,100,"VI","mu_1",0,-0.224959984545305,-0.634518411145264,0.184598442054654,1,0.0499999999999998
218,100,"VI","mu_2",5,5.26300915733699,4.83680635282561,5.68921196184836,1,0.0499999999999998
218,100,"VI","mu_3",10,10.1781170498835,9.82014712470428,10.5360869750628,1,0.0499999999999998
218,100,"VI","mu_4",20,19.7686121527198,19.3842984272296,20.15292587821,1,0.0499999999999998
