"sim_id","n","method","component","mu_true","estimate","lower","upper","covered","elapsed_seconds"
369,100,"Gibbs","mu_1",0,0.0559891252498824,-0.363074663155569,0.48346920566864,1,5.499
369,100,"Gibbs","mu_2",5,4.8984733898211,4.47945939984751,5.30785915032323,1,5.499
369,100,"Gibbs","mu_3",10,10.1306189673177,9.73248621790535,10.531059184987,1,5.499
369,100,"Gibbs","mu_4",20,20.219434138472,19.8105389744222,20.6367048660686,1,5.499
369,100,"VI","mu_1",0,-4.88492584089692e-09,-19.5999999848389,19.599999975069,1,0.0499999999999998
369,100,"VI","mu_2",5,-4.88492584089692e-09,-19.5999999848389,19.599999975069,1,0.0499999999999998
369,100,"VI","mu_3",10,5.11296393225497,4.88813327385648,5.33779459065347,0,0.0499999999999998
369,100,"VI","mu_4",20,19.9119744142968,19.5120759158035,20.31187291279,1,0.0499999999999998
