"sim_id","n","method","component","mu_true","estimate","lower","upper","covered","elapsed_seconds"
47,100,"Gibbs","mu_1",0,0.0336242808673875,-0.394564327227677,0.460893934755379,1,5.512
47,100,"Gibbs","mu_2",5,4.96548806071095,4.59038584120013,5.33402538372215,1,5.512
47,100,"Gibbs","mu_3",10,9.86986169493577,9.45184813234168,10.2855738578415,1,5.512
47,100,"Gibbs","mu_4",20,20.2720053047535,19.8697287569779,20.6715418430049,1,5.512
47,100,"VI","mu_1",0,-3.2540111780161e-19,-19.6,19.6,1,0.0529999999999999
47,100,"VI","mu_2",5,0.617296695873875,0.244347313264708,0.990246078483042,0,0.0529999999999999
47,100,"VI","mu_3",10,7.44114284744528,7.15941475051524,7.72287094437531,0,0.0529999999999999
47,100,"VI","mu_4",20,20.269294519811,19.869294519811,20.6692945198109,1,0.0529999999999999
