"sim_id","n","method","component","mu_true","estimate","lower","upper","covered","elapsed_seconds"
181,100,"Gibbs","mu_1",0,0.204442085761532,-0.21524438353585,0.619846441488404,1,5.524
181,100,"Gibbs","mu_2",5,4.82105364859275,4.40730185578672,5.23140186699665,1,5.524
181,100,"Gibbs","mu_3",10,10.3048230928603,9.88636626711602,10.7208716045496,1,5.524
181,100,"Gibbs","mu_4",20,20.0263546891978,19.6231909477599,20.4097093510798,1,5.524
181,100,"VI","mu_1",0,-9.91250528885738e-16,-19.6,19.6,1,0.0500000000000007
181,100,"VI","mu_2",5,-9.91250528885738e-16,-19.6,19.6,1,0.0500000000000007
181,100,"VI","mu_3",10,2.92891644502766,2.66477581959936,3.19305707045597,0,0.0500000000000007
181,100,"VI","mu_4",20,15.8377256627406,15.5454138894958,16.1300374359854,0,0.0500000000000007
