"sim_id","n","method","component","mu_true","estimate","lower","upper","covered","elapsed_seconds"
126,100,"Gibbs","mu_1",0,0.221646861438883,-0.149051317615566,0.591947833792448,1,5.524
126,100,"Gibbs","mu_2",5,5.43314736251423,4.99639780058295,5.87160920355483,1,5.524
126,100,"Gibbs","mu_3",10,10.343870146597,9.93756321875181,10.7340057845014,1,5.524
126,100,"Gibbs","mu_4",20,20.4974387223757,20.0499559701492,20.9389779841982,0,5.524
126,100,"VI","mu_1",0,-1.56283433798122e-19,-19.6,19.6,1,0.0539999999999994
126,100,"VI","mu_2",5,0.84623811437218,0.518982934288974,1.17349329445539,0,0.0539999999999994
126,100,"VI","mu_3",10,8.63896637642038,8.34727052301989,8.93066222982088,0,0.0539999999999994
126,100,"VI","mu_4",20,20.4968729124678,20.0473363577019,20.9464094672337,0,0.0539999999999994
