"sim_id","n","method","component","mu_true","estimate","lower","upper","covered","elapsed_seconds"
148,100,"Gibbs","mu_1",0,0.16505231135351,-0.214946192943606,0.545697227738697,1,5.498
148,100,"Gibbs","mu_2",5,5.01196916504678,4.57757196478404,5.44615524214433,1,5.498
148,100,"Gibbs","mu_3",10,9.84588316135518,9.44289789256184,10.2706107418,1,5.498
148,100,"Gibbs","mu_4",20,20.1075282997469,19.6725387495895,20.5422343921965,1,5.498
148,100,"VI","mu_1",0,0.167072106006251,-0.200423564253663,0.534567776266165,1,0.0520000000000005
148,100,"VI","mu_2",5,5.01096728952838,4.63009603132496,5.3918385477318,1,0.0520000000000005
148,100,"VI","mu_3",10,9.8369916429403,9.44579342574928,10.2281898601313,1,0.0520000000000005
148,100,"VI","mu_4",20,20.1033346477957,19.6651748504663,20.5414944451252,1,0.0520000000000005
