"sim_id","n","method","component","mu_true","estimate","lower","upper","covered","elapsed_seconds"
96,100,"Gibbs","mu_1",0,0.317724669542417,-0.097738365187562,0.742929886149612,1,5.559
96,100,"Gibbs","mu_2",5,5.07581945518053,4.66603835065598,5.45715134659505,1,5.559
96,100,"Gibbs","mu_3",10,10.3648277609004,9.8935710577858,10.8456048298432,1,5.559
96,100,"Gibbs","mu_4",20,19.8474688734616,19.4491968028266,20.2455554461688,1,5.559
96,100,"VI","mu_1",0,-9.2448916403365e-17,-19.6,19.6,1,0.0540000000000003
96,100,"VI","mu_2",5,2.41363548589671,2.12412355639213,2.70314741540129,0,0.0540000000000003
96,100,"VI","mu_3",10,9.5273627726012,9.16456712129562,9.89015842390678,0,0.0540000000000003
96,100,"VI","mu_4",20,19.8467386224713,19.4548169989856,20.238660245957,1,0.0540000000000003
