"sim_id","n","method","component","mu_true","estimate","lower","upper","covered","elapsed_seconds"
167,100,"Gibbs","mu_1",0,-0.223351879288545,-0.613983011689401,0.177171055411625,1,5.507
167,100,"Gibbs","mu_2",5,4.83135386740209,4.36484705926196,5.2953622954391,1,5.507
167,100,"Gibbs","mu_3",10,10.0250564122889,9.60649553486838,10.4461964582581,1,5.507
167,100,"Gibbs","mu_4",20,20.3714978768342,20.0175185684998,20.7240091243772,0,5.507
167,100,"VI","mu_1",0,-0.227058628574543,-0.618958957780129,0.164841700631044,1,0.0510000000000002
167,100,"VI","mu_2",5,4.83323260044699,4.39265981283283,5.27380538806114,1,0.0510000000000002
167,100,"VI","mu_3",10,10.0326216728955,9.63440779614897,10.4308355496421,1,0.0510000000000002
167,100,"VI","mu_4",20,20.3708528456213,20.0188832183662,20.7228224728764,0,0.0510000000000002
