"sim_id","n","method","component","mu_true","estimate","lower","upper","covered","elapsed_seconds"
409,100,"Gibbs","mu_1",0,0.151623247827175,-0.236388305727225,0.540706623505743,1,5.493
409,100,"Gibbs","mu_2",5,4.86312635378066,4.52656139978985,5.18803479662129,1,5.493
409,100,"Gibbs","mu_3",10,9.77589895366154,9.30670084203639,10.2431016528818,1,5.493
409,100,"Gibbs","mu_4",20,20.0149503253403,19.5606825937227,20.4741738938884,1,5.493
409,100,"VI","mu_1",0,0.150377890560497,-0.226969129437384,0.527724910558378,1,0.0489999999999995
409,100,"VI","mu_2",5,4.86381345572172,4.53682688715195,5.1908000242915,1,0.0489999999999995
409,100,"VI","mu_3",10,9.78501050609759,9.32458068888964,10.2454403233055,1,0.0489999999999995
409,100,"VI","mu_4",20,20.0089270923789,19.5593905375244,20.4584636472334,1,0.0489999999999995
