"sim_id","n","method","component","mu_true","estimate","lower","upper","covered","elapsed_seconds"
377,100,"Gibbs","mu_1",0,-0.101198153699093,-0.555049929208572,0.373065726544919,1,5.543
377,100,"Gibbs","mu_2",5,5.01381682311748,4.61261568223296,5.41455664474759,1,5.543
377,100,"Gibbs","mu_3",10,9.65934467396425,9.28300818233132,10.0346911840847,1,5.543
377,100,"Gibbs","mu_4",20,20.0981993358032,19.6705390075631,20.516172249346,1,5.543
377,100,"VI","mu_1",0,-1.84933449654694e-09,-19.5999999908574,19.5999999871588,1,0.0510000000000002
377,100,"VI","mu_2",5,-1.84933449654694e-09,-19.5999999908574,19.5999999871588,1,0.0510000000000002
377,100,"VI","mu_3",10,5.39814698574963,5.17623491173356,5.6200590597657,0,0.0510000000000002
377,100,"VI","mu_4",20,20.1023654700688,19.6845870048807,20.520143935257,1,0.0510000000000002
