"sim_id","n","method","component","mu_true","estimate","lower","upper","covered","elapsed_seconds"
406,100,"Gibbs","mu_1",0,0.0200910395628968,-0.409879369991458,0.442024034565106,1,5.462
406,100,"Gibbs","mu_2",5,4.79853040182,4.2312878677544,5.38113715622102,1,5.462
406,100,"Gibbs","mu_3",10,10.0362357585551,9.65918681000497,10.4256775035921,1,5.462
406,100,"Gibbs","mu_4",20,20.0033163476627,19.6393171892064,20.3740481713261,1,5.462
406,100,"VI","mu_1",0,-2.42437277146535e-16,-19.6,19.6,1,0.0489999999999995
406,100,"VI","mu_2",5,-2.42437277146535e-16,-19.6,19.6,1,0.0489999999999995
406,100,"VI","mu_3",10,2.5043533448831,2.21861231799963,2.79009437176658,0,0.0489999999999995
406,100,"VI","mu_4",20,15.6310812412299,15.3617762933794,15.9003861890804,0,0.0489999999999995
