"sim_id","n","method","component","mu_true","estimate","lower","upper","covered","elapsed_seconds"
413,100,"Gibbs","mu_1",0,-0.121182805555074,-0.573122539658941,0.315714429215834,1,5.462
413,100,"Gibbs","mu_2",5,4.65599387856242,4.22550686401164,5.08444933339982,1,5.462
413,100,"Gibbs","mu_3",10,9.87144474808863,9.50358360877226,10.237232753921,1,5.462
413,100,"Gibbs","mu_4",20,19.9124312258089,19.4929185926257,20.3293345428469,1,5.462
413,100,"VI","mu_1",0,-2.34131884608369e-17,-19.6,19.6,1,0.0540000000000003
413,100,"VI","mu_2",5,1.73995607621925,1.43872700818848,2.04118514425002,0,0.0540000000000003
413,100,"VI","mu_3",10,9.08191923608112,8.75830868667597,9.40552978548626,0,0.0540000000000003
413,100,"VI","mu_4",20,19.9140056294177,19.4864003632154,20.34161089562,1,0.0540000000000003
