"sim_id","n","method","component","mu_true","estimate","lower","upper","covered","elapsed_seconds"
241,100,"Gibbs","mu_1",0,0.146411761517746,-0.25272869049508,0.546922160385954,1,5.199
241,100,"Gibbs","mu_2",5,4.83291863997945,4.39187967094235,5.27026007334394,1,5.199
241,100,"Gibbs","mu_3",10,10.2285923783123,9.86617852348511,10.5928024277922,1,5.199
241,100,"Gibbs","mu_4",20,20.2553551552189,19.8653721822515,20.6399396138443,1,5.199
241,100,"VI","mu_1",0,-4.34678661683681e-18,-19.6,19.6,1,0.0490000000000004
241,100,"VI","mu_2",5,1.77327730322628,1.45962314774315,2.08693145870941,0,0.0490000000000004
241,100,"VI","mu_3",10,9.54194341037117,9.21514503506161,9.86874178568072,0,0.0490000000000004
241,100,"VI","mu_4",20,20.2502546482332,19.858333024721,20.6421762717454,1,0.0490000000000004
