"sim_id","n","method","component","mu_true","estimate","lower","upper","covered","elapsed_seconds"
419,100,"Gibbs","mu_1",0,-0.0685964699066651,-0.447504243109813,0.311867725759776,1,5.494
419,100,"Gibbs","mu_2",5,5.02362364174206,4.61738282088987,5.43178196143073,1,5.494
419,100,"Gibbs","mu_3",10,10.0094245725242,9.57946765518846,10.4302781023672,1,5.494
419,100,"Gibbs","mu_4",20,19.9893497145518,19.5875270065257,20.3969577259099,1,5.494
419,100,"VI","mu_1",0,-4.14735307806296e-12,-19.5999999999756,19.5999999999674,1,0.0520000000000005
419,100,"VI","mu_2",5,-4.14735307806296e-12,-19.5999999999756,19.5999999999674,1,0.0520000000000005
419,100,"VI","mu_3",10,4.63232712212939,4.40602129604579,4.85863294821299,0,0.0520000000000005
419,100,"VI","mu_4",20,19.6950453793527,19.3031217152732,20.0869690434321,1,0.0520000000000005
