"sim_id","n","method","component","mu_true","estimate","lower","upper","covered","elapsed_seconds"
28,100,"Gibbs","mu_1",0,0.00411520514569447,-0.385838481358543,0.39703915774013,1,5.503
28,100,"Gibbs","mu_2",5,4.88376535497081,4.50214169565108,5.27877920506584,1,5.503
28,100,"Gibbs","mu_3",10,10.5424959349654,10.170711532757,10.9174643345863,0,5.503
28,100,"Gibbs","mu_4",20,19.6818509820325,19.2638482394342,20.0986647763855,1,5.503
28,100,"VI","mu_1",0,-2.14102567718511e-17,-19.6,19.6,1,0.0509999999999993
28,100,"VI","mu_2",5,-2.14102567718511e-17,-19.6,19.6,1,0.0509999999999993
28,100,"VI","mu_3",10,2.53451352358043,2.25941142509804,2.80961562206282,0,0.0509999999999993
28,100,"VI","mu_4",20,14.6577071919043,14.3784462036932,14.9369681801154,0,0.0509999999999993
