"sim_id","n","method","component","mu_true","estimate","lower","upper","covered","elapsed_seconds"
55,100,"Gibbs","mu_1",0,0.222866420835378,-0.224669285745914,0.659637569663928,1,5.493
55,100,"Gibbs","mu_2",5,5.29500583752825,4.88900726936135,5.71280928849384,1,5.493
55,100,"Gibbs","mu_3",10,10.1928091841501,9.80697798863297,10.5897134049026,1,5.493
55,100,"Gibbs","mu_4",20,20.1182334214582,19.7425613278525,20.4944764294323,1,5.493
55,100,"VI","mu_1",0,-2.56173571315383e-10,-19.599999997712,19.5999999971997,1,0.0510000000000002
55,100,"VI","mu_2",5,-2.56173571315383e-10,-19.599999997712,19.5999999971997,1,0.0510000000000002
55,100,"VI","mu_3",10,5.72249061334778,5.49309724053028,5.95188398616529,0,0.0510000000000002
55,100,"VI","mu_4",20,20.1170498244459,19.7399549603254,20.4941446885664,1,0.0510000000000002
