"sim_id","n","method","component","mu_true","estimate","lower","upper","covered","elapsed_seconds"
414,100,"Gibbs","mu_1",0,-0.0826882080429883,-0.490288951530846,0.319496568055925,1,5.47
414,100,"Gibbs","mu_2",5,5.06154743625555,4.67727382990672,5.43652050958635,1,5.47
414,100,"Gibbs","mu_3",10,10.0118780180235,9.54610588215624,10.4624029593987,1,5.47
414,100,"Gibbs","mu_4",20,19.903946954344,19.5165270382518,20.2813322726199,1,5.47
414,100,"VI","mu_1",0,-2.22015243840249e-12,-19.5999999999856,19.5999999999811,1,0.0510000000000002
414,100,"VI","mu_2",5,-2.22015243840249e-12,-19.5999999999856,19.5999999999811,1,0.0510000000000002
414,100,"VI","mu_3",10,4.62006216394839,4.39222872237808,4.8478956055187,0,0.0510000000000002
414,100,"VI","mu_4",20,19.9048983116944,19.5206012066719,20.289195416717,1,0.0510000000000002
