"sim_id","n","method","component","mu_true","estimate","lower","upper","covered","elapsed_seconds"
20,100,"Gibbs","mu_1",0,0.0670275437960305,-0.34414786706796,0.480175984054912,1,5.506
20,100,"Gibbs","mu_2",5,5.20241524351303,4.79355149176216,5.60270437899491,1,5.506
20,100,"Gibbs","mu_3",10,9.91662150530268,9.42901077753779,10.3881977921809,1,5.506
20,100,"Gibbs","mu_4",20,19.7366164257296,19.3783722248802,20.1063731261074,1,5.506
20,100,"VI","mu_1",0,-4.68314130944753e-11,-19.5999999997879,19.5999999996942,1,0.0510000000000002
20,100,"VI","mu_2",5,-4.68314130944753e-11,-19.5999999997879,19.5999999996942,1,0.0510000000000002
20,100,"VI","mu_3",10,4.83794390661262,4.60367676069595,5.07221105252928,0,0.0510000000000002
20,100,"VI","mu_4",20,19.7310565913472,19.3733387354563,20.088774447238,1,0.0510000000000002
