"sim_id","n","method","component","mu_true","estimate","lower","upper","covered","elapsed_seconds"
270,100,"Gibbs","mu_1",0,-0.0037895189119392,-0.455618609019868,0.437495157558081,1,5.563
270,100,"Gibbs","mu_2",5,5.24858543709113,4.81225382200113,5.68058245849552,1,5.563
270,100,"Gibbs","mu_3",10,10.1077119351497,9.70749698100825,10.5109519789515,1,5.563
270,100,"Gibbs","mu_4",20,19.659444769221,19.3076690732552,20.0096096924946,1,5.563
270,100,"VI","mu_1",0,-0.00070025202477934,-0.439101707866032,0.437701203816473,1,0.0520000000000005
270,100,"VI","mu_2",5,5.24502066150279,4.84024892639921,5.64979239660637,1,0.0520000000000005
270,100,"VI","mu_3",10,10.1001936877277,9.71277540787248,10.4876119675829,1,0.0520000000000005
270,100,"VI","mu_4",20,19.6604660239691,19.3084963967139,20.0124356512243,1,0.0520000000000005
