"sim_id","n","method","component","mu_true","estimate","lower","upper","covered","elapsed_seconds"
187,100,"Gibbs","mu_1",0,-0.12379220939697,-0.560990649329236,0.302051868954302,1,5.51
187,100,"Gibbs","mu_2",5,4.76692507385261,4.40469244214779,5.1278656231328,1,5.51
187,100,"Gibbs","mu_3",10,9.90352247677981,9.51358146786744,10.2946288534668,1,5.51
187,100,"Gibbs","mu_4",20,19.740212400134,19.3136539758085,20.1775217757213,1,5.51
187,100,"VI","mu_1",0,-1.08299442186104e-16,-19.6,19.6,1,0.0540000000000003
187,100,"VI","mu_2",5,2.46308655995239,2.18401209754497,2.7421610223598,0,0.0540000000000003
187,100,"VI","mu_3",10,9.50292490189148,9.14324312176905,9.86260668201392,0,0.0540000000000003
187,100,"VI","mu_4",20,19.7384752585592,19.3108699923569,20.1660805247616,1,0.0540000000000003
