"sim_id","n","method","component","mu_true","estimate","lower","upper","covered","elapsed_seconds"
401,100,"Gibbs","mu_1",0,-0.48219307552907,-0.943171553564731,-0.0112382412248636,0,5.481
401,100,"Gibbs","mu_2",5,5.05552688929209,4.68690779716036,5.42832867275468,1,5.481
401,100,"Gibbs","mu_3",10,9.9464055783273,9.5563681135344,10.3203993969933,1,5.481
401,100,"Gibbs","mu_4",20,20.1638257438969,19.7195666011698,20.5887580738354,1,5.481
401,100,"VI","mu_1",0,-1.79182746413126e-08,-19.5999999263178,19.5999998904813,1,0.0519999999999996
401,100,"VI","mu_2",5,-1.79182746413126e-08,-19.5999999263178,19.5999998904813,1,0.0519999999999996
401,100,"VI","mu_3",10,5.51566912396791,5.29516571789707,5.73617253003875,0,0.0519999999999996
401,100,"VI","mu_4",20,20.1655266536255,19.7379223569797,20.5931309502712,1,0.0519999999999996
