"sim_id","n","method","component","mu_true","estimate","lower","upper","covered","elapsed_seconds"
101,100,"Gibbs","mu_1",0,0.181495571507046,-0.213265906203524,0.584735270747278,1,5.524
101,100,"Gibbs","mu_2",5,5.74875039259913,5.30574765621227,6.19126037781088,0,5.524
101,100,"Gibbs","mu_3",10,10.3288769145132,9.89005019570246,10.778256487256,1,5.524
101,100,"Gibbs","mu_4",20,19.9918909339392,19.636186585009,20.3339856908766,1,5.524
101,100,"VI","mu_1",0,0.178033306398151,-0.213219689231449,0.569286302027751,1,0.0540000000000003
101,100,"VI","mu_2",5,5.74860880949907,5.3246176477139,6.17259997128423,0,0.0540000000000003
101,100,"VI","mu_3",10,10.3418763987606,9.91980691374117,10.76394588378,1,0.0540000000000003
101,100,"VI","mu_4",20,19.993308824972,19.6468806273683,20.3397370225758,1,0.0540000000000003
