"sim_id","n","method","component","mu_true","estimate","lower","upper","covered","elapsed_seconds"
249,100,"Gibbs","mu_1",0,-0.0716158050860388,-0.460423636423315,0.309630393032687,1,5.142
249,100,"Gibbs","mu_2",5,5.12196509009089,4.71113260485232,5.53375523227834,1,5.142
249,100,"Gibbs","mu_3",10,10.048741635638,9.63174882907779,10.4792521084149,1,5.142
249,100,"Gibbs","mu_4",20,19.7415550653174,19.3259944488683,20.1497262108557,1,5.142
249,100,"VI","mu_1",0,-2.34822400185872e-18,-19.6,19.6,1,0.0510000000000002
249,100,"VI","mu_2",5,1.29756101914039,0.982686090846287,1.61243594743449,0,0.0510000000000002
249,100,"VI","mu_3",10,8.60532525486632,8.29256756614256,8.91808294359008,0,0.0510000000000002
249,100,"VI","mu_4",20,19.7437439537387,19.3259654885476,20.1615224189297,1,0.0510000000000002
