"sim_id","n","method","component","mu_true","estimate","lower","upper","covered","elapsed_seconds"
287,100,"Gibbs","mu_1",0,0.161971810406135,-0.285416685334014,0.599218734786432,1,5.539
287,100,"Gibbs","mu_2",5,4.74662567737915,4.25131947590629,5.23772701178124,1,5.539
287,100,"Gibbs","mu_3",10,9.97612024581967,9.61035914311497,10.3407498045025,1,5.539
287,100,"Gibbs","mu_4",20,20.4676454768671,20.0808641939915,20.8530405638693,0,5.539
287,100,"VI","mu_1",0,-9.46429267479925e-18,-19.6,19.6,1,0.0529999999999999
287,100,"VI","mu_2",5,2.14494024922854,1.84042407178668,2.44945642667041,0,0.0529999999999999
287,100,"VI","mu_3",10,9.85033413518955,9.50701426783445,10.1936540025447,1,0.0529999999999999
287,100,"VI","mu_4",20,20.4705818066189,20.0862680811288,20.8548955321091,0,0.0529999999999999
