"sim_id","n","method","component","mu_true","estimate","lower","upper","covered","elapsed_seconds"
338,100,"Gibbs","mu_1",0,-0.309507829919,-0.687266594502496,0.0705566717241344,1,5.505
338,100,"Gibbs","mu_2",5,5.2435842813167,4.89880324869525,5.58504136137633,1,5.505
338,100,"Gibbs","mu_3",10,10.0567429669531,9.62265452609018,10.481176408833,1,5.505
338,100,"Gibbs","mu_4",20,20.3580778451662,19.9066188625178,20.8189762976351,1,5.505
338,100,"VI","mu_1",0,-1.23439234650698e-07,-19.5999997861426,19.5999995392642,1,0.0549999999999997
338,100,"VI","mu_2",5,-1.23439234650698e-07,-19.5999997861426,19.5999995392642,1,0.0549999999999997
338,100,"VI","mu_3",10,4.72432946684645,4.5078846081713,4.94077432552159,0,0.0549999999999997
338,100,"VI","mu_4",20,20.362053936713,19.9003248947091,20.8237829787168,1,0.0549999999999997
