"sim_id","n","method","component","mu_true","estimate","lower","upper","covered","elapsed_seconds"
149,100,"Gibbs","mu_1",0,-0.130510203057522,-0.546751663977829,0.286687097341502,1,5.516
149,100,"Gibbs","mu_2",5,5.21881472306257,4.83927163617384,5.58932388940738,1,5.516
149,100,"Gibbs","mu_3",10,9.76645806688111,9.36244218489538,10.1834513651586,1,5.516
149,100,"Gibbs","mu_4",20,20.1804345725724,19.7509081625099,20.6204821656824,1,5.516
149,100,"VI","mu_1",0,-3.23253603282919e-09,-19.5999999882961,19.5999999818311,1,0.0510000000000002
149,100,"VI","mu_2",5,-3.23253603282919e-09,-19.5999999882961,19.5999999818311,1,0.0510000000000002
149,100,"VI","mu_3",10,5.16117796535207,4.9406771500523,5.38167878065184,0,0.0510000000000002
149,100,"VI","mu_4",20,19.8305665754832,19.4029433838888,20.2581897670775,1,0.0510000000000002
