"sim_id","n","method","component","mu_true","estimate","lower","upper","covered","elapsed_seconds"
417,100,"Gibbs","mu_1",0,-0.417332482153044,-0.786703808380826,-0.0567869409797443,0,5.453
417,100,"Gibbs","mu_2",5,4.94212671177311,4.57403935557747,5.29777846857676,1,5.453
417,100,"Gibbs","mu_3",10,9.87811408792617,9.39785788169138,10.3601834769095,1,5.453
417,100,"Gibbs","mu_4",20,19.7539073717423,19.3224994752794,20.1907879155796,1,5.453
417,100,"VI","mu_1",0,-1.4507035192756e-14,-19.5999999999999,19.5999999999999,1,0.0529999999999999
417,100,"VI","mu_2",5,-1.4507035192756e-14,-19.5999999999999,19.5999999999999,1,0.0529999999999999
417,100,"VI","mu_3",10,3.20372970902576,2.97131697977628,3.43614243827524,0,0.0529999999999999
417,100,"VI","mu_4",20,17.0095813714058,16.6449887665391,17.3741739762724,0,0.0529999999999999
