"sim_id","n","method","component","mu_true","estimate","lower","upper","covered","elapsed_seconds"
37,100,"Gibbs","mu_1",0,-0.0593670182720457,-0.523514919391196,0.419676365690155,1,5.552
37,100,"Gibbs","mu_2",5,5.30904570863295,4.89220877151291,5.72574308011353,1,5.552
37,100,"Gibbs","mu_3",10,9.94136841126635,9.61255717571365,10.269726822703,1,5.552
37,100,"Gibbs","mu_4",20,19.6353880154663,19.191956407232,20.0825000122902,1,5.552
37,100,"VI","mu_1",0,-0.062880815965215,-0.524489056682951,0.398727424752521,1,0.0499999999999998
37,100,"VI","mu_2",5,5.30577709385682,4.907455856374,5.70409833133964,1,0.0499999999999998
37,100,"VI","mu_3",10,9.94136363426158,9.62665780519229,10.2560694633309,1,0.0499999999999998
37,100,"VI","mu_4",20,19.6329249518857,19.183388397031,20.0824615067404,1,0.0499999999999998
