"sim_id","n","method","component","mu_true","estimate","lower","upper","covered","elapsed_seconds"
58,100,"Gibbs","mu_1",0,0.433143533129509,0.0377504606124249,0.819347435740562,0,5.531
58,100,"Gibbs","mu_2",5,5.56361555913487,5.11756676845616,6.02111914817157,0,5.531
58,100,"Gibbs","mu_3",10,10.035572853512,9.59914457535088,10.4608693099549,1,5.531
58,100,"Gibbs","mu_4",20,20.2534279608554,19.8850355427771,20.6316054809356,1,5.531
58,100,"VI","mu_1",0,-4.51744627511027e-12,-19.5999999999646,19.5999999999555,1,0.0510000000000002
58,100,"VI","mu_2",5,-4.51744627511027e-12,-19.5999999999646,19.5999999999555,1,0.0510000000000002
58,100,"VI","mu_3",10,5.01941145721886,4.78868286457407,5.25014004986365,0,0.0510000000000002
58,100,"VI","mu_4",20,20.019620545017,19.6482717045657,20.3909693854682,1,0.0510000000000002
