"sim_id","n","method","component","mu_true","estimate","lower","upper","covered","elapsed_seconds"
129,100,"Gibbs","mu_1",0,-0.0857875801253395,-0.475197573504492,0.301348693137136,1,5.547
129,100,"Gibbs","mu_2",5,5.27241246825692,4.85208905805759,5.69168553687404,1,5.547
129,100,"Gibbs","mu_3",10,9.92002757608063,9.5316932027751,10.3135308604857,1,5.547
129,100,"Gibbs","mu_4",20,20.0953534902852,19.6527104790424,20.5394072675023,1,5.547
129,100,"VI","mu_1",0,-0.0840454686682935,-0.462561815635615,0.294470878299028,1,0.0540000000000003
129,100,"VI","mu_2",5,5.27051479982294,4.8885458080391,5.65248379160678,1,0.0540000000000003
129,100,"VI","mu_3",10,9.91515958214438,9.54400370554297,10.2863154587458,1,0.0540000000000003
129,100,"VI","mu_4",20,20.096959339487,19.6474227846325,20.5464958943415,1,0.0540000000000003
