"sim_id","n","method","component","mu_true","estimate","lower","upper","covered","elapsed_seconds"
125,100,"Gibbs","mu_1",0,0.266655480496155,-0.0883474941346633,0.617637416767542,1,5.538
125,100,"Gibbs","mu_2",5,4.86250146891743,4.4552928278428,5.26969903644169,1,5.538
125,100,"Gibbs","mu_3",10,10.0063568033366,9.54014101261126,10.4682985321076,1,5.538
125,100,"Gibbs","mu_4",20,19.575123994873,19.2069513665834,19.9516686064173,0,5.538
125,100,"VI","mu_1",0,-5.69456074142139e-20,-19.6,19.6,1,0.0539999999999994
125,100,"VI","mu_2",5,0.483535872398806,0.141741616654346,0.825330128143266,0,0.0539999999999994
125,100,"VI","mu_3",10,7.22570307884311,6.91632595230395,7.53508020538227,0,0.0539999999999994
125,100,"VI","mu_4",20,19.573794439532,19.1966620965191,19.9509267825449,0,0.0539999999999994
