"sim_id","n","method","component","mu_true","estimate","lower","upper","covered","elapsed_seconds"
388,100,"Gibbs","mu_1",0,-0.255632742083145,-0.655975400518915,0.127025805791385,1,5.545
388,100,"Gibbs","mu_2",5,4.88306615724196,4.50131493416995,5.27978122693786,1,5.545
388,100,"Gibbs","mu_3",10,9.78013762248981,9.42156717109011,10.1420910899634,1,5.545
388,100,"Gibbs","mu_4",20,19.9806321633676,19.4996598877291,20.4529587232317,1,5.545
388,100,"VI","mu_1",0,-3.21350251353264e-16,-19.6,19.6,1,0.0540000000000003
388,100,"VI","mu_2",5,-3.21350251353264e-16,-19.6,19.6,1,0.0540000000000003
388,100,"VI","mu_3",10,2.58846716873327,2.32133648073008,2.85559785673646,0,0.0540000000000003
388,100,"VI","mu_4",20,13.6051647400008,13.3167579268022,13.8935715531993,0,0.0540000000000003
