"sim_id","n","method","component","mu_true","estimate","lower","upper","covered","elapsed_seconds"
478,100,"Gibbs","mu_1",0,0.189155611079858,-0.214633217816433,0.589852479313281,1,5.533
478,100,"Gibbs","mu_2",5,4.99266523442093,4.54004768275289,5.43690959313017,1,5.533
478,100,"Gibbs","mu_3",10,9.87580419946777,9.47635668398404,10.2649232432154,1,5.533
478,100,"Gibbs","mu_4",20,19.6784844533161,19.305129527844,20.0591899942365,1,5.533
478,100,"VI","mu_1",0,-2.10957754539287e-19,-19.6,19.6,1,0.0549999999999997
478,100,"VI","mu_2",5,0.64428299829145,0.278815814501769,1.00975018208113,0,0.0549999999999997
478,100,"VI","mu_3",10,7.99340246485131,7.69878467121705,8.28802025848558,0,0.0549999999999997
478,100,"VI","mu_4",20,19.6791059989994,19.3019736559863,20.0562383420125,1,0.0549999999999997
