"sim_id","n","method","component","mu_true","estimate","lower","upper","covered","elapsed_seconds"
421,100,"Gibbs","mu_1",0,0.169963172270101,-0.204627151707727,0.536073959170943,1,5.368
421,100,"Gibbs","mu_2",5,5.08719643505217,4.6553990838534,5.51678949991733,1,5.368
421,100,"Gibbs","mu_3",10,10.0667718170238,9.69769127060145,10.4404559266786,1,5.368
421,100,"Gibbs","mu_4",20,19.8412138074762,19.4086909726039,20.2729240286775,1,5.368
421,100,"VI","mu_1",0,-3.64659410617826e-18,-19.6,19.6,1,0.0570000000000004
421,100,"VI","mu_2",5,1.36276011020918,1.05376378058063,1.67175643983773,0,0.0570000000000004
421,100,"VI","mu_3",10,8.8084091134953,8.49766912423129,9.11914910275932,0,0.0570000000000004
421,100,"VI","mu_4",20,19.8379088659829,19.3997490686532,20.2760686633126,1,0.0570000000000004
