"sim_id","n","method","component","mu_true","estimate","lower","upper","covered","elapsed_seconds"
117,100,"Gibbs","mu_1",0,-0.0586686097434672,-0.423711006391864,0.296443744805005,1,5.511
117,100,"Gibbs","mu_2",5,5.0816237461966,4.68448211052515,5.46998410174729,1,5.511
117,100,"Gibbs","mu_3",10,9.94826715912351,9.48706280384871,10.4092117524328,1,5.511
117,100,"Gibbs","mu_4",20,20.2357917726285,19.8247119936376,20.6484082793877,1,5.511
117,100,"VI","mu_1",0,-0.0615418702888614,-0.419589388518912,0.296505647941189,1,0.0499999999999998
117,100,"VI","mu_2",5,5.08781640876786,4.71038493491381,5.46524788262191,1,0.0499999999999998
117,100,"VI","mu_3",10,9.95330426597412,9.51609015352256,10.3905183784257,1,0.0499999999999998
117,100,"VI","mu_4",20,20.2346080350974,19.8260085998568,20.6432074703379,1,0.0499999999999998
