"sim_id","n","method","component","mu_true","estimate","lower","upper","covered","elapsed_seconds"
170,100,"Gibbs","mu_1",0,0.0981818561639794,-0.301475102354382,0.495124503164838,1,5.538
170,100,"Gibbs","mu_2",5,4.8512463917363,4.40671276690845,5.29250388851531,1,5.538
170,100,"Gibbs","mu_3",10,10.28165724197,9.90615240449469,10.6523224901631,1,5.538
170,100,"Gibbs","mu_4",20,20.1040079494813,19.7053875748213,20.493587851432,1,5.538
170,100,"VI","mu_1",0,-7.48993169810407e-18,-19.6,19.6,1,0.0709999999999997
170,100,"VI","mu_2",5,1.69134134770588,1.38801352214507,1.99466917326669,0,0.0709999999999997
170,100,"VI","mu_3",10,9.50029943193748,9.16047920692667,9.84011965694828,0,0.0709999999999997
170,100,"VI","mu_4",20,20.103602030638,19.7116804071259,20.4955236541502,1,0.0709999999999997
