"sim_id","n","method","component","mu_true","estimate","lower","upper","covered","elapsed_seconds"
384,100,"Gibbs","mu_1",0,0.305531658095742,-0.147528226010819,0.747318271972629,1,5.534
384,100,"Gibbs","mu_2",5,4.89127632133276,4.49413665483592,5.27980169025517,1,5.534
384,100,"Gibbs","mu_3",10,10.3404606365018,9.92490286396865,10.7630615601616,1,5.534
384,100,"Gibbs","mu_4",20,20.1541340173899,19.8125446436335,20.498999679753,1,5.534
384,100,"VI","mu_1",0,-1.88295772920707e-11,-19.5999999998543,19.5999999998167,1,0.0499999999999998
384,100,"VI","mu_2",5,-1.88295772920707e-11,-19.5999999998543,19.5999999998167,1,0.0499999999999998
384,100,"VI","mu_3",10,5.20888357240555,4.97121744219891,5.44654970261219,0,0.0499999999999998
384,100,"VI","mu_4",20,19.9325655855469,19.5861333388434,20.2789978322504,1,0.0499999999999998
