"sim_id","n","method","component","mu_true","estimate","lower","upper","covered","elapsed_seconds"
464,100,"Gibbs","mu_1",0,-0.400180209948655,-0.809274062760315,0.0123107314777849,1,5.199
464,100,"Gibbs","mu_2",5,5.06696379513327,4.56361471721278,5.58179335616542,1,5.199
464,100,"Gibbs","mu_3",10,9.96568632873365,9.587869861567,10.3473814551233,1,5.199
464,100,"Gibbs","mu_4",20,20.1884913049182,19.8365795712782,20.5489076649626,1,5.199
464,100,"VI","mu_1",0,-4.32982273438243e-10,-19.5999999979374,19.5999999970715,1,0.048
464,100,"VI","mu_2",5,-4.32982273438243e-10,-19.5999999979374,19.5999999970715,1,0.048
464,100,"VI","mu_3",10,5.20328716437689,4.96901576499076,5.43755856376303,0,0.048
464,100,"VI","mu_4",20,20.1850349594671,19.8273322458681,20.5427376730661,1,0.048
