"sim_id","n","method","component","mu_true","estimate","lower","upper","covered","elapsed_seconds"
30,100,"Gibbs","mu_1",0,-0.0840510508219741,-0.441364906692102,0.266133994402543,1,5.494
30,100,"Gibbs","mu_2",5,4.83049979228728,4.39801158304345,5.25731977275588,1,5.494
30,100,"Gibbs","mu_3",10,9.90497805246248,9.50727771178527,10.2925076514064,1,5.494
30,100,"Gibbs","mu_4",20,20.0289603718262,19.5773517698379,20.475099178664,1,5.494
30,100,"VI","mu_1",0,-0.0797409211200355,-0.427680535634757,0.268198693394686,1,0.0510000000000002
30,100,"VI","mu_2",5,4.83268725396,4.42628754106878,5.23908696685122,1,0.0510000000000002
30,100,"VI","mu_3",10,9.91051975431509,9.52641069919687,10.2946288094333,1,0.0510000000000002
30,100,"VI","mu_4",20,20.0302725911831,19.5807360363286,20.4798091460376,1,0.0510000000000002
