"sim_id","n","method","component","mu_true","estimate","lower","upper","covered","elapsed_seconds"
486,100,"Gibbs","mu_1",0,0.186134532628445,-0.266053081843001,0.642840569161363,1,4.631
486,100,"Gibbs","mu_2",5,5.13521158209543,4.6549535007425,5.62991268843163,1,4.631
486,100,"Gibbs","mu_3",10,9.52748330723438,9.15210328554264,9.89145906287617,0,4.631
486,100,"Gibbs","mu_4",20,20.0907165044176,19.7281999869356,20.4489276915762,1,4.631
486,100,"VI","mu_1",0,-1.6019510320411e-19,-19.6,19.6,1,0.0540000000000003
486,100,"VI","mu_2",5,0.60781452883964,0.200312776191905,1.01531628148737,0,0.0540000000000003
486,100,"VI","mu_3",10,7.98591482775181,7.70267626467763,8.26915339082599,0,0.0540000000000003
486,100,"VI","mu_4",20,20.0937853205766,19.7298851937439,20.4576854474094,1,0.0540000000000003
