"sim_id","n","method","component","mu_true","estimate","lower","upper","covered","elapsed_seconds"
34,100,"Gibbs","mu_1",0,0.202342933151491,-0.288701644612714,0.694758281176399,1,5.559
34,100,"Gibbs","mu_2",5,4.80978127907463,4.34137285368027,5.26115026475516,1,5.559
34,100,"Gibbs","mu_3",10,9.92914705357469,9.54874333848982,10.3063370740917,1,5.559
34,100,"Gibbs","mu_4",20,20.0527521208788,19.7220272673699,20.3913153518201,1,5.559
34,100,"VI","mu_1",0,-1.0247437180577e-07,-19.5999996757168,19.5999994707681,1,0.0510000000000002
34,100,"VI","mu_2",5,-1.0247437180577e-07,-19.5999996757168,19.5999994707681,1,0.0510000000000002
34,100,"VI","mu_3",10,5.52943447564937,5.28817946559658,5.77068948570215,0,0.0510000000000002
34,100,"VI","mu_4",20,20.0495302135317,19.7134801534995,20.385580273564,1,0.0510000000000002
