"sim_id","n","method","component","mu_true","estimate","lower","upper","covered","elapsed_seconds"
223,100,"Gibbs","mu_1",0,0.0658389572237636,-0.360936953978668,0.507110653913077,1,5.528
223,100,"Gibbs","mu_2",5,4.71109324860075,4.26019638846123,5.15018700472718,1,5.528
223,100,"Gibbs","mu_3",10,10.0424343372635,9.68325169270589,10.410847798429,1,5.528
223,100,"Gibbs","mu_4",20,20.2803060721443,19.8654733874922,20.6926174155923,1,5.528
223,100,"VI","mu_1",0,0.0693094907457218,-0.338847261124452,0.477466242615895,1,0.0519999999999996
223,100,"VI","mu_2",5,4.71867769059696,4.31491197178517,5.12244340940876,1,0.0519999999999996
223,100,"VI","mu_3",10,10.0479965121333,9.69825197896169,10.397741045305,1,0.0519999999999996
223,100,"VI","mu_4",20,20.2759271766224,19.8581487114349,20.6937056418099,1,0.0519999999999996
