"sim_id","n","method","component","mu_true","estimate","lower","upper","covered","elapsed_seconds"
36,100,"Gibbs","mu_1",0,0.179189191056056,-0.212801381271578,0.557841713615319,1,5.542
36,100,"Gibbs","mu_2",5,4.45879548395303,3.91302894655725,5.00674079163179,1,5.542
36,100,"Gibbs","mu_3",10,10.1139385976471,9.71233392331113,10.4953047067559,1,5.542
36,100,"Gibbs","mu_4",20,19.662034592715,19.2651662043818,20.0523329021563,1,5.542
36,100,"VI","mu_1",0,-3.38444793108636e-18,-19.6,19.6,1,0.048
36,100,"VI","mu_2",5,-3.38444793108636e-18,-19.6,19.6,1,0.048
36,100,"VI","mu_3",10,1.73696838200989,1.45412197151029,2.01981479250949,0,0.048
36,100,"VI","mu_4",20,14.7116197009883,14.439819886408,14.9834195155686,0,0.048
