"sim_id","n","method","component","mu_true","estimate","lower","upper","covered","elapsed_seconds"
379,100,"Gibbs","mu_1",0,-0.1020532663328,-0.563287148776999,0.373864546673937,1,5.534
379,100,"Gibbs","mu_2",5,5.13345086925385,4.74794644381138,5.51455982011361,1,5.534
379,100,"Gibbs","mu_3",10,10.0592782134713,9.66169560411601,10.4620028951244,1,5.534
379,100,"Gibbs","mu_4",20,20.3026657065606,19.885241003533,20.7120729921765,1,5.534
379,100,"VI","mu_1",0,-0.103455392878625,-0.532873169310333,0.325962383553082,1,0.0529999999999999
379,100,"VI","mu_2",5,5.13745989020152,4.78559216110158,5.48932761930147,1,0.0529999999999999
379,100,"VI","mu_3",10,10.0657497927199,9.68260553805634,10.4488940473835,1,0.0529999999999999
379,100,"VI","mu_4",20,20.2992862283279,19.8815077631348,20.717064693521,1,0.0529999999999999
