"sim_id","n","method","component","mu_true","estimate","lower","upper","covered","elapsed_seconds"
41,100,"Gibbs","mu_1",0,-0.022864403640919,-0.420253190736057,0.383555069827831,1,5.516
41,100,"Gibbs","mu_2",5,5.0297515746638,4.63025931556871,5.42393911122436,1,5.516
41,100,"Gibbs","mu_3",10,9.69286107606207,9.31283180995668,10.0833364316813,1,5.516
41,100,"Gibbs","mu_4",20,19.8792876198224,19.4228326087768,20.3242734478009,1,5.516
41,100,"VI","mu_1",0,-3.25917219532539e-10,-19.5999999986049,19.5999999979531,1,0.0519999999999996
41,100,"VI","mu_2",5,-3.25917219532539e-10,-19.5999999986049,19.5999999979531,1,0.0519999999999996
41,100,"VI","mu_3",10,5.05777972219673,4.83999643210045,5.27556301229301,0,0.0519999999999996
41,100,"VI","mu_4",20,19.8768299098419,19.4274599802299,20.326199839454,1,0.0519999999999996
