"sim_id","n","method","component","mu_true","estimate","lower","upper","covered","elapsed_seconds"
243,100,"Gibbs","mu_1",0,0.243338778432995,-0.165026564990938,0.642264149517718,1,5.2
243,100,"Gibbs","mu_2",5,5.208788210549,4.72976867850047,5.69570898126256,1,5.2
243,100,"Gibbs","mu_3",10,10.0689301684308,9.6953149483066,10.4515467666192,1,5.2
243,100,"Gibbs","mu_4",20,20.2628527175533,19.8661764386865,20.6653054418974,1,5.2
243,100,"VI","mu_1",0,-1.16355674266882e-18,-19.6,19.6,1,0.0509999999999993
243,100,"VI","mu_2",5,1.19726783616044,0.869581821193714,1.52495385112717,0,0.0509999999999993
243,100,"VI","mu_3",10,8.80329687651786,8.49433313030389,9.11226062273184,0,0.0509999999999993
243,100,"VI","mu_4",20,20.2586473888878,19.8586473888878,20.6586473888878,1,0.0509999999999993
