"sim_id","n","method","component","mu_true","estimate","lower","upper","covered","elapsed_seconds"
168,100,"Gibbs","mu_1",0,-0.0601635599913158,-0.483365562279583,0.36396878009036,1,5.534
168,100,"Gibbs","mu_2",5,4.9185801520413,4.44862769612865,5.37872648941288,1,5.534
168,100,"Gibbs","mu_3",10,9.81511423905932,9.47808039007202,10.1576243555856,1,5.534
168,100,"Gibbs","mu_4",20,20.3153592486681,19.8183512186927,20.8066205719786,1,5.534
168,100,"VI","mu_1",0,-1.74197004210472e-17,-19.6,19.6,1,0.0609999999999999
168,100,"VI","mu_2",5,1.50518772935081,1.18779138772929,1.82258407097232,0,0.0609999999999999
168,100,"VI","mu_3",10,9.00956070412517,8.72331905087507,9.29580235737526,0,0.0609999999999999
168,100,"VI","mu_4",20,20.3144437141856,19.8085424959244,20.8203449324469,1,0.0609999999999999
