"sim_id","n","method","component","mu_true","estimate","lower","upper","covered","elapsed_seconds"
216,100,"Gibbs","mu_1",0,0.233641577051548,-0.248058156199061,0.713138016604085,1,5.519
216,100,"Gibbs","mu_2",5,4.93677347737779,4.57162443663237,5.29820036653377,1,5.519
216,100,"Gibbs","mu_3",10,10.2156804551487,9.81445691678416,10.6251958017745,1,5.519
216,100,"Gibbs","mu_4",20,20.0107019303316,19.6360914406185,20.3885821551782,1,5.519
216,100,"VI","mu_1",0,-1.71673955812747e-16,-19.6,19.6,1,0.0510000000000002
216,100,"VI","mu_2",5,3.18465068697151,2.89787395470304,3.47142741923998,0,0.0510000000000002
216,100,"VI","mu_3",10,10.0925663078411,9.71043864632833,10.4746939693538,1,0.0510000000000002
216,100,"VI","mu_4",20,20.0122716904745,19.6351393474613,20.3894040334877,1,0.0510000000000002
