"sim_id","n","method","component","mu_true","estimate","lower","upper","covered","elapsed_seconds"
310,100,"Gibbs","mu_1",0,-0.0596408328069503,-0.446579817433949,0.335347900733583,1,5.273
310,100,"Gibbs","mu_2",5,5.03244515419265,4.60554339533169,5.45540862098704,1,5.273
310,100,"Gibbs","mu_3",10,9.71136840853083,9.32296000491938,10.1050882445373,1,5.273
310,100,"Gibbs","mu_4",20,19.8841879168108,19.4905529025335,20.271484515093,1,5.273
310,100,"VI","mu_1",0,-2.49486491499017e-16,-19.6,19.6,1,0.0510000000000002
310,100,"VI","mu_2",5,-2.49486491499017e-16,-19.6,19.6,1,0.0510000000000002
310,100,"VI","mu_3",10,2.69363692238996,2.4196857789317,2.96758806584821,0,0.0510000000000002
310,100,"VI","mu_4",20,14.7949527876852,14.5144723126773,15.0754332626931,0,0.0510000000000002
