"sim_id","n","method","component","mu_true","estimate","lower","upper","covered","elapsed_seconds"
493,100,"Gibbs","mu_1",0,-0.284779871976695,-0.647445389552178,0.0668458117463989,1,5.539
493,100,"Gibbs","mu_2",5,5.06166479480416,4.49865752535277,5.6402867727264,1,5.539
493,100,"Gibbs","mu_3",10,9.87726883839181,9.52933447086769,10.2193993794163,1,5.539
493,100,"Gibbs","mu_4",20,20.1160234919823,19.7190296566001,20.5237764121337,1,5.539
493,100,"VI","mu_1",0,-0.284490713618499,-0.64239240708898,0.0734109798519823,1,0.0510000000000002
493,100,"VI","mu_2",5,5.05635822532754,4.51599617048287,5.59672028017221,1,0.0510000000000002
493,100,"VI","mu_3",10,9.87440823947686,9.53260891826153,10.2162075606922,1,0.0510000000000002
493,100,"VI","mu_4",20,20.1146030709282,19.7146030709282,20.5146030709282,1,0.0510000000000002
