"sim_id","n","method","component","mu_true","estimate","lower","upper","covered","elapsed_seconds"
121,100,"Gibbs","mu_1",0,0.182372669252239,-0.181683257239712,0.548304241281449,1,5.49
121,100,"Gibbs","mu_2",5,5.15621161854271,4.7661207446103,5.55060661384039,1,5.49
121,100,"Gibbs","mu_3",10,9.72227079601531,9.22334456872108,10.2243271844627,1,5.49
121,100,"Gibbs","mu_4",20,19.5022259011549,19.122266205707,19.8765635225088,0,5.49
121,100,"VI","mu_1",0,5.12406428888909e-20,-19.6,19.6,1,0.0499999999999998
121,100,"VI","mu_2",5,0.243022694496322,-0.107860054396303,0.593905443388947,0,0.0499999999999998
121,100,"VI","mu_3",10,6.93654785811412,6.63345440188677,7.23964131434146,0,0.0499999999999998
121,100,"VI","mu_4",20,19.500997334094,19.1238649910809,19.8781296771072,0,0.0499999999999998
