"sim_id","n","method","component","mu_true","estimate","lower","upper","covered","elapsed_seconds"
283,100,"Gibbs","mu_1",0,-0.203297424354222,-0.653465366999044,0.238860333995807,1,5.552
283,100,"Gibbs","mu_2",5,4.87433167857917,4.47633912265097,5.27062318635721,1,5.552
283,100,"Gibbs","mu_3",10,10.1323236705016,9.77981235334527,10.4909057085979,1,5.552
283,100,"Gibbs","mu_4",20,19.8618055046697,19.4562368652914,20.260575598529,1,5.552
283,100,"VI","mu_1",0,-1.06672821752416e-16,-19.6,19.6,1,0.0540000000000003
283,100,"VI","mu_2",5,2.41202159558988,2.11200351452405,2.7120396766557,0,0.0540000000000003
283,100,"VI","mu_3",10,9.86706177550672,9.52761732524999,10.2065062257635,1,0.0540000000000003
283,100,"VI","mu_4",20,19.8574099226457,19.4574099226457,20.2574099226457,1,0.0540000000000003
