"sim_id","n","method","component","mu_true","estimate","lower","upper","covered","elapsed_seconds"
347,100,"Gibbs","mu_1",0,0.11164916561168,-0.26991430126929,0.498832745211258,1,5.542
347,100,"Gibbs","mu_2",5,5.16373530297752,4.71567553438876,5.6414890340921,1,5.542
347,100,"Gibbs","mu_3",10,10.0340796102153,9.65558397518084,10.4149738733062,1,5.542
347,100,"Gibbs","mu_4",20,20.5728352381951,20.1838042151172,20.9672186534866,0,5.542
347,100,"VI","mu_1",0,-1.98933742641209e-18,-19.6,19.6,1,0.0510000000000002
347,100,"VI","mu_2",5,1.37708300825333,1.06708400394361,1.68708201256304,0,0.0510000000000002
347,100,"VI","mu_3",10,9.16853253152196,8.83744350146665,9.49962156157727,0,0.0510000000000002
347,100,"VI","mu_4",20,20.5724222243799,20.1805006008678,20.9643438478921,0,0.0510000000000002
