"sim_id","n","method","component","mu_true","estimate","lower","upper","covered","elapsed_seconds"
113,100,"Gibbs","mu_1",0,0.024617182473643,-0.348892173876342,0.408998197489031,1,5.539
113,100,"Gibbs","mu_2",5,5.03570449198538,4.56968940197552,5.49775241617238,1,5.539
113,100,"Gibbs","mu_3",10,10.0337198995532,9.6484679541404,10.4162188129927,1,5.539
113,100,"Gibbs","mu_4",20,20.090627862575,19.6813863018357,20.4996617722714,1,5.539
113,100,"VI","mu_1",0,-1.01551677641479e-16,-19.6,19.6,1,0.0490000000000004
113,100,"VI","mu_2",5,-1.01551677641479e-16,-19.6,19.6,1,0.0490000000000004
113,100,"VI","mu_3",10,2.37444780871499,2.10299533609002,2.64590028133996,0,0.0490000000000004
113,100,"VI","mu_4",20,14.7271982775417,14.4439588609015,15.0104376941819,0,0.0490000000000004
