"sim_id","n","method","component","mu_true","estimate","lower","upper","covered","elapsed_seconds"
15,100,"Gibbs","mu_1",0,0.0722912058852461,-0.376920521073442,0.52422481948849,1,5.508
15,100,"Gibbs","mu_2",5,5.24641249494636,4.88388905763385,5.61106604250105,1,5.508
15,100,"Gibbs","mu_3",10,9.68040592986866,9.25684485051605,10.1024195270968,1,5.508
15,100,"Gibbs","mu_4",20,19.8074785071905,19.3630270497473,20.2549528228322,1,5.508
15,100,"VI","mu_1",0,-5.13399569706559e-08,-19.5999998544701,19.5999997517902,1,0.0510000000000002
15,100,"VI","mu_2",5,-5.13399569706559e-08,-19.5999998544701,19.5999997517902,1,0.0510000000000002
15,100,"VI","mu_3",10,5.23918760311415,5.02006663595031,5.45830857027799,0,0.0510000000000002
15,100,"VI","mu_4",20,19.8098993195509,19.3717395222277,20.2480591168741,1,0.0510000000000002
