"sim_id","n","method","component","mu_true","estimate","lower","upper","covered","elapsed_seconds"
435,100,"Gibbs","mu_1",0,-0.0182590817153647,-0.442582429438551,0.417458077225673,1,5.524
435,100,"Gibbs","mu_2",5,4.89612241277291,4.44962315139973,5.33824614152163,1,5.524
435,100,"Gibbs","mu_3",10,9.48021866478998,9.10130585482368,9.85583395305506,0,5.524
435,100,"Gibbs","mu_4",20,19.8349408584964,19.4652321057424,20.2142802767181,1,5.524
435,100,"VI","mu_1",0,-1.5273448185814e-08,-19.5999999607987,19.5999999302518,1,0.0510000000000002
435,100,"VI","mu_2",5,-1.5273448185814e-08,-19.5999999607987,19.5999999302518,1,0.0510000000000002
435,100,"VI","mu_3",10,5.01259406050685,4.7832091150896,5.24197900592409,0,0.0510000000000002
435,100,"VI","mu_4",20,19.8372488864149,19.4601165774959,20.2143811953339,1,0.0510000000000002
