"sim_id","n","method","component","mu_true","estimate","lower","upper","covered","elapsed_seconds"
177,100,"Gibbs","mu_1",0,-0.222027987642443,-0.640584670919829,0.197901981855296,1,5.371
177,100,"Gibbs","mu_2",5,4.82908504249928,4.44931914300821,5.2163412279307,1,5.371
177,100,"Gibbs","mu_3",10,9.97645930366713,9.57958675156292,10.3827727269697,1,5.371
177,100,"Gibbs","mu_4",20,20.3719510924865,19.9865618743395,20.754651189198,1,5.371
177,100,"VI","mu_1",0,-1.86887990614347e-10,-19.5999999992014,19.5999999988276,1,0.0499999999999998
177,100,"VI","mu_2",5,-1.86887990614347e-10,-19.5999999992014,19.5999999988276,1,0.0499999999999998
177,100,"VI","mu_3",10,4.9711236610046,4.74145095016281,5.2007963718464,0,0.0499999999999998
177,100,"VI","mu_4",20,20.3166739946789,19.9408117051734,20.6925362841844,1,0.0499999999999998
