"sim_id","n","method","component","mu_true","estimate","lower","upper","covered","elapsed_seconds"
67,100,"Gibbs","mu_1",0,-0.255733452678299,-0.633330990852126,0.111124074890119,1,5.534
67,100,"Gibbs","mu_2",5,4.99223824868437,4.61253844216692,5.38626889548747,1,5.534
67,100,"Gibbs","mu_3",10,10.1724909557826,9.70672150909711,10.6271723769935,1,5.534
67,100,"Gibbs","mu_4",20,20.4321368573811,20.0148495131624,20.8491055852169,0,5.534
67,100,"VI","mu_1",0,-2.00803486302182e-15,-19.6,19.6,1,0.0510000000000002
67,100,"VI","mu_2",5,-2.00803486302182e-15,-19.6,19.6,1,0.0510000000000002
67,100,"VI","mu_3",10,2.74595808306283,2.49899408686679,2.99292207925886,0,0.0510000000000002
67,100,"VI","mu_4",20,16.4124270269676,16.0903524369847,16.7345016169506,0,0.0510000000000002
