"sim_id","n","method","component","mu_true","estimate","lower","upper","covered","elapsed_seconds"
184,100,"Gibbs","mu_1",0,0.441097626408676,0.0243746910863016,0.846003922636356,0,5.516
184,100,"Gibbs","mu_2",5,4.96146069139217,4.50482615847304,5.41439037033974,1,5.516
184,100,"Gibbs","mu_3",10,10.1555746355078,9.76954655580651,10.5399872843388,1,5.516
184,100,"Gibbs","mu_4",20,19.922023845909,19.526457797397,20.312686650259,1,5.516
184,100,"VI","mu_1",0,-1.69194379189245e-16,-19.6,19.6,1,0.0529999999999999
184,100,"VI","mu_2",5,2.40239523539811,2.11240699643512,2.6923834743611,0,0.0529999999999999
184,100,"VI","mu_3",10,9.94297439600997,9.58111013215943,10.3048386598605,1,0.0529999999999999
184,100,"VI","mu_4",20,19.9229762433705,19.5310546198585,20.3148978668824,1,0.0529999999999999
