"sim_id","n","method","component","mu_true","estimate","lower","upper","covered","elapsed_seconds"
396,100,"Gibbs","mu_1",0,0.272010497572004,-0.0849746231411472,0.628144422625485,1,5.506
396,100,"Gibbs","mu_2",5,5.44618500328628,4.9679308893315,5.92843261746767,1,5.506
396,100,"Gibbs","mu_3",10,10.3356330229986,9.87065641055542,10.8018450903788,1,5.506
396,100,"Gibbs","mu_4",20,19.8819174256973,19.5102351964247,20.2525473163746,1,5.506
396,100,"VI","mu_1",0,-7.47089515630177e-13,-19.5999999999968,19.5999999999953,1,0.0529999999999999
396,100,"VI","mu_2",5,-7.47089515630177e-13,-19.5999999999968,19.5999999999953,1,0.0529999999999999
396,100,"VI","mu_3",10,4.17972933026533,3.94421591535727,4.4152427451734,0,0.0529999999999999
396,100,"VI","mu_4",20,18.9503905808179,18.5969950482636,19.3037861133722,0,0.0529999999999999
