"sim_id","n","method","component","mu_true","estimate","lower","upper","covered","elapsed_seconds"
441,100,"Gibbs","mu_1",0,-0.0450622539096757,-0.472869240275855,0.386590365483185,1,5.531
441,100,"Gibbs","mu_2",5,5.00345490224626,4.64705671700842,5.36076629506699,1,5.531
441,100,"Gibbs","mu_3",10,10.3022147511067,9.86002309576297,10.7505707572771,1,5.531
441,100,"Gibbs","mu_4",20,20.1270512319116,19.7657766001052,20.4898660933821,1,5.531
441,100,"VI","mu_1",0,-0.0495851595912671,-0.464682284543221,0.365511965360687,1,0.0519999999999996
441,100,"VI","mu_2",5,5.0023356871872,4.64873196550833,5.35593940886606,1,0.0519999999999996
441,100,"VI","mu_3",10,10.3014441101746,9.85191560119682,10.7509726191524,1,0.0519999999999996
441,100,"VI","mu_4",20,20.1299348433606,19.7595957858825,20.5002739008386,1,0.0519999999999996
