"sim_id","n","method","component","mu_true","estimate","lower","upper","covered","elapsed_seconds"
210,100,"Gibbs","mu_1",0,0.0422400504275269,-0.344341532869368,0.435228375168458,1,5.538
210,100,"Gibbs","mu_2",5,5.04985902421724,4.61562425808013,5.49579929110735,1,5.538
210,100,"Gibbs","mu_3",10,10.1354594749146,9.73682093606169,10.5432959288466,1,5.538
210,100,"Gibbs","mu_4",20,20.2723515151429,19.8769822067064,20.6679977251644,1,5.538
210,100,"VI","mu_1",0,-1.90784643144284e-19,-19.6,19.6,1,0.0520000000000005
210,100,"VI","mu_2",5,0.481894003045383,0.13970929839656,0.824078707694206,0,0.0520000000000005
210,100,"VI","mu_3",10,8.02704268567726,7.72887667165889,8.32520869969563,0,0.0520000000000005
210,100,"VI","mu_4",20,20.2728105327656,19.8728105327656,20.6728105327656,1,0.0520000000000005
