"sim_id","n","method","component","mu_true","estimate","lower","upper","covered","elapsed_seconds"
325,100,"Gibbs","mu_1",0,0.0674391772106052,-0.310957854217903,0.443176526433856,1,5.509
325,100,"Gibbs","mu_2",5,5.13874597602666,4.71910505765132,5.55700626230459,1,5.509
325,100,"Gibbs","mu_3",10,9.99800006587748,9.52469916803244,10.462478711118,1,5.509
325,100,"Gibbs","mu_4",20,19.5862481858658,19.1951348646502,19.9685148152438,0,5.509
325,100,"VI","mu_1",0,-1.04848340054116e-19,-19.6,19.6,1,0.048
325,100,"VI","mu_2",5,0.387815044149117,0.0426493075606008,0.732980780737634,0,0.048
325,100,"VI","mu_3",10,7.55044921257505,7.24720279230829,7.85369563284182,0,0.048
325,100,"VI","mu_4",20,19.5841817898742,19.1998680645355,19.9684955152128,0,0.048
