"sim_id","n","method","component","mu_true","estimate","lower","upper","covered","elapsed_seconds"
146,100,"Gibbs","mu_1",0,-0.23224005885215,-0.606859075518946,0.152961537445572,1,5.5
146,100,"Gibbs","mu_2",5,4.98326007726579,4.56193165676144,5.38579048894201,1,5.5
146,100,"Gibbs","mu_3",10,9.76488763622228,9.32575707014249,10.195449376937,1,5.5
146,100,"Gibbs","mu_4",20,19.9560450995901,19.6013718112054,20.3175944866669,1,5.5
146,100,"VI","mu_1",0,-0.231591883083816,-0.60882463701172,0.145640870844088,1,0.0500000000000007
146,100,"VI","mu_2",5,4.98883381443986,4.58034160096806,5.39732602791166,1,0.0500000000000007
146,100,"VI","mu_3",10,9.76974489233653,9.34216298888498,10.1973267957881,1,0.0500000000000007
146,100,"VI","mu_4",20,19.9546332580357,19.590733131202,20.3185333848693,1,0.0500000000000007
