"sim_id","n","method","component","mu_true","estimate","lower","upper","covered","elapsed_seconds"
424,100,"Gibbs","mu_1",0,0.218120724393282,-0.234342677184642,0.669242942446874,1,5.361
424,100,"Gibbs","mu_2",5,5.42449960378664,5.00510730260695,5.82866822084752,0,5.361
424,100,"Gibbs","mu_3",10,10.1949957055869,9.78673054603354,10.609121894697,1,5.361
424,100,"Gibbs","mu_4",20,20.2699824865937,19.903982976655,20.6456484178437,1,5.361
424,100,"VI","mu_1",0,-2.08041286898344e-17,-19.6,19.6,1,0.0659999999999998
424,100,"VI","mu_2",5,2.01172318786613,1.67785344177687,2.34559293395538,0,0.0659999999999998
424,100,"VI","mu_3",10,8.79219794740724,8.47654732031225,9.10784857450223,0,0.0659999999999998
424,100,"VI","mu_4",20,20.2716146037051,19.8944822606922,20.648746946718,1,0.0659999999999998
