"sim_id","n","method","component","mu_true","estimate","lower","upper","covered","elapsed_seconds"
487,100,"Gibbs","mu_1",0,-0.112929583010912,-0.54638676942335,0.314353488120435,1,5.499
487,100,"Gibbs","mu_2",5,4.97874464394547,4.5674678004232,5.38104400225858,1,5.499
487,100,"Gibbs","mu_3",10,10.1242506422226,9.66520194949177,10.5641000028451,1,5.499
487,100,"Gibbs","mu_4",20,19.9545627700422,19.6051068321843,20.3042931183451,1,5.499
487,100,"VI","mu_1",0,-2.93912044123733e-19,-19.6,19.6,1,0.0549999999999997
487,100,"VI","mu_2",5,0.540374916940658,0.170568997460916,0.910180836420401,0,0.0549999999999997
487,100,"VI","mu_3",10,7.59239455963735,7.28970468765456,7.89508443162013,0,0.0549999999999997
487,100,"VI","mu_4",20,19.9543463961645,19.5965606179224,20.3121321744065,1,0.0549999999999997
