"sim_id","n","method","component","mu_true","estimate","lower","upper","covered","elapsed_seconds"
174,100,"Gibbs","mu_1",0,0.410868494792134,0.013213342407511,0.810103516278457,0,5.431
174,100,"Gibbs","mu_2",5,4.60789918494176,4.0786961628456,5.12701219752876,1,5.431
174,100,"Gibbs","mu_3",10,10.0938332141693,9.71224752807971,10.4961996194697,1,5.431
174,100,"Gibbs","mu_4",20,19.8821201929917,19.4972270566556,20.2694666539004,1,5.431
174,100,"VI","mu_1",0,0.415521352095958,0.0493988807231635,0.781643823468752,0,0.0510000000000002
174,100,"VI","mu_2",5,4.61760183237487,4.18032710940741,5.05487655534233,1,0.0510000000000002
174,100,"VI","mu_3",10,10.0994783320624,9.71714409483223,10.4818125692925,1,0.0510000000000002
174,100,"VI","mu_4",20,19.8818249323224,19.4899033088139,20.2737465558308,1,0.0510000000000002
