"sim_id","n","method","component","mu_true","estimate","lower","upper","covered","elapsed_seconds"
164,100,"Gibbs","mu_1",0,0.0707617514421147,-0.332202862605409,0.473680298106907,1,5.503
164,100,"Gibbs","mu_2",5,4.98727284960399,4.60316068140995,5.36705073321943,1,5.503
164,100,"Gibbs","mu_3",10,10.0786526327946,9.72970042168616,10.4335282311242,1,5.503
164,100,"Gibbs","mu_4",20,20.0507767958621,19.5389374879595,20.559369223887,1,5.503
164,100,"VI","mu_1",0,-6.0350592006431e-17,-19.6,19.6,1,0.0600000000000005
164,100,"VI","mu_2",5,2.27110704784316,1.99192583029053,2.55028826539579,0,0.0600000000000005
164,100,"VI","mu_3",10,9.57394306301392,9.24605439241847,9.90183173360938,0,0.0600000000000005
164,100,"VI","mu_4",20,20.0523806694525,19.5464794516981,20.5582818872069,1,0.0600000000000005
