"sim_id","n","method","component","mu_true","estimate","lower","upper","covered","elapsed_seconds"
166,100,"Gibbs","mu_1",0,-0.0842481945468914,-0.510009291263218,0.360140194507293,1,5.542
166,100,"Gibbs","mu_2",5,4.98933471159634,4.62714383803579,5.35085421726567,1,5.542
166,100,"Gibbs","mu_3",10,10.0887286379189,9.659467724293,10.5287246729116,1,5.542
166,100,"Gibbs","mu_4",20,19.9207867329294,19.5329277441621,20.3163215186508,1,5.542
166,100,"VI","mu_1",0,-2.09662977884932e-16,-19.6,19.6,1,0.0510000000000002
166,100,"VI","mu_2",5,2.87301885096129,2.60063181800135,3.14540588392124,0,0.0510000000000002
166,100,"VI","mu_3",10,9.87072593784464,9.46417716480381,10.2772747108855,1,0.0510000000000002
166,100,"VI","mu_4",20,19.9184344205588,19.5265127970467,20.310356044071,1,0.0510000000000002
