"sim_id","n","method","component","mu_true","estimate","lower","upper","covered","elapsed_seconds"
397,100,"Gibbs","mu_1",0,0.108017645291534,-0.262380611880277,0.477653008641231,1,5.502
397,100,"Gibbs","mu_2",5,5.39207023466825,4.89160554966036,5.89331013852723,1,5.502
397,100,"Gibbs","mu_3",10,10.1793546669494,9.79727165572324,10.5599880293763,1,5.502
397,100,"Gibbs","mu_4",20,19.677601870807,19.2782486244422,20.0851948656417,1,5.502
397,100,"VI","mu_1",0,-1.34970474083779e-16,-19.6,19.6,1,0.0510000000000002
397,100,"VI","mu_2",5,-1.34970474083779e-16,-19.6,19.6,1,0.0510000000000002
397,100,"VI","mu_3",10,2.18243103245019,1.90189412983173,2.46296793506865,0,0.0510000000000002
397,100,"VI","mu_4",20,14.6696067355085,14.3957081389502,14.9435053320668,0,0.0510000000000002
