"sim_id","n","method","component","mu_true","estimate","lower","upper","covered","elapsed_seconds"
361,100,"Gibbs","mu_1",0,-0.367958624566469,-0.749560445083468,0.0279532181560161,1,5.495
361,100,"Gibbs","mu_2",5,4.86538455535658,4.42993076018036,5.30247149769996,1,5.495
361,100,"Gibbs","mu_3",10,10.4792328132847,10.0862954495847,10.8764126110834,0,5.495
361,100,"Gibbs","mu_4",20,20.2296692459229,19.8673332740751,20.5966164103654,1,5.495
361,100,"VI","mu_1",0,-4.11412762417037e-16,-19.6,19.6,1,0.0519999999999996
361,100,"VI","mu_2",5,-4.11412762417037e-16,-19.6,19.6,1,0.0519999999999996
361,100,"VI","mu_3",10,2.41335409441392,2.13541888924852,2.69128929957932,0,0.0519999999999996
361,100,"VI","mu_4",20,16.2380999677809,15.9617124039774,16.5144875315844,0,0.0519999999999996
