"sim_id","n","method","component","mu_true","estimate","lower","upper","covered","elapsed_seconds"
161,100,"Gibbs","mu_1",0,0.213407043276272,-0.231516504327689,0.654533616518954,1,5.529
161,100,"Gibbs","mu_2",5,5.05950651919961,4.60742429941265,5.53664219857636,1,5.529
161,100,"Gibbs","mu_3",10,10.1628400354452,9.79017435531341,10.5494009529809,1,5.529
161,100,"Gibbs","mu_4",20,19.9644807794245,19.597803663926,20.3382761637013,1,5.529
161,100,"VI","mu_1",0,-1.16786860723364e-10,-19.5999999988741,19.5999999986406,1,0.0490000000000004
161,100,"VI","mu_2",5,-1.16786860723364e-10,-19.5999999988741,19.5999999986406,1,0.0490000000000004
161,100,"VI","mu_3",10,5.70558376142706,5.47299093497227,5.93817658788184,0,0.0490000000000004
161,100,"VI","mu_4",20,19.9611063287729,19.5972062044229,20.3250064531229,1,0.0490000000000004
