"sim_id","n","method","component","mu_true","estimate","lower","upper","covered","elapsed_seconds"
106,100,"Gibbs","mu_1",0,0.0001213110753505,-0.369882820200846,0.373347550970685,1,5.55
106,100,"Gibbs","mu_2",5,4.49307675469445,4.00576389984176,4.97334603063517,0,5.55
106,100,"Gibbs","mu_3",10,9.68386452464388,9.2813525141227,10.1015110306677,1,5.55
106,100,"Gibbs","mu_4",20,20.1614487674976,19.7499212423969,20.5772612451229,1,5.55
106,100,"VI","mu_1",0,-8.10255703419267e-18,-19.6,19.6,1,0.0519999999999996
106,100,"VI","mu_2",5,1.46833782564428,1.18660902066395,1.75006663062462,0,0.0519999999999996
106,100,"VI","mu_3",10,9.07253260135356,8.71832583207413,9.426739370633,0,0.0519999999999996
106,100,"VI","mu_4",20,20.1577655340992,19.7301602678969,20.5853708003015,1,0.0519999999999996
