"sim_id","n","method","component","mu_true","estimate","lower","upper","covered","elapsed_seconds"
290,100,"Gibbs","mu_1",0,-0.471007148011567,-0.845996709968431,-0.107071854414486,0,5.529
290,100,"Gibbs","mu_2",5,4.92321428860392,4.5598068667049,5.28878010090848,1,5.529
290,100,"Gibbs","mu_3",10,10.0886542704727,9.68587616296593,10.488231229221,1,5.529
290,100,"Gibbs","mu_4",20,20.0240022052084,19.558553550776,20.4925256510974,1,5.529
290,100,"VI","mu_1",0,-0.47019545104093,-0.840711217982695,-0.0996796840991655,0,0.0509999999999993
290,100,"VI","mu_2",5,4.92646474036596,4.567928780464,5.28500070026792,1,0.0509999999999993
290,100,"VI","mu_3",10,10.0865784101969,9.68783990955871,10.4853169108352,1,0.0509999999999993
290,100,"VI","mu_4",20,20.0225137061625,19.5606655491287,20.4843618631962,1,0.0509999999999993
