"sim_id","n","method","component","mu_true","estimate","lower","upper","covered","elapsed_seconds"
204,100,"Gibbs","mu_1",0,0.0891002675057733,-0.348824839505149,0.527162146119434,1,5.563
204,100,"Gibbs","mu_2",5,5.0419530425887,4.64090372012012,5.45894526250429,1,5.563
204,100,"Gibbs","mu_3",10,10.002947697638,9.61657403521871,10.3931835274825,1,5.563
204,100,"Gibbs","mu_4",20,19.9172949100435,19.4814725233208,20.3543847149699,1,5.563
204,100,"VI","mu_1",0,-8.8340112128987e-18,-19.6,19.6,1,0.0530000000000008
204,100,"VI","mu_2",5,2.15807028761515,1.85575536431915,2.46038521091114,0,0.0530000000000008
204,100,"VI","mu_3",10,9.19704112446434,8.8790316918029,9.51505055712578,0,0.0530000000000008
204,100,"VI","mu_4",20,19.914502704102,19.4763429067725,20.3526625014316,1,0.0530000000000008
