"sim_id","n","method","component","mu_true","estimate","lower","upper","covered","elapsed_seconds"
446,100,"Gibbs","mu_1",0,-0.0821047309909101,-0.474225963433869,0.309624405272721,1,5.537
446,100,"Gibbs","mu_2",5,5.12865640109695,4.56652840868226,5.69011969469466,1,5.537
446,100,"Gibbs","mu_3",10,10.0177367945054,9.61710282842085,10.4151417748086,1,5.537
446,100,"Gibbs","mu_4",20,19.4813803450862,19.1329766151633,19.8304942424344,0,5.537
446,100,"VI","mu_1",0,-0.0823497921956824,-0.454281399210267,0.289581814818902,1,0.0499999999999998
446,100,"VI","mu_2",5,5.12603983260594,4.63954216468172,5.61253750053015,1,0.0499999999999998
446,100,"VI","mu_3",10,10.0145159281879,9.62273647923475,10.4062953771411,1,0.0499999999999998
446,100,"VI","mu_4",20,19.4818539378722,19.129884310617,19.8338235651274,0,0.0499999999999998
