"sim_id","n","method","component","mu_true","estimate","lower","upper","covered","elapsed_seconds"
91,100,"Gibbs","mu_1",0,0.026070089305791,-0.352248094545671,0.399948765770645,1,5.477
91,100,"Gibbs","mu_2",5,5.27521628246342,4.86577679631347,5.68291536414198,1,5.477
91,100,"Gibbs","mu_3",10,10.266156761777,9.86426915298381,10.6746391741251,1,5.477
91,100,"Gibbs","mu_4",20,20.03098572554,19.6409773509741,20.4174813351465,1,5.477
91,100,"VI","mu_1",0,-3.53897223211844e-19,-19.6,19.6,1,0.0510000000000002
91,100,"VI","mu_2",5,0.540878902187606,0.197767967981515,0.883989836393697,0,0.0510000000000002
91,100,"VI","mu_3",10,8.15674740250553,7.85570036897977,8.45779443603128,0,0.0510000000000002
91,100,"VI","mu_4",20,20.029346146057,19.6374245225458,20.4212677695682,1,0.0510000000000002
