"sim_id","n","method","component","mu_true","estimate","lower","upper","covered","elapsed_seconds"
281,100,"Gibbs","mu_1",0,-0.226109476863749,-0.639027765047018,0.183453904814261,1,5.583
281,100,"Gibbs","mu_2",5,4.77105188611321,4.38111718063125,5.16741732782162,1,5.583
281,100,"Gibbs","mu_3",10,9.87785496986997,9.46693264686577,10.2829071097052,1,5.583
281,100,"Gibbs","mu_4",20,19.6770418663572,19.2323291524409,20.1124796958114,1,5.583
281,100,"VI","mu_1",0,-4.12059087636684e-19,-19.6,19.6,1,0.0709999999999997
281,100,"VI","mu_2",5,0.451561915099583,0.110742970442207,0.792380859756958,0,0.0709999999999997
281,100,"VI","mu_3",10,7.59005262849421,7.3039979778487,7.87610727913972,0,0.0709999999999997
281,100,"VI","mu_4",20,19.6764717793335,19.2383119820038,20.1146315766632,1,0.0709999999999997
