"sim_id","n","method","component","mu_true","estimate","lower","upper","covered","elapsed_seconds"
440,100,"Gibbs","mu_1",0,0.0250042467455915,-0.353929522319007,0.40227909331674,1,5.536
440,100,"Gibbs","mu_2",5,4.78457706383791,4.36874790832286,5.20080339381161,1,5.536
440,100,"Gibbs","mu_3",10,9.87407594455346,9.44175079341261,10.3057639905011,1,5.536
440,100,"Gibbs","mu_4",20,19.8844648041751,19.4706862656021,20.3043079074211,1,5.536
440,100,"VI","mu_1",0,1.18623215262281,0.882701074701987,1.48976323054363,0,0.0679999999999996
440,100,"VI","mu_2",5,8.35749744350177,8.03228601979814,8.6827088672054,0,0.0679999999999996
440,100,"VI","mu_3",10,19.8747159783502,19.284021043775,20.4654109129254,0,0.0679999999999996
440,100,"VI","mu_4",20,19.8750792496584,19.2843865858563,20.4657719134604,1,0.0679999999999996
