"sim_id","n","method","component","mu_true","estimate","lower","upper","covered","elapsed_seconds"
393,100,"Gibbs","mu_1",0,-0.30328156965465,-0.673419041950502,0.0737944301515868,1,5.479
393,100,"Gibbs","mu_2",5,4.88272486665552,4.45174196212709,5.31342256613071,1,5.479
393,100,"Gibbs","mu_3",10,9.81605572216941,9.37149215708319,10.2678439963383,1,5.479
393,100,"Gibbs","mu_4",20,19.9577397531077,19.5998634050278,20.3133280455509,1,5.479
393,100,"VI","mu_1",0,-2.11373729401812e-20,-19.6,19.6,1,0.0529999999999999
393,100,"VI","mu_2",5,0.0531835001128737,-0.298349062614503,0.40471606284025,0,0.0529999999999999
393,100,"VI","mu_3",10,7.54802728081749,7.23390545556406,7.86214910607091,0,0.0529999999999999
393,100,"VI","mu_4",20,19.9557574061951,19.5979717283299,20.3135430840604,1,0.0529999999999999
