"sim_id","n","method","component","mu_true","estimate","lower","upper","covered","elapsed_seconds"
120,100,"Gibbs","mu_1",0,0.174360350928468,-0.301388282207399,0.668265356178074,1,5.571
120,100,"Gibbs","mu_2",5,4.84138014075034,4.48293550573492,5.20663493868697,1,5.571
120,100,"Gibbs","mu_3",10,9.86945445650122,9.46914397594623,10.262928181683,1,5.571
120,100,"Gibbs","mu_4",20,19.7887362762042,19.3565144653413,20.2117935384135,1,5.571
120,100,"VI","mu_1",0,-1.05317712897201e-15,-19.6,19.6,1,0.0490000000000004
120,100,"VI","mu_2",5,3.05173431074259,2.77426657748859,3.32920204399659,0,0.0490000000000004
120,100,"VI","mu_3",10,9.68801235278145,9.31840845199739,10.0576162535655,1,0.0490000000000004
120,100,"VI","mu_4",20,19.7886760257673,19.3708975605732,20.2064544909614,1,0.0490000000000004
