"sim_id","n","method","component","mu_true","estimate","lower","upper","covered","elapsed_seconds"
94,100,"Gibbs","mu_1",0,0.093576176372127,-0.351038003275118,0.552771537115485,1,5.548
94,100,"Gibbs","mu_2",5,4.70415269347491,4.2255820468944,5.18929556548211,1,5.548
94,100,"Gibbs","mu_3",10,9.80838889853315,9.46160799896048,10.1602121459303,1,5.548
94,100,"Gibbs","mu_4",20,20.2292874463925,19.8747418178187,20.5715746543496,1,5.548
94,100,"VI","mu_1",0,0.0912004354623486,-0.346902185280871,0.529303056205568,1,0.048
94,100,"VI","mu_2",5,4.70616503067956,4.23081448393082,5.18151557742829,1,0.048
94,100,"VI","mu_3",10,9.80687583295229,9.46046601986973,10.1532856460348,1,0.048
94,100,"VI","mu_4",20,20.2301490983651,19.8781794711099,20.5821187256203,1,0.048
