"sim_id","n","method","component","mu_true","estimate","lower","upper","covered","elapsed_seconds"
445,100,"Gibbs","mu_1",0,-0.0909991115783577,-0.534497251601254,0.360650082121784,1,5.52
445,100,"Gibbs","mu_2",5,5.29598817854168,4.92090607971112,5.66328858490428,1,5.52
445,100,"Gibbs","mu_3",10,10.1657097215215,9.79670751043709,10.5371314395596,1,5.52
445,100,"Gibbs","mu_4",20,20.1209102328441,19.6368210025153,20.6089291466023,1,5.52
445,100,"VI","mu_1",0,-1.52318275047772e-14,-19.6,19.5999999999999,1,0.0620000000000003
445,100,"VI","mu_2",5,2.74996624072606,2.45935455591841,3.04057792553372,0,0.0620000000000003
445,100,"VI","mu_3",10,9.6523918173225,9.33246647283319,9.97231716181181,0,0.0620000000000003
445,100,"VI","mu_4",20,20.1215638705398,19.6463337984707,20.5967939426089,1,0.0620000000000003
