"sim_id","n","method","component","mu_true","estimate","lower","upper","covered","elapsed_seconds"
399,100,"Gibbs","mu_1",0,0.142421916589095,-0.239432221380144,0.537351708904822,1,5.495
399,100,"Gibbs","mu_2",5,4.85790791063961,4.47357678977197,5.23920819072356,1,5.495
399,100,"Gibbs","mu_3",10,10.2591252427567,9.86855508514551,10.6556968008627,1,5.495
399,100,"Gibbs","mu_4",20,19.8324722978234,19.4095541477628,20.2601173496176,1,5.495
399,100,"VI","mu_1",0,2.4426109438409,2.17001471218865,2.71520717549315,0,0.056
399,100,"VI","mu_2",5,10.0935890803172,9.71861728475086,10.4685608758836,0,0.056
399,100,"VI","mu_3",10,19.4978661936445,18.8940531644822,20.1016792228069,0,0.056
399,100,"VI","mu_4",20,20.150440520193,19.5450880002631,20.755793040123,1,0.056
