"sim_id","n","method","component","mu_true","estimate","lower","upper","covered","elapsed_seconds"
192,100,"Gibbs","mu_1",0,-0.187639478850638,-0.630870527029817,0.265599455704661,1,5.509
192,100,"Gibbs","mu_2",5,5.11146494059232,4.65931173573883,5.57547728543938,1,5.509
192,100,"Gibbs","mu_3",10,9.83021415030067,9.43130015596427,10.2237602493127,1,5.509
192,100,"Gibbs","mu_4",20,20.0556712940608,19.656798853979,20.46339350716,1,5.509
192,100,"VI","mu_1",0,-2.44349468510865e-18,-19.6,19.6,1,0.0589999999999993
192,100,"VI","mu_2",5,1.10393017005669,0.761701911373512,1.44615842873986,0,0.0589999999999993
192,100,"VI","mu_3",10,8.50862144842402,8.21048423988983,8.80675865695821,0,0.0589999999999993
192,100,"VI","mu_4",20,20.0550743386458,19.6550743386458,20.4550743386458,1,0.0589999999999993
