"sim_id","n","method","component","mu_true","estimate","lower","upper","covered","elapsed_seconds"
381,100,"Gibbs","mu_1",0,-0.356285082845092,-0.818394649760744,0.102552053230726,1,5.561
381,100,"Gibbs","mu_2",5,4.8975439921785,4.48872588739143,5.32060056834976,1,5.561
381,100,"Gibbs","mu_3",10,9.861451741856,9.40469716504538,10.3345249561454,1,5.561
381,100,"Gibbs","mu_4",20,20.1632785102959,19.7924805509569,20.5283984220981,1,5.561
381,100,"VI","mu_1",0,-0.360381491837835,-0.774380599119242,0.0536176154435723,1,0.0529999999999999
381,100,"VI","mu_2",5,4.88726548894314,4.52811458434815,5.24641639353812,1,0.0529999999999999
381,100,"VI","mu_3",10,9.85500416848067,9.4149047685278,10.2951035684335,1,0.0529999999999999
381,100,"VI","mu_4",20,20.164853110324,19.7945140528479,20.5351921678001,1,0.0529999999999999
