"sim_id","n","method","component","mu_true","estimate","lower","upper","covered","elapsed_seconds"
231,100,"Gibbs","mu_1",0,-0.0999759138819305,-0.4725772034935,0.275118239249861,1,5.335
231,100,"Gibbs","mu_2",5,5.51210621540117,5.01129240913481,6.01288467770611,0,5.335
231,100,"Gibbs","mu_3",10,10.5551717886895,10.1773878553523,10.9391298913464,0,5.335
231,100,"Gibbs","mu_4",20,20.0196183585397,19.6137399767664,20.4314159282076,1,5.335
231,100,"VI","mu_1",0,-3.83297491129791e-19,-19.6,19.6,1,0.0499999999999998
231,100,"VI","mu_2",5,0.530472439447489,0.202761702096824,0.858183176798154,0,0.0499999999999998
231,100,"VI","mu_3",10,9.05700793579814,8.75183271477373,9.36218315682255,0,0.0499999999999998
231,100,"VI","mu_4",20,20.0197436366124,19.6111442526772,20.4283430205477,1,0.0499999999999998
