"sim_id","n","method","component","mu_true","estimate","lower","upper","covered","elapsed_seconds"
317,100,"Gibbs","mu_1",0,0.0980041345145653,-0.327031816623746,0.515894118278985,1,5.538
317,100,"Gibbs","mu_2",5,4.957991985552,4.57168600256808,5.34965706449182,1,5.538
317,100,"Gibbs","mu_3",10,9.60774802450977,9.23227259261243,9.9826676511736,0,5.538
317,100,"Gibbs","mu_4",20,20.2563680005901,19.8051858547021,20.7150070875158,1,5.538
317,100,"VI","mu_1",0,-1.92046129820197e-19,-19.6,19.6,1,0.0570000000000004
317,100,"VI","mu_2",5,0.793795276515948,0.425101617276235,1.16248893575566,0,0.0570000000000004
317,100,"VI","mu_3",10,7.686682030947,7.41684223860117,7.95652182329282,0,0.0570000000000004
317,100,"VI","mu_4",20,20.2573378037491,19.8078012488946,20.7068743586036,1,0.0570000000000004
