"sim_id","n","method","component","mu_true","estimate","lower","upper","covered","elapsed_seconds"
88,100,"Gibbs","mu_1",0,0.483186020142773,0.0770886710797358,0.904284800866935,0,5.423
88,100,"Gibbs","mu_2",5,5.16595856360139,4.74253760192493,5.5965409552807,1,5.423
88,100,"Gibbs","mu_3",10,9.87231596384308,9.48376577792979,10.2644105727961,1,5.423
88,100,"Gibbs","mu_4",20,20.0027426675697,19.5205133960378,20.4854120005627,1,5.423
88,100,"VI","mu_1",0,-1.20842139449836e-16,-19.6,19.6,1,0.0499999999999998
88,100,"VI","mu_2",5,-1.20842139449836e-16,-19.6,19.6,1,0.0499999999999998
88,100,"VI","mu_3",10,2.91130663320171,2.64949313164077,3.17312013476265,0,0.0499999999999998
88,100,"VI","mu_4",20,13.8405443898231,13.5449831130146,14.1361056666316,0,0.0499999999999998
