"sim_id","n","method","component","mu_true","estimate","lower","upper","covered","elapsed_seconds"
415,100,"Gibbs","mu_1",0,0.0633106146697119,-0.292137668690587,0.412495715898946,1,5.473
415,100,"Gibbs","mu_2",5,5.20118263903891,4.78895953552717,5.60168711955743,1,5.473
415,100,"Gibbs","mu_3",10,9.56367741455866,9.14735089993088,9.97464109071448,0,5.473
415,100,"Gibbs","mu_4",20,20.2356832546057,19.7888324607075,20.6839672179851,1,5.473
415,100,"VI","mu_1",0,0.0627573477237141,-0.278834117539995,0.404348812987423,1,0.0489999999999995
415,100,"VI","mu_2",5,5.20170461384415,4.81050425758976,5.59290497009853,1,0.0489999999999995
415,100,"VI","mu_3",10,9.56530450880709,9.1566587972376,9.97395022037658,0,0.0489999999999995
415,100,"VI","mu_4",20,20.2377933933793,19.7882568385248,20.6873299482338,1,0.0489999999999995
