"sim_id","n","method","component","mu_true","estimate","lower","upper","covered","elapsed_seconds"
480,100,"Gibbs","mu_1",0,-0.16779056828596,-0.544593084242419,0.196765711592666,1,5.54
480,100,"Gibbs","mu_2",5,4.89730290138858,4.39871655381797,5.39723209617218,1,5.54
480,100,"Gibbs","mu_3",10,9.71206191535679,9.28732320634919,10.1253779661526,1,5.54
480,100,"Gibbs","mu_4",20,19.7435841830943,19.3536627337846,20.1265823816943,1,5.54
480,100,"VI","mu_1",0,-3.67569173029514e-19,-19.6,19.6,1,0.0609999999999999
480,100,"VI","mu_2",5,0.496271807583947,0.172042958426123,0.820500656741772,0,0.0609999999999999
480,100,"VI","mu_3",10,8.27024109794937,7.94571559130867,8.59476660459007,0,0.0609999999999999
480,100,"VI","mu_4",20,19.7427120388952,19.365579695882,20.1198443819084,1,0.0609999999999999
