"sim_id","n","method","component","mu_true","estimate","lower","upper","covered","elapsed_seconds"
191,100,"Gibbs","mu_1",0,0.221682178548719,-0.16081733429193,0.606878079474427,1,5.497
191,100,"Gibbs","mu_2",5,5.35560222728485,4.83424066917581,5.89924138862872,1,5.497
191,100,"Gibbs","mu_3",10,10.3313005533009,9.86189737243708,10.8229339537579,1,5.497
191,100,"Gibbs","mu_4",20,19.8415019807842,19.5005865718147,20.1800084951741,1,5.497
191,100,"VI","mu_1",0,-1.36608979540405e-14,-19.5999999999999,19.5999999999999,1,0.0530000000000008
191,100,"VI","mu_2",5,-1.36608979540405e-14,-19.5999999999999,19.5999999999999,1,0.0530000000000008
191,100,"VI","mu_3",10,3.66021071043668,3.40261877080101,3.91780265007236,0,0.0530000000000008
191,100,"VI","mu_4",20,18.2462815899385,17.9442929454847,18.5482702343922,0,0.0530000000000008
