"sim_id","n","method","component","mu_true","estimate","lower","upper","covered","elapsed_seconds"
407,100,"Gibbs","mu_1",0,0.0565610902030158,-0.331571513875613,0.449592410852597,1,5.133
407,100,"Gibbs","mu_2",5,4.99038900928365,4.56373542336965,5.41200002590799,1,5.133
407,100,"Gibbs","mu_3",10,9.88311988681735,9.4842360313572,10.2892814232446,1,5.133
407,100,"Gibbs","mu_4",20,19.9213999476057,19.5282734005047,20.3224287792848,1,5.133
407,100,"VI","mu_1",0,-1.49197617339246e-19,-19.6,19.6,1,0.048
407,100,"VI","mu_2",5,0.390339115462484,0.030657595243279,0.75002063568169,0,0.048
407,100,"VI","mu_3",10,7.69973784575264,7.41176868962477,7.98770700188051,0,0.048
407,100,"VI","mu_4",20,19.9153666576633,19.5153666576633,20.3153666576633,1,0.048
