"sim_id","n","method","component","mu_true","estimate","lower","upper","covered","elapsed_seconds"
212,100,"Gibbs","mu_1",0,-0.0109576419043165,-0.421711971608683,0.388942906503706,1,5.538
212,100,"Gibbs","mu_2",5,5.1626188471082,4.73799502771132,5.57528553949607,1,5.538
212,100,"Gibbs","mu_3",10,9.82756712224118,9.40864333012041,10.2519472353593,1,5.538
212,100,"Gibbs","mu_4",20,20.0256897458706,19.6356566115367,20.4150668105943,1,5.538
212,100,"VI","mu_1",0,-2.0304860327233e-19,-19.6,19.6,1,0.0519999999999996
212,100,"VI","mu_2",5,0.448038886004079,0.0807964183833602,0.815281353624799,0,0.0519999999999996
212,100,"VI","mu_3",10,7.73709818455482,7.44977994949302,8.02441641961663,0,0.0519999999999996
212,100,"VI","mu_4",20,20.0264612529481,19.6345396294361,20.4183828764601,1,0.0519999999999996
