"sim_id","n","method","component","mu_true","estimate","lower","upper","covered","elapsed_seconds"
364,100,"Gibbs","mu_1",0,0.247849622130221,-0.17115327425962,0.657425595959734,1,5.512
364,100,"Gibbs","mu_2",5,4.89343370053158,4.48523016149525,5.31058453342796,1,5.512
364,100,"Gibbs","mu_3",10,10.0931605828761,9.6689286714555,10.5331778588887,1,5.512
364,100,"Gibbs","mu_4",20,19.6998489814101,19.3278183640611,20.0731155634133,1,5.512
364,100,"VI","mu_1",0,-3.35914056423113e-18,-19.6,19.6,1,0.0580000000000007
364,100,"VI","mu_2",5,1.86686621127394,1.55803326424001,2.17569915830787,0,0.0580000000000007
364,100,"VI","mu_3",10,8.80448941666061,8.45660336166525,9.15237547165597,0,0.0580000000000007
364,100,"VI","mu_4",20,19.7015030372358,19.3311639798027,20.0718420946689,1,0.0580000000000007
