"sim_id","n","method","component","mu_true","estimate","lower","upper","covered","elapsed_seconds"
265,100,"Gibbs","mu_1",0,-0.0497515765423396,-0.41286226327393,0.318906550717459,1,5.482
265,100,"Gibbs","mu_2",5,4.96321295569929,4.55096168318163,5.36820398807271,1,5.482
265,100,"Gibbs","mu_3",10,9.81404740318971,9.41249499985981,10.2208779243349,1,5.482
265,100,"Gibbs","mu_4",20,19.5769999555891,19.1416625575712,20.0127427950921,1,5.482
265,100,"VI","mu_1",0,-3.3511487082237e-19,-19.6,19.6,1,0.0569999999999995
265,100,"VI","mu_2",5,0.524470292128165,0.187991785031207,0.860948799225124,0,0.0569999999999995
265,100,"VI","mu_3",10,7.7577903479315,7.46908306933799,8.04649762652501,0,0.0569999999999995
265,100,"VI","mu_4",20,19.5792393277055,19.1410795303759,20.017399125035,1,0.0569999999999995
