"sim_id","n","method","component","mu_true","estimate","lower","upper","covered","elapsed_seconds"
344,100,"Gibbs","mu_1",0,-0.26560203058423,-0.652711799156622,0.128007308058191,1,5.505
344,100,"Gibbs","mu_2",5,5.14372389743664,4.68660780346096,5.61074433400023,1,5.505
344,100,"Gibbs","mu_3",10,10.1085320366448,9.66380680151333,10.5445744031244,1,5.505
344,100,"Gibbs","mu_4",20,20.0709398509135,19.7205602739659,20.4196594075616,1,5.505
344,100,"VI","mu_1",0,-0.26456014040295,-0.656375338506608,0.127255057700709,1,0.048
344,100,"VI","mu_2",5,5.13913839546107,4.71047029848466,5.56780649243748,1,0.048
344,100,"VI","mu_3",10,10.1077257581201,9.69080323658603,10.5246482796541,1,0.048
344,100,"VI","mu_4",20,20.0682049168979,19.7217767192941,20.4146331145016,1,0.048
