"sim_id","n","method","component","mu_true","estimate","lower","upper","covered","elapsed_seconds"
153,100,"Gibbs","mu_1",0,-0.333273589871281,-0.841809071977923,0.166579356622737,1,5.493
153,100,"Gibbs","mu_2",5,4.91446481229377,4.52438941896735,5.30749807113307,1,5.493
153,100,"Gibbs","mu_3",10,9.73082652076639,9.28834186532873,10.1702806949107,1,5.493
153,100,"Gibbs","mu_4",20,19.9950796902567,19.6449903028268,20.3375040533954,1,5.493
153,100,"VI","mu_1",0,0.0535924266584193,-0.372387459011184,0.479572312328022,1,0.056
153,100,"VI","mu_2",5,7.14495652092027,6.7442857891122,7.54562725272835,0,0.056
153,100,"VI","mu_3",10,7.14495652092027,6.7442857891122,7.54562725272835,0,0.056
153,100,"VI","mu_4",20,19.9936667302192,19.641697102964,20.3456363574743,1,0.056
