"sim_id","n","method","component","mu_true","estimate","lower","upper","covered","elapsed_seconds"
116,100,"Gibbs","mu_1",0,0.100056013140085,-0.266378106939864,0.458831845951256,1,5.507
116,100,"Gibbs","mu_2",5,5.10200926052379,4.65341683001684,5.5467026125045,1,5.507
116,100,"Gibbs","mu_3",10,9.71742467084245,9.27968816081781,10.1657305208453,1,5.507
116,100,"Gibbs","mu_4",20,20.3380972993419,19.9379892238791,20.7426428088386,1,5.507
116,100,"VI","mu_1",0,0.104237908564,-0.247559633197592,0.456035450325593,1,0.0520000000000005
116,100,"VI","mu_2",5,5.10136563945571,4.69524872214468,5.50748255676674,1,0.0520000000000005
116,100,"VI","mu_3",10,9.71792981173162,9.29715339543888,10.1387062280243,1,0.0520000000000005
116,100,"VI","mu_4",20,20.3414684236965,19.9414684236965,20.7414684236965,1,0.0520000000000005
