"sim_id","n","method","component","mu_true","estimate","lower","upper","covered","elapsed_seconds"
496,100,"Gibbs","mu_1",0,-0.00665487107978118,-0.364646514839813,0.345619928306854,1,5.5
496,100,"Gibbs","mu_2",5,4.69466465657549,4.26196985815838,5.12311720285088,1,5.5
496,100,"Gibbs","mu_3",10,9.98961567910528,9.57605975032872,10.410833445471,1,5.5
496,100,"Gibbs","mu_4",20,19.9007128545828,19.5177408652099,20.2954026862353,1,5.5
496,100,"VI","mu_1",0,-0.00792355622333515,-0.360090554065345,0.344243441618675,1,0.0510000000000002
496,100,"VI","mu_2",5,4.6992921907819,4.28165345357579,5.11693092798801,1,0.0510000000000002
496,100,"VI","mu_3",10,9.99299482372454,9.57540622269311,10.410583424756,1,0.0510000000000002
496,100,"VI","mu_4",20,19.9006767390455,19.5087551155331,20.2925983625579,1,0.0510000000000002
