"sim_id","n","method","component","mu_true","estimate","lower","upper","covered","elapsed_seconds"
19,100,"Gibbs","mu_1",0,-0.227412002166379,-0.711800617774146,0.248294635085432,1,5.553
19,100,"Gibbs","mu_2",5,4.86310657654272,4.47129857577723,5.24910237069364,1,5.553
19,100,"Gibbs","mu_3",10,10.0022882941031,9.66170495781429,10.3429165973209,1,5.553
19,100,"Gibbs","mu_4",20,19.8990950907329,19.4962081715942,20.2859040518877,1,5.553
19,100,"VI","mu_1",0,-1.27262273012183e-16,-19.6,19.6,1,0.0490000000000004
19,100,"VI","mu_2",5,2.52969387198351,2.21595233815622,2.8434354058108,0,0.0490000000000004
19,100,"VI","mu_3",10,9.69230240082394,9.36560276981028,10.0190020318376,1,0.0490000000000004
19,100,"VI","mu_4",20,19.8992680692186,19.5073464457063,20.2911896927308,1,0.0490000000000004
