"sim_id","n","method","component","mu_true","estimate","lower","upper","covered","elapsed_seconds"
259,100,"Gibbs","mu_1",0,-0.240650726017435,-0.615699990242191,0.133407850259876,1,5.286
259,100,"Gibbs","mu_2",5,5.23989432140665,4.79498284892126,5.67458485039855,1,5.286
259,100,"Gibbs","mu_3",10,10.1298634505057,9.71858913227352,10.5457192613758,1,5.286
259,100,"Gibbs","mu_4",20,19.9516484019807,19.534568711575,20.3687839763948,1,5.286
259,100,"VI","mu_1",0,-1.54994105576776e-16,-19.6,19.6,1,0.0489999999999995
259,100,"VI","mu_2",5,-1.54994105576776e-16,-19.6,19.6,1,0.0489999999999995
259,100,"VI","mu_3",10,2.27714203570787,2.00315015924903,2.55113391216672,0,0.0489999999999995
259,100,"VI","mu_4",20,14.7967659802824,14.5163292007636,15.0772027598011,0,0.0489999999999995
