"sim_id","n","method","component","mu_true","estimate","lower","upper","covered","elapsed_seconds"
484,100,"Gibbs","mu_1",0,0.360484125451554,-0.0597757658308779,0.778862509669011,1,5.529
484,100,"Gibbs","mu_2",5,4.89604040353932,4.45694569566658,5.31658555946391,1,5.529
484,100,"Gibbs","mu_3",10,10.1680645818034,9.76107880507878,10.5824963285474,1,5.529
484,100,"Gibbs","mu_4",20,20.2122412227678,19.8361263291064,20.5908010463471,1,5.529
484,100,"VI","mu_1",0,-4.79543118571911e-18,-19.6,19.6,1,0.0510000000000002
484,100,"VI","mu_2",5,2.53019133279875,2.23637510884567,2.82400755675183,0,0.0510000000000002
484,100,"VI","mu_3",10,9.85628482845821,9.48927155801807,10.2232980988984,1,0.0510000000000002
484,100,"VI","mu_4",20,20.2085326456633,19.8314003026502,20.5856649886764,1,0.0510000000000002
