"sim_id","n","method","component","mu_true","estimate","lower","upper","covered","elapsed_seconds"
296,100,"Gibbs","mu_1",0,-0.125450895688475,-0.488426642847379,0.238498302474699,1,5.516
296,100,"Gibbs","mu_2",5,4.9241808422983,4.48362049415555,5.37115590469835,1,5.516
296,100,"Gibbs","mu_3",10,9.94316140002889,9.57024942587434,10.3278090861259,1,5.516
296,100,"Gibbs","mu_4",20,20.2083566553465,19.7899305502722,20.6307908352117,1,5.516
296,100,"VI","mu_1",0,-1.66836637759407e-17,-19.6,19.6,1,0.0510000000000002
296,100,"VI","mu_2",5,-1.66836637759407e-17,-19.6,19.6,1,0.0510000000000002
296,100,"VI","mu_3",10,1.93220490544583,1.65616683350084,2.20824297739082,0,0.0510000000000002
296,100,"VI","mu_4",20,14.5116795837485,14.2333876218559,14.7899715456412,0,0.0510000000000002
