"sim_id","n","method","component","mu_true","estimate","lower","upper","covered","elapsed_seconds"
233,100,"Gibbs","mu_1",0,-0.270534836056101,-0.647519406209656,0.112613458336692,1,5.515
233,100,"Gibbs","mu_2",5,5.35962654856244,4.89104401120653,5.82672426006657,1,5.515
233,100,"Gibbs","mu_3",10,9.71252565545872,9.32862555398894,10.0903597994581,1,5.515
233,100,"Gibbs","mu_4",20,19.5448575190869,19.0967426406873,19.9987698619152,0,5.515
233,100,"VI","mu_1",0,-0.0961697408900461,-0.465079042300071,0.272739560519978,1,0.0510000000000002
233,100,"VI","mu_2",5,4.68676737308472e-20,-19.6,19.6,1,0.0510000000000002
233,100,"VI","mu_3",10,8.0036343950225,7.73387902745514,8.27338976258986,0,0.0510000000000002
233,100,"VI","mu_4",20,19.5394373207288,19.0899007658743,19.9889738755833,0,0.0510000000000002
