"sim_id","n","method","component","mu_true","estimate","lower","upper","covered","elapsed_seconds"
266,100,"Gibbs","mu_1",0,-0.416448808534558,-0.827354781908513,0.00128299326133349,1,5.424
266,100,"Gibbs","mu_2",5,4.86091989514306,4.37198906355129,5.35970183901166,1,5.424
266,100,"Gibbs","mu_3",10,9.98180924682049,9.60086974393159,10.358113446624,1,5.424
266,100,"Gibbs","mu_4",20,19.9983799412096,19.6401050447406,20.353876829187,1,5.424
266,100,"VI","mu_1",0,-3.16962857591295e-19,-19.6,19.6,1,0.0539999999999994
266,100,"VI","mu_2",5,0.423752131580877,0.0674076900418117,0.780096573119943,0,0.0539999999999994
266,100,"VI","mu_3",10,8.65584138696706,8.34503060867127,8.96665216526285,0,0.0539999999999994
266,100,"VI","mu_4",20,19.9948840948919,19.6370983166498,20.352669873134,1,0.0539999999999994
