"sim_id","n","method","component","mu_true","estimate","lower","upper","covered","elapsed_seconds"
63,100,"Gibbs","mu_1",0,-0.0373798744701788,-0.42914661783788,0.361159481404546,1,5.555
63,100,"Gibbs","mu_2",5,4.79187032497003,4.39526381743833,5.17854544368273,1,5.555
63,100,"Gibbs","mu_3",10,9.84046504305528,9.42605917085756,10.2499127867336,1,5.555
63,100,"Gibbs","mu_4",20,20.0748380548148,19.6668804510414,20.4853421625646,1,5.555
63,100,"VI","mu_1",0,-6.54720417335178e-18,-19.6,19.6,1,0.0520000000000005
63,100,"VI","mu_2",5,1.6456948240826,1.34708963885022,1.94430000931497,0,0.0520000000000005
63,100,"VI","mu_3",10,8.68485630195287,8.34840155725827,9.02131104664746,0,0.0520000000000005
63,100,"VI","mu_4",20,20.0773817085408,19.6687822733002,20.4859811437813,1,0.0520000000000005
