"sim_id","n","method","component","mu_true","estimate","lower","upper","covered","elapsed_seconds"
46,100,"Gibbs","mu_1",0,0.0661420789709175,-0.351981277153538,0.489242910520695,1,5.535
46,100,"Gibbs","mu_2",5,4.82110210257645,4.4078163218244,5.23711275486531,1,5.535
46,100,"Gibbs","mu_3",10,9.55122179085432,9.19212074364212,9.9184100161421,0,5.535
46,100,"Gibbs","mu_4",20,19.7987953648492,19.3692839189476,20.2369974928373,1,5.535
46,100,"VI","mu_1",0,-2.17272293706036e-10,-19.5999999987163,19.5999999982818,1,0.0529999999999999
46,100,"VI","mu_2",5,-2.17272293706036e-10,-19.5999999987163,19.5999999982818,1,0.0529999999999999
46,100,"VI","mu_3",10,5.39650061024467,5.17599733711999,5.61700388336936,0,0.0529999999999999
46,100,"VI","mu_4",20,19.7987323333374,19.371127067171,20.2263375995037,1,0.0529999999999999
