"sim_id","n","method","component","mu_true","estimate","lower","upper","covered","elapsed_seconds"
374,100,"Gibbs","mu_1",0,0.08024355811546,-0.322358048043715,0.475941969472775,1,5.494
374,100,"Gibbs","mu_2",5,5.0733637231422,4.63212789852455,5.50083378880546,1,5.494
374,100,"Gibbs","mu_3",10,9.68660293201179,9.29346098078962,10.0834785878469,1,5.494
374,100,"Gibbs","mu_4",20,20.1648996686602,19.7953042097057,20.542970809459,1,5.494
374,100,"VI","mu_1",0,-5.34239303882577e-20,-19.6,19.6,1,0.0510000000000002
374,100,"VI","mu_2",5,0.172174929411074,-0.2157682710177,0.560118129839848,0,0.0510000000000002
374,100,"VI","mu_3",10,7.61166743119775,7.3272639943363,7.8960708680592,0,0.0510000000000002
374,100,"VI","mu_4",20,20.1631745322432,19.78604218923,20.5403068752564,1,0.0510000000000002
