"sim_id","n","method","component","mu_true","estimate","lower","upper","covered","elapsed_seconds"
43,100,"Gibbs","mu_1",0,-0.126656295534481,-0.461953460493552,0.212074251443641,1,5.516
43,100,"Gibbs","mu_2",5,5.09154543568683,4.6342457788109,5.5543848506335,1,5.516
43,100,"Gibbs","mu_3",10,10.0916817307369,9.71570479871968,10.4668523887843,1,5.516
43,100,"Gibbs","mu_4",20,19.7403606842718,19.2641966595275,20.2272163148097,1,5.516
43,100,"VI","mu_1",0,-5.10606440366004e-10,-19.5999999984335,19.5999999974123,1,0.0489999999999995
43,100,"VI","mu_2",5,-5.10606440365664e-10,-19.5999999984335,19.5999999974123,1,0.0489999999999995
43,100,"VI","mu_3",10,4.72320730980153,4.50936649731118,4.93704812229187,0,0.0489999999999995
43,100,"VI","mu_4",20,19.7386963066463,19.2488494596682,20.2285431536245,1,0.0489999999999995
