"sim_id","n","method","component","mu_true","estimate","lower","upper","covered","elapsed_seconds"
427,100,"Gibbs","mu_1",0,0.18728757104753,-0.197178549343253,0.574138330113124,1,5.371
427,100,"Gibbs","mu_2",5,5.24741008578823,4.8168029859455,5.68940903867838,1,5.371
427,100,"Gibbs","mu_3",10,9.87270442705382,9.49571047975601,10.241478981411,1,5.371
427,100,"Gibbs","mu_4",20,19.9721579131776,19.5634343486757,20.3917888638931,1,5.371
427,100,"VI","mu_1",0,0.186181857120458,-0.18833234782683,0.560696062067747,1,0.0500000000000007
427,100,"VI","mu_2",5,5.24097491470587,4.82894636553918,5.65300346387257,1,0.0500000000000007
427,100,"VI","mu_3",10,9.87295226776095,9.49583701152772,10.2500675239942,1,0.0500000000000007
427,100,"VI","mu_4",20,19.9744249617517,19.5658255265111,20.3830243969922,1,0.0500000000000007
