"sim_id","n","method","component","mu_true","estimate","lower","upper","covered","elapsed_seconds"
62,100,"Gibbs","mu_1",0,-0.309109815422391,-0.688852993759768,0.0761466910609006,1,5.561
62,100,"Gibbs","mu_2",5,5.10150254190079,4.66992858044743,5.53414105165148,1,5.561
62,100,"Gibbs","mu_3",10,10.1673888171261,9.82215322758092,10.5129782103313,1,5.561
62,100,"Gibbs","mu_4",20,19.7163704155253,19.2633184810992,20.1718135931173,1,5.561
62,100,"VI","mu_1",0,-0.306185229339029,-0.683897941035953,0.0715274823578963,1,0.0499999999999998
62,100,"VI","mu_2",5,5.10366547799673,4.68684758334586,5.52048337264761,1,0.0499999999999998
62,100,"VI","mu_3",10,10.1652085658069,9.82397184861606,10.5064452829977,1,0.0499999999999998
62,100,"VI","mu_4",20,19.7171954811696,19.2553471446272,20.1790438177121,1,0.0499999999999998
