"sim_id","n","method","component","mu_true","estimate","lower","upper","covered","elapsed_seconds"
332,100,"Gibbs","mu_1",0,-0.18547933456252,-0.590583994173118,0.218791205537036,1,5.526
332,100,"Gibbs","mu_2",5,5.20391098003578,4.73703563376152,5.66729939076541,1,5.526
332,100,"Gibbs","mu_3",10,9.78692396392453,9.34189875780671,10.2254158595182,1,5.526
332,100,"Gibbs","mu_4",20,20.0326945025676,19.6463396869075,20.4088674506199,1,5.526
332,100,"VI","mu_1",0,-0.187684055533643,-0.586133581505064,0.210765470437777,1,0.0490000000000004
332,100,"VI","mu_2",5,5.20806259342628,4.80900249257111,5.60712269428144,1,0.0490000000000004
332,100,"VI","mu_3",10,9.79254811941886,9.39825090686324,10.1868453319745,1,0.0490000000000004
332,100,"VI","mu_4",20,20.0332236240818,19.6560912810686,20.410355967095,1,0.0490000000000004
