"sim_id","n","method","component","mu_true","estimate","lower","upper","covered","elapsed_seconds"
202,100,"Gibbs","mu_1",0,0.200489388444411,-0.263707983175541,0.664013037578116,1,5.514
202,100,"Gibbs","mu_2",5,4.57678160295032,4.15216220395698,5.00532769375798,1,5.514
202,100,"Gibbs","mu_3",10,9.9054921025509,9.55536593878756,10.2641593002159,1,5.514
202,100,"Gibbs","mu_4",20,20.3201788119401,19.914053738728,20.7257420553148,1,5.514
202,100,"VI","mu_1",0,-2.59923244501248e-17,-19.6,19.6,1,0.0499999999999998
202,100,"VI","mu_2",5,2.51144371064916,2.22186632182424,2.80102109947407,0,0.0499999999999998
202,100,"VI","mu_3",10,9.76172801245231,9.41636426383219,10.1070917610724,1,0.0499999999999998
202,100,"VI","mu_4",20,20.3221105672064,19.9043321020137,20.7398890323992,1,0.0499999999999998
