"sim_id","n","method","component","mu_true","estimate","lower","upper","covered","elapsed_seconds"
133,100,"Gibbs","mu_1",0,0.121407411983471,-0.316761938480126,0.556982095217345,1,5.571
133,100,"Gibbs","mu_2",5,4.94573410474878,4.53735505698005,5.3574526805633,1,5.571
133,100,"Gibbs","mu_3",10,10.1891025116477,9.82410316130758,10.5580759415241,1,5.571
133,100,"Gibbs","mu_4",20,20.4026164529528,20.0014615484674,20.8141286012272,0,5.571
133,100,"VI","mu_1",0,-8.79910340006303e-09,-19.5999999612912,19.599999943693,1,0.0550000000000006
133,100,"VI","mu_2",5,-8.79910340006303e-09,-19.5999999612912,19.599999943693,1,0.0550000000000006
133,100,"VI","mu_3",10,5.5424915014132,5.31914327420021,5.76583972862618,0,0.0550000000000006
133,100,"VI","mu_4",20,20.4026730358155,19.994073600653,20.8112724709781,1,0.0550000000000006
