"sim_id","n","method","component","mu_true","estimate","lower","upper","covered","elapsed_seconds"
189,100,"Gibbs","mu_1",0,0.0392924184917247,-0.473601957128341,0.558217710120318,1,5.496
189,100,"Gibbs","mu_2",5,5.20208541893681,4.78926433071598,5.61509329429317,1,5.496
189,100,"Gibbs","mu_3",10,10.0959900158064,9.7006027791912,10.4851357177817,1,5.496
189,100,"Gibbs","mu_4",20,20.0765625836185,19.7273180672918,20.4228292754109,1,5.496
189,100,"VI","mu_1",0,-3.52062373022029e-09,-19.5999999778177,19.5999999707765,1,0.0490000000000004
189,100,"VI","mu_2",5,-3.52062373022029e-09,-19.5999999778177,19.5999999707765,1,0.0490000000000004
189,100,"VI","mu_3",10,5.89485830653482,5.65719075312569,6.13252585994395,0,0.0490000000000004
189,100,"VI","mu_4",20,20.0774339892067,19.7310061501576,20.4238618282559,1,0.0490000000000004
