"sim_id","n","method","component","mu_true","estimate","lower","upper","covered","elapsed_seconds"
77,100,"Gibbs","mu_1",0,0.248355674054372,-0.18196023608615,0.669522804768485,1,5.545
77,100,"Gibbs","mu_2",5,5.24016838398667,4.84500360705172,5.63975549298037,1,5.545
77,100,"Gibbs","mu_3",10,10.1816608701187,9.74892871988409,10.6171524990962,1,5.545
77,100,"Gibbs","mu_4",20,20.2295307398627,19.8840284368364,20.5717821727822,1,5.545
77,100,"VI","mu_1",0,-1.04893785216091e-17,-19.6,19.6,1,0.056
77,100,"VI","mu_2",5,1.91621722823805,1.59107981909358,2.24135463738252,0,0.056
77,100,"VI","mu_3",10,8.86594574256658,8.51772096941719,9.21417051571598,0,0.056
77,100,"VI","mu_4",20,20.2271785541544,19.8807503565506,20.5736067517581,1,0.056
