"sim_id","n","method","component","mu_true","estimate","lower","upper","covered","elapsed_seconds"
468,100,"Gibbs","mu_1",0,-0.0198789141388392,-0.400688579671731,0.366332074882832,1,5.17
468,100,"Gibbs","mu_2",5,4.83889489993034,4.43677611160791,5.24378340941919,1,5.17
468,100,"Gibbs","mu_3",10,10.0637472082402,9.69756910703995,10.4331327004577,1,5.17
468,100,"Gibbs","mu_4",20,20.4047652250492,19.9775043290922,20.8240169176933,1,5.17
468,100,"VI","mu_1",0,-1.55398540195475e-15,-19.6,19.6,1,0.0499999999999998
468,100,"VI","mu_2",5,-1.55398540195475e-15,-19.6,19.6,1,0.0499999999999998
468,100,"VI","mu_3",10,2.61649701047732,2.34980610319232,2.88318791776233,0,0.0499999999999998
468,100,"VI","mu_4",20,14.8904031664406,14.6014399235201,15.1793664093612,0,0.0499999999999998
