"sim_id","n","method","component","mu_true","estimate","lower","upper","covered","elapsed_seconds"
124,100,"Gibbs","mu_1",0,0.481931799886795,-0.0241019909699032,0.980214692064556,1,5.512
124,100,"Gibbs","mu_2",5,4.99334768128194,4.56967460692005,5.405167026946,1,5.512
124,100,"Gibbs","mu_3",10,10.2254367512059,9.82666606561018,10.63171764129,1,5.512
124,100,"Gibbs","mu_4",20,20.0384947485802,19.7008412471546,20.3742378063745,1,5.512
124,100,"VI","mu_1",0,-1.48362594325882e-17,-19.6,19.6,1,0.0519999999999996
124,100,"VI","mu_2",5,3.14020211546652,2.83059536093977,3.44980886999326,0,0.0519999999999996
124,100,"VI","mu_3",10,10.0764140002438,9.69160701313593,10.4612209873516,1,0.0519999999999996
124,100,"VI","mu_4",20,20.0405878736507,19.7045000678151,20.3766756794864,1,0.0519999999999996
