"sim_id","n","method","component","mu_true","estimate","lower","upper","covered","elapsed_seconds"
97,100,"Gibbs","mu_1",0,0.0216565013067292,-0.358523855315901,0.394749143358065,1,5.55
97,100,"Gibbs","mu_2",5,4.85736926853459,4.43050997201723,5.2717069679621,1,5.55
97,100,"Gibbs","mu_3",10,10.1912008574909,9.73139164473747,10.6468253208628,1,5.55
97,100,"Gibbs","mu_4",20,19.8619216899537,19.4908494808074,20.2331975309396,1,5.55
97,100,"VI","mu_1",0,0.0275929825808575,-0.343666172236724,0.398852137398439,1,0.0499999999999998
97,100,"VI","mu_2",5,4.86258342138375,4.46278196253139,5.2623848802361,1,0.0499999999999998
97,100,"VI","mu_3",10,10.1961030288392,9.74791784013872,10.6442882175396,1,0.0499999999999998
97,100,"VI","mu_4",20,19.8648175939392,19.5009174671047,20.2287177207737,1,0.0499999999999998
