"sim_id","n","method","component","mu_true","estimate","lower","upper","covered","elapsed_seconds"
110,100,"Gibbs","mu_1",0,-0.125864999049413,-0.51398153027753,0.273303037412083,1,5.517
110,100,"Gibbs","mu_2",5,4.94832843153953,4.57160332219818,5.32244697153414,1,5.517
110,100,"Gibbs","mu_3",10,10.3095827698117,9.91196091600605,10.706545189187,1,5.517
110,100,"Gibbs","mu_4",20,19.9902799371161,19.544000643266,20.440146788454,1,5.517
110,100,"VI","mu_1",0,-8.96240862280066e-20,-19.6,19.6,1,0.0549999999999997
110,100,"VI","mu_2",5,0.218032328595666,-0.137384596004834,0.573449253196166,0,0.0549999999999997
110,100,"VI","mu_3",10,7.5723886160491,7.29687455682962,7.84790267526859,0,0.0549999999999997
110,100,"VI","mu_4",20,19.9880843042736,19.5385477494193,20.4376208591279,1,0.0549999999999997
