"sim_id","n","method","component","mu_true","estimate","lower","upper","covered","elapsed_seconds"
99,100,"Gibbs","mu_1",0,-0.242214789583705,-0.655182843211398,0.169974483556077,1,5.525
99,100,"Gibbs","mu_2",5,5.37859023363105,4.93367676265738,5.82874512570387,1,5.525
99,100,"Gibbs","mu_3",10,9.78279908761436,9.40785696120547,10.1670215245564,1,5.525
99,100,"Gibbs","mu_4",20,19.7431294222752,19.3952476255722,20.1030189414022,1,5.525
99,100,"VI","mu_1",0,-0.239355999752259,-0.657131319025008,0.17841931952049,1,0.0540000000000003
99,100,"VI","mu_2",5,5.37313430325113,4.94749328424434,5.79877532225793,1,0.0540000000000003
99,100,"VI","mu_3",10,9.78190716089802,9.4034082080374,10.1604061137586,1,0.0540000000000003
99,100,"VI","mu_4",20,19.7416943033344,19.3839085250923,20.0994800815765,1,0.0540000000000003
