"sim_id","n","method","component","mu_true","estimate","lower","upper","covered","elapsed_seconds"
320,100,"Gibbs","mu_1",0,-0.38196112407206,-0.736412498759532,-0.0224421213435469,0,5.49
320,100,"Gibbs","mu_2",5,4.98092936759145,4.57423637123422,5.39395848460824,1,5.49
320,100,"Gibbs","mu_3",10,10.4140469583526,9.95488691045204,10.8691723999421,1,5.49
320,100,"Gibbs","mu_4",20,19.8426203480564,19.4346101938489,20.2484207405261,1,5.49
320,100,"VI","mu_1",0,-2.20604853793801e-19,-19.6,19.6,1,0.0510000000000002
320,100,"VI","mu_2",5,0.196606615198813,-0.127251697678416,0.520464928076041,0,0.0510000000000002
320,100,"VI","mu_3",10,7.87475883400723,7.56636667163005,8.18315099638441,0,0.0510000000000002
320,100,"VI","mu_4",20,19.8426602147378,19.4340607795032,20.2512596499724,1,0.0510000000000002
