"sim_id","n","method","component","mu_true","estimate","lower","upper","covered","elapsed_seconds"
12,100,"Gibbs","mu_1",0,-0.24377400177757,-0.634751389165894,0.159222396917156,1,5.509
12,100,"Gibbs","mu_2",5,4.84415276835088,4.4017098299578,5.29610010612881,1,5.509
12,100,"Gibbs","mu_3",10,10.3039621102438,9.89843141996214,10.7091606332152,1,5.509
12,100,"Gibbs","mu_4",20,20.2887781591894,19.9073851071723,20.6699045624328,1,5.509
12,100,"VI","mu_1",0,-0.245109598156855,-0.619007257910468,0.128788061596758,1,0.0499999999999998
12,100,"VI","mu_2",5,4.83560975874253,4.42274726491424,5.24847225257082,1,0.0499999999999998
12,100,"VI","mu_3",10,10.3061043248431,9.90613238704571,10.7060762626405,1,0.0499999999999998
12,100,"VI","mu_4",20,20.2869905110151,19.902676785525,20.6713042365053,1,0.0499999999999998
