"sim_id","n","method","component","mu_true","estimate","lower","upper","covered","elapsed_seconds"
461,100,"Gibbs","mu_1",0,-0.277993366797347,-0.677589565077078,0.11951071815722,1,5.495
461,100,"Gibbs","mu_2",5,5.17041297860466,4.78454312152442,5.55934374013316,1,5.495
461,100,"Gibbs","mu_3",10,9.8766394204351,9.43561053397878,10.3063578961011,1,5.495
461,100,"Gibbs","mu_4",20,20.0352583356495,19.5992275731563,20.4745814683979,1,5.495
461,100,"VI","mu_1",0,-0.0361402435531203,-0.397210761678222,0.324930274571982,1,0.0510000000000002
461,100,"VI","mu_2",5,2.22382879814348e-20,-19.6,19.6,1,0.0510000000000002
461,100,"VI","mu_3",10,7.37718920214,7.10152503297539,7.65285337130461,0,0.0510000000000002
461,100,"VI","mu_4",20,20.0318335315339,19.5936737342157,20.4699933288522,1,0.0510000000000002
