"sim_id","n","method","component","mu_true","estimate","lower","upper","covered","elapsed_seconds"
98,100,"Gibbs","mu_1",0,-0.242990453929445,-0.639157788149275,0.154926497305118,1,5.548
98,100,"Gibbs","mu_2",5,5.23118570471196,4.87462512799788,5.58547783467383,1,5.548
98,100,"Gibbs","mu_3",10,9.90906927675161,9.38947712114283,10.4204840649479,1,5.548
98,100,"Gibbs","mu_4",20,20.0983167253155,19.6836399196813,20.5183564811431,1,5.548
98,100,"VI","mu_1",0,-0.24299972111318,-0.634350083023761,0.1483506407974,1,0.0520000000000005
98,100,"VI","mu_2",5,5.23659109802562,4.90562324323493,5.5675589528163,1,0.0520000000000005
98,100,"VI","mu_3",10,9.91536960407931,9.46424680096418,10.3664924071944,1,0.0520000000000005
98,100,"VI","mu_4",20,20.1020095180883,19.674404251886,20.5296147842906,1,0.0520000000000005
