"sim_id","n","method","component","mu_true","estimate","lower","upper","covered","elapsed_seconds"
471,100,"Gibbs","mu_1",0,0.125907838573487,-0.300101382007549,0.546387831415226,1,5.555
471,100,"Gibbs","mu_2",5,4.81931554970128,4.40731485124937,5.23280131655819,1,5.555
471,100,"Gibbs","mu_3",10,9.93121928525487,9.46508638730792,10.3863630003462,1,5.555
471,100,"Gibbs","mu_4",20,19.9048131708779,19.5521889428499,20.2495422476634,1,5.555
471,100,"VI","mu_1",0,-8.72397782928469e-12,-19.5999999999567,19.5999999999392,1,0.0510000000000002
471,100,"VI","mu_2",5,-8.72397782928469e-12,-19.5999999999567,19.5999999999392,1,0.0510000000000002
471,100,"VI","mu_3",10,4.62417082643931,4.38650138610183,4.8618402667768,0,0.0510000000000002
471,100,"VI","mu_4",20,19.9048576293458,19.5584356337279,20.2512796249637,1,0.0510000000000002
