"sim_id","n","method","component","mu_true","estimate","lower","upper","covered","elapsed_seconds"
209,100,"Gibbs","mu_1",0,0.0639729458938179,-0.366619267544664,0.490423895199801,1,5.58
209,100,"Gibbs","mu_2",5,5.01105971329471,4.57182740172983,5.45833478552104,1,5.58
209,100,"Gibbs","mu_3",10,10.0755188581119,9.69335243485918,10.4607434909012,1,5.58
209,100,"Gibbs","mu_4",20,19.7836053266995,19.3355916770997,20.2320527461189,1,5.58
209,100,"VI","mu_1",0,-1.91598045165296e-18,-19.6,19.6,1,0.056
209,100,"VI","mu_2",5,1.01943964162806,0.683737603798746,1.35514167945738,0,0.056
209,100,"VI","mu_3",10,8.30905572963491,8.02295266575135,8.59515879351847,0,0.056
209,100,"VI","mu_4",20,19.782301183677,19.3327646288446,20.2318377385093,1,0.056
