"sim_id","n","method","component","mu_true","estimate","lower","upper","covered","elapsed_seconds"
115,100,"Gibbs","mu_1",0,-0.0416026058372912,-0.436634412150227,0.366463480752481,1,5.337
115,100,"Gibbs","mu_2",5,4.7899380782811,4.42242399528044,5.16182381172842,1,5.337
115,100,"Gibbs","mu_3",10,9.58292043439973,9.0384279069017,10.1072144736999,1,5.337
115,100,"Gibbs","mu_4",20,19.859198571636,19.4962890444979,20.2257408168144,1,5.337
115,100,"VI","mu_1",0,-0.0426948363612149,-0.433853639789299,0.348463967066869,1,0.0469999999999997
115,100,"VI","mu_2",5,4.78959609387966,4.43609960804191,5.14309257971741,1,0.0469999999999997
115,100,"VI","mu_3",10,9.58929859672958,9.0862325473663,10.0923646460929,1,0.0469999999999997
115,100,"VI","mu_4",20,19.8569485921846,19.4930484653509,20.2208487190182,1,0.0469999999999997
