"sim_id","n","method","component","mu_true","estimate","lower","upper","covered","elapsed_seconds"
482,100,"Gibbs","mu_1",0,-0.111594479660351,-0.493272105033054,0.271042107738167,1,5.506
482,100,"Gibbs","mu_2",5,4.96141145312132,4.51058742504558,5.40007616672772,1,5.506
482,100,"Gibbs","mu_3",10,10.0843634873393,9.64601479990232,10.5125295530099,1,5.506
482,100,"Gibbs","mu_4",20,19.9836401578028,19.6283442730223,20.3428991103737,1,5.506
482,100,"VI","mu_1",0,-1.27039717102892e-19,-19.6,19.6,1,0.0510000000000002
482,100,"VI","mu_2",5,0.239753012553562,-0.117831876097084,0.597337901204208,0,0.0510000000000002
482,100,"VI","mu_3",10,7.79513663982714,7.48514146921967,8.10513181043461,0,0.0510000000000002
482,100,"VI","mu_4",20,19.9836716667859,19.6258858885462,20.3414574450255,1,0.0510000000000002
