"sim_id","n","method","component","mu_true","estimate","lower","upper","covered","elapsed_seconds"
235,100,"Gibbs","mu_1",0,-0.154903552992213,-0.506209390446362,0.202093232155629,1,5.545
235,100,"Gibbs","mu_2",5,4.94597234194628,4.55921656006942,5.34331991468438,1,5.545
235,100,"Gibbs","mu_3",10,10.3047857447017,9.90552364988131,10.6864873248926,1,5.545
235,100,"Gibbs","mu_4",20,20.0241575737037,19.5498306654933,20.5009350669056,1,5.545
235,100,"VI","mu_1",0,-7.8983605336237e-21,-19.6,19.6,1,0.0490000000000004
235,100,"VI","mu_2",5,0.024899366607079,-0.31354865944586,0.363347392660018,0,0.0490000000000004
235,100,"VI","mu_3",10,7.70769272313522,7.42906160688424,7.98632383938621,0,0.0490000000000004
235,100,"VI","mu_4",20,20.0254289002004,19.5501995031514,20.5006582972494,1,0.0490000000000004
