"sim_id","n","method","component","mu_true","estimate","lower","upper","covered","elapsed_seconds"
293,100,"Gibbs","mu_1",0,-0.0264602303840434,-0.436050494355763,0.377176313829229,1,5.52
293,100,"Gibbs","mu_2",5,5.17387926157091,4.8154996663429,5.52347018824709,1,5.52
293,100,"Gibbs","mu_3",10,9.8548266221108,9.41804452978644,10.276331237622,1,5.52
293,100,"Gibbs","mu_4",20,20.014079710499,19.5802756679645,20.4475343193723,1,5.52
293,100,"VI","mu_1",0,-0.0236949738507814,-0.425026162775288,0.377636215073725,1,0.048
293,100,"VI","mu_2",5,5.18012235285427,4.83353310690968,5.52671159879885,1,0.048
293,100,"VI","mu_3",10,9.86264458738867,9.4557108260945,10.2695783486828,1,0.048
293,100,"VI","mu_4",20,20.0114813680642,19.5838761018619,20.4390866342666,1,0.048
