"sim_id","n","method","component","mu_true","estimate","lower","upper","covered","elapsed_seconds"
71,100,"Gibbs","mu_1",0,-0.0506575157127244,-0.409337816150279,0.310255915317048,1,5.523
71,100,"Gibbs","mu_2",5,5.00370007640924,4.59933101074808,5.4042641076586,1,5.523
71,100,"Gibbs","mu_3",10,10.1010367447767,9.63304215937498,10.5614164628428,1,5.523
71,100,"Gibbs","mu_4",20,20.0521653681396,19.670053896434,20.4478536341828,1,5.523
71,100,"VI","mu_1",0,-1.5633074600793e-19,-19.6,19.6,1,0.056
71,100,"VI","mu_2",5,0.274720466316158,-0.0671135855974401,0.616554518229756,0,0.056
71,100,"VI","mu_3",10,7.40095168171269,7.09903356096851,7.70286980245688,0,0.056
71,100,"VI","mu_4",20,20.0523718550886,19.6604502315769,20.4442934786004,1,0.056
