"sim_id","n","method","component","mu_true","estimate","lower","upper","covered","elapsed_seconds"
40,100,"Gibbs","mu_1",0,-0.295766506035011,-0.765416728988257,0.182832229104138,1,5.532
40,100,"Gibbs","mu_2",5,4.86489620186094,4.45665759116729,5.27909038711767,1,5.532
40,100,"Gibbs","mu_3",10,10.2598805178695,9.90441854396421,10.6163517425762,1,5.532
40,100,"Gibbs","mu_4",20,19.9376547458389,19.5651840395446,20.2984739369046,1,5.532
40,100,"VI","mu_1",0,-5.33910248744531e-16,-19.6,19.6,1,0.0540000000000003
40,100,"VI","mu_2",5,2.41764689481609,2.10684697162606,2.72844681800613,0,0.0540000000000003
40,100,"VI","mu_3",10,9.98774598380804,9.6426118029181,10.332880164698,1,0.0540000000000003
40,100,"VI","mu_4",20,19.937894219746,19.5675551622708,20.3082332772211,1,0.0540000000000003
