"sim_id","n","method","component","mu_true","estimate","lower","upper","covered","elapsed_seconds"
323,100,"Gibbs","mu_1",0,0.0259064391738949,-0.360625194160222,0.399474261553878,1,5.514
323,100,"Gibbs","mu_2",5,4.63489245980593,4.20140528802286,5.07503579243102,1,5.514
323,100,"Gibbs","mu_3",10,10.1129452962319,9.66601742151564,10.564676791973,1,5.514
323,100,"Gibbs","mu_4",20,20.0071513422885,19.6108813504744,20.4017985039265,1,5.514
323,100,"VI","mu_1",0,-4.0763433972015e-19,-19.6,19.6,1,0.0570000000000004
323,100,"VI","mu_2",5,0.634882238291366,0.318269681240205,0.951494795342527,0,0.0570000000000004
323,100,"VI","mu_3",10,7.68768549445715,7.36413736259274,8.01123362632156,0,0.0570000000000004
323,100,"VI","mu_4",20,20.0091375023318,19.6172158788203,20.4010591258433,1,0.0570000000000004
