"sim_id","n","method","component","mu_true","estimate","lower","upper","covered","elapsed_seconds"
489,100,"Gibbs","mu_1",0,-0.108683730610061,-0.563494281849455,0.339279947423155,1,5.533
489,100,"Gibbs","mu_2",5,4.77179791131066,4.39807422360378,5.15940905659007,1,5.533
489,100,"Gibbs","mu_3",10,10.1262769579477,9.69848661964927,10.5519452408673,1,5.533
489,100,"Gibbs","mu_4",20,20.1408421007218,19.7599296409562,20.540263476627,1,5.533
489,100,"VI","mu_1",0,-2.68737702615322e-16,-19.6,19.6,1,0.0649999999999995
489,100,"VI","mu_2",5,2.32627255625829,2.03735407696375,2.61519103555282,0,0.0649999999999995
489,100,"VI","mu_3",10,9.43487284937025,9.05765965306987,9.81208604567064,0,0.0649999999999995
489,100,"VI","mu_4",20,20.1419139117606,19.7647815687475,20.5190462547738,1,0.0649999999999995
