"sim_id","n","method","component","mu_true","estimate","lower","upper","covered","elapsed_seconds"
252,100,"Gibbs","mu_1",0,0.417203324481964,-0.114003425115635,0.943530902866635,1,5.153
252,100,"Gibbs","mu_2",5,5.05943973100232,4.67474710145442,5.44910679855472,1,5.153
252,100,"Gibbs","mu_3",10,10.1092300170415,9.7234364862453,10.5003639856957,1,5.153
252,100,"Gibbs","mu_4",20,19.7748468791483,19.3731490277293,20.1630801419496,1,5.153
252,100,"VI","mu_1",0,-3.92365110535248e-16,-19.6,19.6,1,0.0519999999999996
252,100,"VI","mu_2",5,3.34162300341614,3.05860830411391,3.62463770271837,0,0.0519999999999996
252,100,"VI","mu_3",10,10.0299123124009,9.65989244509359,10.3999321797082,1,0.0519999999999996
252,100,"VI","mu_4",20,19.7731410702795,19.3731410702798,20.1731410702791,1,0.0519999999999996
