"sim_id","n","method","component","mu_true","estimate","lower","upper","covered","elapsed_seconds"
398,100,"Gibbs","mu_1",0,2.99135108435374,2.61210025377393,3.35400181346343,0,5.48
398,100,"Gibbs","mu_2",5,9.38951875066069,8.88811864322877,9.8851242220955,0,5.48
398,100,"Gibbs","mu_3",10,19.7498722186645,18.9387926906559,20.3595133222447,0,5.48
398,100,"Gibbs","mu_4",20,20.5234381862684,19.9292478730976,21.2148117958769,1,5.48
398,100,"VI","mu_1",0,-8.11980452760408e-19,-19.6,19.6,1,0.056
398,100,"VI","mu_2",5,1.05125645300944,0.654033690201524,1.44847921581736,0,0.056
398,100,"VI","mu_3",10,7.68177090175771,7.40910937405956,7.95443242945586,0,0.056
398,100,"VI","mu_4",20,20.1581569628663,19.7581569628663,20.5581569628662,1,0.056
