"sim_id","n","method","component","mu_true","estimate","lower","upper","covered","elapsed_seconds"
380,100,"Gibbs","mu_1",0,-0.272432874654989,-0.673967322775593,0.115907152520789,1,5.568
380,100,"Gibbs","mu_2",5,5.03171051854113,4.5757255500632,5.48734351854769,1,5.568
380,100,"Gibbs","mu_3",10,10.2401792342254,9.83125086974837,10.6422752104196,1,5.568
380,100,"Gibbs","mu_4",20,20.120041245672,19.7224825431225,20.5236766811447,1,5.568
380,100,"VI","mu_1",0,-0.265261523325845,-0.639890077341224,0.109367030689533,1,0.0499999999999998
380,100,"VI","mu_2",5,5.0419390795959,4.63423101224679,5.449647146945,1,0.0499999999999998
380,100,"VI","mu_3",10,10.2381641763684,9.85038379745747,10.6259445552794,1,0.0499999999999998
380,100,"VI","mu_4",20,20.1156075462764,19.7156075462763,20.5156075462765,1,0.0499999999999998
