"sim_id","n","method","component","mu_true","estimate","lower","upper","covered","elapsed_seconds"
454,100,"Gibbs","mu_1",0,0.0202694622605723,-0.409038476106984,0.424204895564116,1,5.548
454,100,"Gibbs","mu_2",5,4.80659598202231,4.24402159115949,5.35130715121379,1,5.548
454,100,"Gibbs","mu_3",10,10.0885017057226,9.64876500022451,10.5341635982103,1,5.548
454,100,"Gibbs","mu_4",20,20.132496464878,19.7449631557202,20.5294100685302,1,5.548
454,100,"VI","mu_1",0,-1.62119816288748e-10,-19.5999999994557,19.5999999991315,1,0.0469999999999997
454,100,"VI","mu_2",5,-1.62119816288748e-10,-19.5999999994557,19.5999999991315,1,0.0469999999999997
454,100,"VI","mu_3",10,4.69181528963826,4.4655047700105,4.91812580926602,0,0.0469999999999997
454,100,"VI","mu_4",20,20.1312436963914,19.739344408407,20.5231429843758,1,0.0469999999999997
