"sim_id","n","method","component","mu_true","estimate","lower","upper","covered","elapsed_seconds"
467,100,"Gibbs","mu_1",0,-0.305844925749755,-0.738269257968579,0.135469992239112,1,5.169
467,100,"Gibbs","mu_2",5,5.06393396734669,4.71043206107139,5.43399722572809,1,5.169
467,100,"Gibbs","mu_3",10,9.67493288669215,9.22796837831947,10.1254970347866,1,5.169
467,100,"Gibbs","mu_4",20,20.1687052139998,19.793683523662,20.5492755607825,1,5.169
467,100,"VI","mu_1",0,-0.30648032595551,-0.733470568910114,0.120509916999095,1,0.0490000000000004
467,100,"VI","mu_2",5,5.06483217550436,4.71206285134004,5.41760149966869,1,0.0490000000000004
467,100,"VI","mu_3",10,9.67986519633219,9.25307036174025,10.1066600309241,1,0.0490000000000004
467,100,"VI","mu_4",20,20.1659900421442,19.788857699131,20.5431223851574,1,0.0490000000000004
