"sim_id","n","method","component","mu_true","estimate","lower","upper","covered","elapsed_seconds"
7,100,"Gibbs","mu_1",0,-0.0148057367150764,-0.366004546575212,0.327947352509127,1,5.494
7,100,"Gibbs","mu_2",5,4.46551898060307,4.03569997769706,4.89321764175293,0,5.494
7,100,"Gibbs","mu_3",10,10.1822667986489,9.73320264412397,10.6137230764504,1,5.494
7,100,"Gibbs","mu_4",20,19.9931114923696,19.6082704578139,20.3812938173914,1,5.494
7,100,"VI","mu_1",0,-2.15229848708451e-17,-19.6,19.6,1,0.056
7,100,"VI","mu_2",5,-2.15229848708451e-17,-19.6,19.6,1,0.056
7,100,"VI","mu_3",10,2.17915847981549,1.92312483714478,2.43519212248621,0,0.056
7,100,"VI","mu_4",20,16.2258639322105,15.9213090993279,16.5304187650932,0,0.056
