"sim_id","n","method","component","mu_true","estimate","lower","upper","covered","elapsed_seconds"
208,100,"Gibbs","mu_1",0,-0.144971597947205,-0.513607747715099,0.225930204463914,1,5.559
208,100,"Gibbs","mu_2",5,5.23639768289369,4.76147907356843,5.7172850807759,1,5.559
208,100,"Gibbs","mu_3",10,10.061043240446,9.72021684358001,10.3978708333625,1,5.559
208,100,"Gibbs","mu_4",20,19.9111895336432,19.4575980310854,20.3684396840956,1,5.559
208,100,"VI","mu_1",0,-1.87188750016197e-19,-19.6,19.6,1,0.0519999999999996
208,100,"VI","mu_2",5,0.33236042365221,-0.00824801963313404,0.672968866937554,0,0.0519999999999996
208,100,"VI","mu_3",10,8.69979892351791,8.4195322198311,8.98006562720473,0,0.0519999999999996
208,100,"VI","mu_4",20,19.9118397482433,19.4499915912095,20.373687905277,1,0.0519999999999996
