"sim_id","n","method","component","mu_true","estimate","lower","upper","covered","elapsed_seconds"
390,100,"Gibbs","mu_1",0,0.0323685967915553,-0.389014712430528,0.458607905753162,1,5.533
390,100,"Gibbs","mu_2",5,4.41794022300013,3.96609821823548,4.87113365712904,0,5.533
390,100,"Gibbs","mu_3",10,10.0899542814326,9.72603209516617,10.4711214127933,1,5.533
390,100,"Gibbs","mu_4",20,20.0906903568882,19.6967721172961,20.4837576990592,1,5.533
390,100,"VI","mu_1",0,-1.9912952668735e-11,-19.5999999998513,19.5999999998115,1,0.056
390,100,"VI","mu_2",5,-1.9912952668735e-11,-19.5999999998513,19.5999999998115,1,0.056
390,100,"VI","mu_3",10,5.12203734269079,4.89427185792215,5.34980282745943,0,0.056
390,100,"VI","mu_4",20,19.8184192081022,19.4337954176939,20.2030429985105,1,0.056
