"sim_id","n","method","component","mu_true","estimate","lower","upper","covered","elapsed_seconds"
394,100,"Gibbs","mu_1",0,-0.42440547863343,-0.780110954938841,-0.0727086199200372,0,5.512
394,100,"Gibbs","mu_2",5,5.49792462068689,4.97508351858151,6.02715514550748,1,5.512
394,100,"Gibbs","mu_3",10,9.98635773107858,9.58469549074284,10.3891487140984,1,5.512
394,100,"Gibbs","mu_4",20,20.1059722176648,19.7092657542073,20.4998371211633,1,5.512
394,100,"VI","mu_1",0,-0.221520692877505,-0.564536071291792,0.121494685536781,1,0.0489999999999995
394,100,"VI","mu_2",5,1.28480530748513e-19,-19.6,19.6,1,0.0489999999999995
394,100,"VI","mu_3",10,8.36700214377771,8.06938220137957,8.66462208617585,0,0.0489999999999995
394,100,"VI","mu_4",20,20.1054216352018,19.7054216352027,20.5054216352008,1,0.0489999999999995
