"sim_id","n","method","component","mu_true","estimate","lower","upper","covered","elapsed_seconds"
215,100,"Gibbs","mu_1",0,0.0949955653570508,-0.391630718462543,0.590571739137982,1,5.578
215,100,"Gibbs","mu_2",5,5.16586294126681,4.72073709562277,5.60639422076051,1,5.578
215,100,"Gibbs","mu_3",10,9.94763198912951,9.60325628097113,10.2972401255697,1,5.578
215,100,"Gibbs","mu_4",20,20.1435388385611,19.7922486101097,20.5007056490766,1,5.578
215,100,"VI","mu_1",0,-4.442932337285e-16,-19.6,19.6,1,0.0529999999999999
215,100,"VI","mu_2",5,2.79161959577972,2.46121977486687,3.12201941669257,0,0.0529999999999999
215,100,"VI","mu_3",10,9.75813432701971,9.42602120317445,10.090247450865,1,0.0529999999999999
215,100,"VI","mu_4",20,20.1415719263202,19.7837861480781,20.4993577045623,1,0.0529999999999999
