"sim_id","n","method","component","mu_true","estimate","lower","upper","covered","elapsed_seconds"
84,100,"Gibbs","mu_1",0,0.326407924317443,-0.0288557033145377,0.674150165059728,1,5.164
84,100,"Gibbs","mu_2",5,5.37620860882725,4.85001747604656,5.88950301603661,1,5.164
84,100,"Gibbs","mu_3",10,9.78282191465758,9.3982801369419,10.15695380673,1,5.164
84,100,"Gibbs","mu_4",20,20.242008630844,19.8344163287078,20.6448097433567,1,5.164
84,100,"VI","mu_1",0,-8.20516964130058e-16,-19.6,19.6,1,0.0570000000000004
84,100,"VI","mu_2",5,-8.20516964130058e-16,-19.6,19.6,1,0.0570000000000004
84,100,"VI","mu_3",10,3.0327977758119,2.7738970464243,3.29169850519949,0,0.0570000000000004
84,100,"VI","mu_4",20,15.395428065802,15.0955107953683,15.6953453362357,0,0.0570000000000004
