"sim_id","n","method","component","mu_true","estimate","lower","upper","covered","elapsed_seconds"
402,100,"Gibbs","mu_1",0,-0.263379447385513,-0.722900511565567,0.188535753552204,1,5.493
402,100,"Gibbs","mu_2",5,5.06815526825164,4.66216219685547,5.46167079962952,1,5.493
402,100,"Gibbs","mu_3",10,9.75209288670588,9.33290525368444,10.177794833983,1,5.493
402,100,"Gibbs","mu_4",20,20.2987965551507,19.9464808715661,20.6587977999869,1,5.493
402,100,"VI","mu_1",0,-0.139839981197393,-0.573789437348693,0.294109474953906,1,0.0510000000000002
402,100,"VI","mu_2",5,1.51319184527474e-20,-19.6,19.6,1,0.0510000000000002
402,100,"VI","mu_3",10,7.3072160474005,7.0289703563343,7.58546173846669,0,0.0510000000000002
402,100,"VI","mu_4",20,20.2924977263446,19.9347119481025,20.6502835045867,1,0.0510000000000002
