"sim_id","n","method","component","mu_true","estimate","lower","upper","covered","elapsed_seconds"
132,100,"Gibbs","mu_1",0,0.502482478485389,0.0224102115751134,0.987763101198823,0,5.572
132,100,"Gibbs","mu_2",5,4.85207211674494,4.44533272769041,5.26089116976801,1,5.572
132,100,"Gibbs","mu_3",10,10.4920256670691,10.0537970116884,10.9356805394535,0,5.572
132,100,"Gibbs","mu_4",20,20.0453306229564,19.7038962546803,20.3848251985162,1,5.572
132,100,"VI","mu_1",0,2.90213917045558,2.60956340453589,3.19471493637526,0,0.0500000000000007
132,100,"VI","mu_2",5,10.2797180863385,9.85344775775069,10.7059884149263,0,0.0500000000000007
132,100,"VI","mu_3",10,19.4242040453353,18.9463229203252,19.9020851703453,0,0.0500000000000007
132,100,"VI","mu_4",20,20.6409653707906,20.168342715222,21.1135880263593,0,0.0500000000000007
