"sim_id","n","method","component","mu_true","estimate","lower","upper","covered","elapsed_seconds"
346,100,"Gibbs","mu_1",0,0.140192103216379,-0.301966150979569,0.572685843654089,1,5.549
346,100,"Gibbs","mu_2",5,5.41638911685989,5.04433177079925,5.790529824291,0,5.549
346,100,"Gibbs","mu_3",10,9.9912396516508,9.51163943507443,10.4449620744605,1,5.549
346,100,"Gibbs","mu_4",20,19.8287840667371,19.4822229290402,20.1772549264276,1,5.549
346,100,"VI","mu_1",0,-6.86828302517795e-11,-19.5999999996109,19.5999999994735,1,0.0510000000000002
346,100,"VI","mu_2",5,-6.86828302517795e-11,-19.5999999996109,19.5999999994735,1,0.0510000000000002
346,100,"VI","mu_3",10,5.15105050909562,4.91338306611228,5.38871795207896,0,0.0510000000000002
346,100,"VI","mu_4",20,19.8297264821237,19.4832983010953,20.1761546631522,1,0.0510000000000002
