"sim_id","n","method","component","mu_true","estimate","lower","upper","covered","elapsed_seconds"
433,100,"Gibbs","mu_1",0,0.0142326788280638,-0.418482292091027,0.440727720345478,1,5.54
433,100,"Gibbs","mu_2",5,5.05109550705192,4.6502131858857,5.43770007423203,1,5.54
433,100,"Gibbs","mu_3",10,10.1413060756478,9.75621990247451,10.5315117765224,1,5.54
433,100,"Gibbs","mu_4",20,20.2038907940939,19.8320184033126,20.5899107802718,1,5.54
433,100,"VI","mu_1",0,-6.80678669088553e-17,-19.6,19.6,1,0.104
433,100,"VI","mu_2",5,2.22862731407442,1.92375896329652,2.53349566485233,0,0.104
433,100,"VI","mu_3",10,9.41097519699537,9.06279077676104,9.75915961722971,0,0.104
433,100,"VI","mu_4",20,20.2026400477125,19.8255077046993,20.5797723907256,1,0.104
