"sim_id","n","method","component","mu_true","estimate","lower","upper","covered","elapsed_seconds"
455,100,"Gibbs","mu_1",0,-0.0180652735614275,-0.388723231089565,0.344377696136029,1,5.552
455,100,"Gibbs","mu_2",5,5.01042202412872,4.57411722137439,5.46270412233082,1,5.552
455,100,"Gibbs","mu_3",10,9.96465839438384,9.59814174194359,10.3446235204052,1,5.552
455,100,"Gibbs","mu_4",20,20.2102849336197,19.7756507631118,20.6391646818891,1,5.552
455,100,"VI","mu_1",0,-1.779941373199e-18,-19.6,19.6,1,0.0510000000000002
455,100,"VI","mu_2",5,1.47201530022513,1.17074985472548,1.77328074572477,0,0.0510000000000002
455,100,"VI","mu_3",10,9.1281045022447,8.80453903870511,9.45166996578429,0,0.0510000000000002
455,100,"VI","mu_4",20,20.2083540360155,19.7807487698161,20.6359593022149,1,0.0510000000000002
