"sim_id","n","method","component","mu_true","estimate","lower","upper","covered","elapsed_seconds"
227,100,"Gibbs","mu_1",0,0.221489449635351,-0.184443556594862,0.62658514328461,1,5.525
227,100,"Gibbs","mu_2",5,5.16748658014453,4.77020545206693,5.55961419330542,1,5.525
227,100,"Gibbs","mu_3",10,9.77860881215903,9.37238694578675,10.1887330028156,1,5.525
227,100,"Gibbs","mu_4",20,20.0097306965952,19.6247545972982,20.3976040294435,1,5.525
227,100,"VI","mu_1",0,-6.95970344283026e-10,-19.5999999971736,19.5999999957816,1,0.0520000000000005
227,100,"VI","mu_2",5,-6.95970344283026e-10,-19.5999999971736,19.5999999957816,1,0.0520000000000005
227,100,"VI","mu_3",10,5.06678941943505,4.83894996701804,5.29462887185207,0,0.0520000000000005
227,100,"VI","mu_4",20,20.0054651892685,19.6211969257895,20.3897334527476,1,0.0520000000000005
