"sim_id","n","method","component","mu_true","estimate","lower","upper","covered","elapsed_seconds"
127,100,"Gibbs","mu_1",0,0.262556828067004,-0.136180857261067,0.663908030140885,1,5.54
127,100,"Gibbs","mu_2",5,5.1569824308539,4.7879492104681,5.52297400085525,1,5.54
127,100,"Gibbs","mu_3",10,9.78506348579716,9.38175547222381,10.1842095461995,1,5.54
127,100,"Gibbs","mu_4",20,19.9478698821513,19.4883961375528,20.4130981156394,1,5.54
127,100,"VI","mu_1",0,-1.53611463859534e-16,-19.6,19.6,1,0.0550000000000006
127,100,"VI","mu_2",5,2.24768313688374,1.95679730029329,2.5385689734742,0,0.0550000000000006
127,100,"VI","mu_3",10,8.60921517597058,8.28532050243098,8.93310984951018,0,0.0550000000000006
127,100,"VI","mu_4",20,19.9503228361717,19.4884746791381,20.4121709932052,1,0.0550000000000006
