"sim_id","n","method","component","mu_true","estimate","lower","upper","covered","elapsed_seconds"
457,100,"Gibbs","mu_1",0,-0.123289763742089,-0.603665284138347,0.378955913101978,1,5.516
457,100,"Gibbs","mu_2",5,4.7915651465522,4.37204289850958,5.19910518078875,1,5.516
457,100,"Gibbs","mu_3",10,9.86903718639129,9.41673565433778,10.3209350478959,1,5.516
457,100,"Gibbs","mu_4",20,19.7857216335087,19.4497432092358,20.1280482450142,1,5.516
457,100,"VI","mu_1",0,-2.15332492284996e-11,-19.599999999845,19.5999999998019,1,0.0499999999999998
457,100,"VI","mu_2",5,-2.15332492284996e-11,-19.599999999845,19.5999999998019,1,0.0499999999999998
457,100,"VI","mu_3",10,5.12297213272929,4.88530469505162,5.36063957040697,0,0.0499999999999998
457,100,"VI","mu_4",20,19.7854144352687,19.4389862378091,20.1318426327284,1,0.0499999999999998
