"sim_id","n","method","component","mu_true","estimate","lower","upper","covered","elapsed_seconds"
92,100,"Gibbs","mu_1",0,1.04788713331824,0.582678619472073,1.57145601455356,0,5.461
92,100,"Gibbs","mu_2",5,8.67056826564404,8.26949750303936,9.14227633118508,0,5.461
92,100,"Gibbs","mu_3",10,18.7819750510163,17.9727888775812,19.5677440692095,0,5.461
92,100,"Gibbs","mu_4",20,20.6338663588149,19.8625193160761,21.4533157864815,1,5.461
92,100,"VI","mu_1",0,1.02020794671717,0.690196750847024,1.35021914258732,0,0.0540000000000003
92,100,"VI","mu_2",5,8.63674940786487,8.33696546626397,8.93653334946577,0,0.0540000000000003
92,100,"VI","mu_3",10,18.7732759388453,18.182795139133,19.3637567385576,0,0.0540000000000003
92,100,"VI","mu_4",20,20.6594949495298,20.0685879202575,21.2504019788022,0,0.0540000000000003
