"sim_id","n","method","component","mu_true","estimate","lower","upper","covered","elapsed_seconds"
85,100,"Gibbs","mu_1",0,0.00484000794047865,-0.383374279918577,0.391651023103936,1,5.438
85,100,"Gibbs","mu_2",5,4.91737512287775,4.51275440099778,5.32847547118716,1,5.438
85,100,"Gibbs","mu_3",10,9.98921137113171,9.57222454641165,10.4169083646654,1,5.438
85,100,"Gibbs","mu_4",20,19.9095501987871,19.530860168794,20.2843230943896,1,5.438
85,100,"VI","mu_1",0,-5.23921765347229e-12,-19.599999999976,19.5999999999655,1,0.0510000000000002
85,100,"VI","mu_2",5,-5.23921765347229e-12,-19.599999999976,19.5999999999655,1,0.0510000000000002
85,100,"VI","mu_3",10,4.48719425405312,4.25780928760402,4.71657922050222,0,0.0510000000000002
85,100,"VI","mu_4",20,19.91156834849,19.53443613304,20.28870056394,1,0.0510000000000002
