"sim_id","n","method","component","mu_true","estimate","lower","upper","covered","elapsed_seconds"
183,100,"Gibbs","mu_1",0,0.0209990095585191,-0.33701543475027,0.375434090584581,1,5.501
183,100,"Gibbs","mu_2",5,4.70065589092145,4.29847448072944,5.11122254006936,1,5.501
183,100,"Gibbs","mu_3",10,10.0054515562029,9.59896406754228,10.4178004067392,1,5.501
183,100,"Gibbs","mu_4",20,19.424248636909,18.9876993027303,19.8603076288512,0,5.501
183,100,"VI","mu_1",0,-2.26468610309096e-19,-19.6,19.6,1,0.0540000000000003
183,100,"VI","mu_2",5,0.519289645555796,0.194019063594754,0.844560227516838,0,0.0540000000000003
183,100,"VI","mu_3",10,7.73395349363334,7.43749483463342,8.03041215263325,0,0.0540000000000003
183,100,"VI","mu_4",20,19.4263602172332,18.9882004199036,19.8645200145629,0,0.0540000000000003
