"sim_id","n","method","component","mu_true","estimate","lower","upper","covered","elapsed_seconds"
368,100,"Gibbs","mu_1",0,0.172995819259428,-0.286333368600575,0.635902033243184,1,5.523
368,100,"Gibbs","mu_2",5,4.38957062526509,4.00711672825927,4.7734685054351,0,5.523
368,100,"Gibbs","mu_3",10,9.77996757367648,9.34881447897555,10.2004650120457,1,5.523
368,100,"Gibbs","mu_4",20,20.0821552868531,19.7084024464789,20.4643135557243,1,5.523
368,100,"VI","mu_1",0,2.41342195548622,2.13126085424635,2.69558305672608,0,0.0549999999999997
368,100,"VI","mu_2",5,9.36996040738781,8.81310759385235,9.92681322092327,0,0.0549999999999997
368,100,"VI","mu_3",10,9.36996040738781,8.81310759385235,9.92681322092327,0,0.0549999999999997
368,100,"VI","mu_4",20,20.0813921335393,19.7042597905262,20.4585244765525,1,0.0549999999999997
