"sim_id","n","method","component","mu_true","estimate","lower","upper","covered","elapsed_seconds"
111,100,"Gibbs","mu_1",0,0.136489097527831,-0.343940610475858,0.610651348313972,1,5.498
111,100,"Gibbs","mu_2",5,4.97624849557645,4.58862113575648,5.35916086142639,1,5.498
111,100,"Gibbs","mu_3",10,10.0088310704572,9.58072423158631,10.4379606222546,1,5.498
111,100,"Gibbs","mu_4",20,20.0088689785264,19.6540809312762,20.3614311760698,1,5.498
111,100,"VI","mu_1",0,-7.57866436386666e-16,-19.6,19.6,1,0.0679999999999996
111,100,"VI","mu_2",5,2.46590922905055,2.15931936862234,2.77249908947876,0,0.0679999999999996
111,100,"VI","mu_3",10,9.0793887077891,8.71636822141266,9.44240919416554,0,0.0679999999999996
111,100,"VI","mu_4",20,20.0074848272941,19.6496990490521,20.365270605536,1,0.0679999999999996
