"sim_id","n","method","component","mu_true","estimate","lower","upper","covered","elapsed_seconds"
54,100,"Gibbs","mu_1",0,0.17689667717026,-0.225914100750113,0.579820260767717,1,5.503
54,100,"Gibbs","mu_2",5,4.99444951058141,4.56745351119706,5.41996137865399,1,5.503
54,100,"Gibbs","mu_3",10,10.1631604799599,9.66784784361757,10.6763924361467,1,5.503
54,100,"Gibbs","mu_4",20,19.8650660919122,19.5091684809618,20.2319399513118,1,5.503
54,100,"VI","mu_1",0,-5.03354948331868e-19,-19.6,19.6,1,0.0529999999999999
54,100,"VI","mu_2",5,0.646533476136061,0.301040190009453,0.99202676226267,0,0.0529999999999999
54,100,"VI","mu_3",10,7.38904343923406,7.07453240794009,7.70355447052803,0,0.0529999999999999
54,100,"VI","mu_4",20,19.8670744485181,19.503174321687,20.2309745753493,1,0.0529999999999999
