"sim_id","n","method","component","mu_true","estimate","lower","upper","covered","elapsed_seconds"
108,100,"Gibbs","mu_1",0,-0.0722023976442147,-0.43868448022805,0.291180853088279,1,5.526
108,100,"Gibbs","mu_2",5,4.65587963852191,4.09731488001447,5.21251082288479,1,5.526
108,100,"Gibbs","mu_3",10,10.3333525957731,9.95561693158084,10.7107825940381,1,5.526
108,100,"Gibbs","mu_4",20,20.1431900980648,19.6866185441963,20.5962303228519,1,5.526
108,100,"VI","mu_1",0,-1.24719775489112e-18,-19.6,19.6,1,0.0510000000000002
108,100,"VI","mu_2",5,1.1140876266537,0.822903817449063,1.40527143585833,0,0.0510000000000002
108,100,"VI","mu_3",10,9.66354182832931,9.33555925870586,9.99152439795277,0,0.0510000000000002
108,100,"VI","mu_4",20,20.1421493310121,19.6926127761648,20.5916858858594,1,0.0510000000000002
