"sim_id","n","method","component","mu_true","estimate","lower","upper","covered","elapsed_seconds"
225,100,"Gibbs","mu_1",0,0.0552536388766514,-0.337450949231111,0.454561540072446,1,5.513
225,100,"Gibbs","mu_2",5,5.23598165374713,4.85517055171905,5.61608119460069,1,5.513
225,100,"Gibbs","mu_3",10,10.0305593920903,9.62468734010636,10.433357875443,1,5.513
225,100,"Gibbs","mu_4",20,19.8464803495109,19.4214148345959,20.2766698938651,1,5.513
225,100,"VI","mu_1",0,-8.01581425823848e-19,-19.6,19.6,1,0.0519999999999996
225,100,"VI","mu_2",5,0.780246391555557,0.42806906853459,1.13242371457652,0,0.0519999999999996
225,100,"VI","mu_3",10,7.94421525218939,7.66434820134364,8.22408230303514,0,0.0519999999999996
225,100,"VI","mu_4",20,19.8473200566172,19.4091602592921,20.2854798539423,1,0.0519999999999996
