"sim_id","n","method","component","mu_true","estimate","lower","upper","covered","elapsed_seconds"
500,100,"Gibbs","mu_1",0,-0.0653100716648284,-0.486965557888549,0.355617691107014,1,5.489
500,100,"Gibbs","mu_2",5,4.45189009109828,4.00327079246087,4.90577430598549,0,5.489
500,100,"Gibbs","mu_3",10,10.3302629461056,9.95139710286568,10.7113858354963,1,5.489
500,100,"Gibbs","mu_4",20,20.2793045823258,19.8487554651844,20.7035527797287,1,5.489
500,100,"VI","mu_1",0,-9.62421562234724e-17,-19.6,19.6,1,0.0499999999999998
500,100,"VI","mu_2",5,-9.62421562234724e-17,-19.6,19.6,1,0.0499999999999998
500,100,"VI","mu_3",10,2.34791602157356,2.07762350020675,2.61820854294037,0,0.0499999999999998
500,100,"VI","mu_4",20,14.817494925544,14.5329199179828,15.1020699331052,0,0.0499999999999998
