"sim_id","n","method","component","mu_true","estimate","lower","upper","covered","elapsed_seconds"
39,100,"Gibbs","mu_1",0,-0.00901390288115245,-0.382034001929689,0.372802724564762,1,5.509
39,100,"Gibbs","mu_2",5,4.88935812901411,4.50523807978421,5.26766758807125,1,5.509
39,100,"Gibbs","mu_3",10,10.2477764196295,9.8348494765858,10.6550494030971,1,5.509
39,100,"Gibbs","mu_4",20,19.9748722220381,19.5030872479847,20.4488304767093,1,5.509
39,100,"VI","mu_1",0,-0.00859236592769324,-0.37317913220943,0.355994400354043,1,0.0529999999999999
39,100,"VI","mu_2",5,4.8978303649598,4.53237581203499,5.2632849178846,1,0.0529999999999999
39,100,"VI","mu_3",10,10.2545373669973,9.86537127666331,10.6437034573314,1,0.0529999999999999
39,100,"VI","mu_4",20,19.9725817730026,19.4973517009326,20.4478118450726,1,0.0529999999999999
