"sim_id","n","method","component","mu_true","estimate","lower","upper","covered","elapsed_seconds"
90,100,"Gibbs","mu_1",0,0.245841832367439,-0.168975041783403,0.67763455558586,1,5.443
90,100,"Gibbs","mu_2",5,7.48440838166842,7.1563453621689,7.83001020671827,0,5.443
90,100,"Gibbs","mu_3",10,20.1310468342638,19.5340291932253,20.6296676463966,0,5.443
90,100,"Gibbs","mu_4",20,20.6060465093174,20.1238247468126,21.1804157871318,0,5.443
90,100,"VI","mu_1",0,-0.00925426273666858,-0.369372027770961,0.350863502297624,1,0.0510000000000002
90,100,"VI","mu_2",5,5.04307700322135,4.63294323012321,5.45321077631948,1,0.0510000000000002
90,100,"VI","mu_3",10,9.49105977079475,9.07848990407268,9.90362963751682,0,0.0510000000000002
90,100,"VI","mu_4",20,20.3811559188476,19.9892342953354,20.7730775423598,1,0.0510000000000002
