"sim_id","n","method","component","mu_true","estimate","lower","upper","covered","elapsed_seconds"
38,100,"Gibbs","mu_1",0,0.0265576218033225,-0.410173018732481,0.454133651957897,1,5.518
38,100,"Gibbs","mu_2",5,4.80191270154979,4.4021614886376,5.20302226398756,1,5.518
38,100,"Gibbs","mu_3",10,10.441200575485,10.058737719178,10.8251759508825,0,5.518
38,100,"Gibbs","mu_4",20,20.501186311264,20.1062950955302,20.902889317033,0,5.518
38,100,"VI","mu_1",0,2.54767612861536,2.26480191108197,2.83055034614874,0,0.056
38,100,"VI","mu_2",5,10.3248125611501,9.95447810367016,10.6951470186299,0,0.056
38,100,"VI","mu_3",10,20.4946282939914,19.9290603152219,21.0601962727609,0,0.056
38,100,"VI","mu_4",20,20.494717846587,19.9291505059795,21.0602851871946,1,0.056
