"sim_id","n","method","component","mu_true","estimate","lower","upper","covered","elapsed_seconds"
222,100,"Gibbs","mu_1",0,-0.194393671280198,-0.587748382413553,0.201674815134942,1,5.525
222,100,"Gibbs","mu_2",5,5.43352021227571,5.03419741476381,5.83181610814653,0,5.525
222,100,"Gibbs","mu_3",10,9.9889246014156,9.62394186990958,10.3551634671781,1,5.525
222,100,"Gibbs","mu_4",20,19.7200458712349,19.239097147889,20.1964150081985,1,5.525
222,100,"VI","mu_1",0,-4.6952458905998e-15,-19.6,19.6,1,0.0499999999999998
222,100,"VI","mu_2",5,-4.6952458905998e-15,-19.6,19.6,1,0.0499999999999998
222,100,"VI","mu_3",10,2.97481569535496,2.7069741302851,3.24265726042482,0,0.0499999999999998
222,100,"VI","mu_4",20,13.4117259443439,13.1242060865375,13.6992458021503,0,0.0499999999999998
