"sim_id","n","method","component","mu_true","estimate","lower","upper","covered","elapsed_seconds"
264,100,"Gibbs","mu_1",0,0.0641845610229146,-0.360976142683804,0.494245833814158,1,5.449
264,100,"Gibbs","mu_2",5,5.09272043949725,4.68824763654879,5.49824723294974,1,5.449
264,100,"Gibbs","mu_3",10,9.70727533502399,9.29829868365266,10.1266721444612,1,5.449
264,100,"Gibbs","mu_4",20,19.8030115079255,19.4146914018679,20.1912982684839,1,5.449
264,100,"VI","mu_1",0,-2.40118747503222e-20,-19.6,19.6,1,0.0500000000000007
264,100,"VI","mu_2",5,0.153085942024255,-0.269918350715032,0.576090234763541,0,0.0500000000000007
264,100,"VI","mu_3",10,7.37640296622561,7.10856358119378,7.64424235125743,0,0.0500000000000007
264,100,"VI","mu_4",20,19.8054769224902,19.4135552989781,20.1973985460024,1,0.0500000000000007
