"sim_id","n","method","component","mu_true","estimate","lower","upper","covered","elapsed_seconds"
328,100,"Gibbs","mu_1",0,0.110517416730681,-0.229255639914277,0.45223825210505,1,5.479
328,100,"Gibbs","mu_2",5,5.3809037861534,4.9329363448928,5.82323496027093,1,5.479
328,100,"Gibbs","mu_3",10,10.2226076263369,9.72119913756927,10.7119168533753,1,5.479
328,100,"Gibbs","mu_4",20,20.1591950194331,19.7767448794438,20.5313236835907,1,5.479
328,100,"VI","mu_1",0,0.113334178535839,-0.21816520684153,0.444833563913208,1,0.0499999999999998
328,100,"VI","mu_2",5,5.38577770634784,4.95757009506448,5.8139853176312,1,0.0499999999999998
328,100,"VI","mu_3",10,10.224131977558,9.75044573034292,10.6978182247732,1,0.0499999999999998
328,100,"VI","mu_4",20,20.1598390346264,19.7827066916133,20.5369713776396,1,0.0499999999999998
