"sim_id","n","method","component","mu_true","estimate","lower","upper","covered","elapsed_seconds"
154,100,"Gibbs","mu_1",0,0.351091681055515,-0.107219280401586,0.804202114126533,1,5.507
154,100,"Gibbs","mu_2",5,4.98356794248275,4.5061998065862,5.44582210454973,1,5.507
154,100,"Gibbs","mu_3",10,10.5769360945818,10.2007335980083,10.9586036866218,0,5.507
154,100,"Gibbs","mu_4",20,20.2087933239277,19.8292668172532,20.5904058862636,1,5.507
154,100,"VI","mu_1",0,-1.79307871357572e-16,-19.6,19.6,1,0.0529999999999999
154,100,"VI","mu_2",5,-1.79307871357572e-16,-19.6,19.6,1,0.0529999999999999
154,100,"VI","mu_3",10,3.00853171136644,2.72391206569372,3.29315135703915,0,0.0529999999999999
154,100,"VI","mu_4",20,15.6075470792073,15.3372927895139,15.8778013689008,0,0.0529999999999999
