"sim_id","n","method","component","mu_true","estimate","lower","upper","covered","elapsed_seconds"
165,100,"Gibbs","mu_1",0,0.364989915604662,-0.0856183011574487,0.819796577325861,1,5.549
165,100,"Gibbs","mu_2",5,5.13710069871396,4.73630504460153,5.55342911320883,1,5.549
165,100,"Gibbs","mu_3",10,10.0273653116634,9.57303470751335,10.4731264061782,1,5.549
165,100,"Gibbs","mu_4",20,20.1638860065944,19.7967009472669,20.5328458307564,1,5.549
165,100,"VI","mu_1",0,-2.76155910698067e-18,-19.6,19.6,1,0.0530000000000008
165,100,"VI","mu_2",5,1.99680710175839,1.67846807775051,2.31514612576628,0,0.0530000000000008
165,100,"VI","mu_3",10,8.65989881841842,8.32431321153327,8.99548442530358,0,0.0530000000000008
165,100,"VI","mu_4",20,20.1627866071372,19.792447556994,20.5331256572805,1,0.0530000000000008
