"sim_id","n","method","component","mu_true","estimate","lower","upper","covered","elapsed_seconds"
382,100,"Gibbs","mu_1",0,-0.112881437117743,-0.484365407149595,0.247212528996684,1,5.555
382,100,"Gibbs","mu_2",5,4.86948073131545,4.46732064070769,5.2616759177319,1,5.555
382,100,"Gibbs","mu_3",10,9.96063522885446,9.55217521400907,10.3676566908747,1,5.555
382,100,"Gibbs","mu_4",20,20.2589887251227,19.8222086701949,20.6940126989755,1,5.555
382,100,"VI","mu_1",0,4.54260895675117,4.1631277336854,4.92209017981695,0,0.0729999999999995
382,100,"VI","mu_2",5,4.54260895675117,4.1631277336854,4.92209017981695,0,0.0729999999999995
382,100,"VI","mu_3",10,4.54260895675117,4.1631277336854,4.92209017981695,0,0.0729999999999995
382,100,"VI","mu_4",20,20.2579196708305,19.8197598790296,20.6960794626315,1,0.0729999999999995
