"sim_id","n","method","component","mu_true","estimate","lower","upper","covered","elapsed_seconds"
104,100,"Gibbs","mu_1",0,-0.116751357739546,-0.507607507047014,0.273644348958087,1,5.512
104,100,"Gibbs","mu_2",5,4.58647566703367,4.1420130838162,5.02343738184875,1,5.512
104,100,"Gibbs","mu_3",10,10.0534222626625,9.65736283744092,10.4534053388663,1,5.512
104,100,"Gibbs","mu_4",20,20.1486544908994,19.7660906901118,20.5172084321596,1,5.512
104,100,"VI","mu_1",0,-0.110796773873188,-0.494960781356323,0.273367233609948,1,0.0519999999999996
104,100,"VI","mu_2",5,4.59232358454513,4.16437279759079,5.02027437149947,1,0.0519999999999996
104,100,"VI","mu_3",10,10.0572722845783,9.66545745318414,10.4490871159724,1,0.0519999999999996
104,100,"VI","mu_4",20,20.1507683455843,19.7804292881062,20.5211074030624,1,0.0519999999999996
