"sim_id","n","method","component","mu_true","estimate","lower","upper","covered","elapsed_seconds"
295,100,"Gibbs","mu_1",0,0.304220141742768,-0.131208787773953,0.737083627115349,1,5.55
295,100,"Gibbs","mu_2",5,5.16992546153785,4.77230187310976,5.59615823485804,1,5.55
295,100,"Gibbs","mu_3",10,10.3290759295472,9.8783602751173,10.7687787778374,1,5.55
295,100,"Gibbs","mu_4",20,19.962483145878,19.6272613350516,20.2891603369645,1,5.55
295,100,"VI","mu_1",0,-1.18274764774977e-17,-19.6,19.6,1,0.056
295,100,"VI","mu_2",5,2.09051814781592,1.77152759423683,2.40950870139501,0,0.056
295,100,"VI","mu_3",10,9.13749931526782,8.76884478851898,9.50615384201667,0,0.056
295,100,"VI","mu_4",20,19.961857031594,19.6257692257631,20.297944837425,1,0.056
