"sim_id","n","method","component","mu_true","estimate","lower","upper","covered","elapsed_seconds"
299,100,"Gibbs","mu_1",0,-0.06903909771159,-0.459268106738363,0.309925140645572,1,5.522
299,100,"Gibbs","mu_2",5,4.75487410047794,4.30546788227005,5.19305796745554,1,5.522
299,100,"Gibbs","mu_3",10,9.94846187510732,9.5814945057281,10.3095603833881,1,5.522
299,100,"Gibbs","mu_4",20,19.926674186484,19.5031159763914,20.3549063074437,1,5.522
299,100,"VI","mu_1",0,-0.0688288517710107,-0.446846635118972,0.309188931576951,1,0.0520000000000005
299,100,"VI","mu_2",5,4.75929195984596,4.34099580981644,5.17758810987547,1,0.0520000000000005
299,100,"VI","mu_3",10,9.95364677423604,9.59693409492453,10.3103594535476,1,0.0520000000000005
299,100,"VI","mu_4",20,19.9316026115658,19.5039973453635,20.3592078777681,1,0.0520000000000005
