"sim_id","n","method","component","mu_true","estimate","lower","upper","covered","elapsed_seconds"
313,100,"Gibbs","mu_1",0,0.162693109604608,-0.309074635344757,0.631259971822689,1,5.26
313,100,"Gibbs","mu_2",5,5.19906225240879,4.76992571431762,5.63751991079811,1,5.26
313,100,"Gibbs","mu_3",10,9.85775465309446,9.48736369630593,10.2338014498033,1,5.26
313,100,"Gibbs","mu_4",20,20.1264866903973,19.7275136916286,20.5323929840879,1,5.26
313,100,"VI","mu_1",0,0.159880786528977,-0.267408039889872,0.587169612947826,1,0.0500000000000007
313,100,"VI","mu_2",5,5.19272373675756,4.8010856999126,5.58436177360252,1,0.0500000000000007
313,100,"VI","mu_3",10,9.85511304207692,9.49692502644173,10.2133010577121,1,0.0500000000000007
313,100,"VI","mu_4",20,20.1237736325739,19.7237736325853,20.5237736325624,1,0.0500000000000007
