"sim_id","n","method","component","mu_true","estimate","lower","upper","covered","elapsed_seconds"
240,100,"Gibbs","mu_1",0,-0.458536930265759,-0.812077057089139,-0.0977802806132218,0,5.197
240,100,"Gibbs","mu_2",5,5.21658393720774,4.79946157318133,5.6386806926477,1,5.197
240,100,"Gibbs","mu_3",10,9.82415195063039,9.38220853087167,10.2687141448774,1,5.197
240,100,"Gibbs","mu_4",20,19.7616560895297,19.3568036320859,20.1703259297308,1,5.197
240,100,"VI","mu_1",0,-0.46572929701762,-0.817683047936132,-0.113775546099108,0,0.0490000000000004
240,100,"VI","mu_2",5,5.21712020947259,4.82247742092812,5.61176299801706,1,0.0490000000000004
240,100,"VI","mu_3",10,9.82430528486474,9.40012758342001,10.2484829863095,1,0.0490000000000004
240,100,"VI","mu_4",20,19.7609359216865,19.3523364864466,20.1695353569263,1,0.0490000000000004
