"sim_id","n","method","component","mu_true","estimate","lower","upper","covered","elapsed_seconds"
280,100,"Gibbs","mu_1",0,0.555986235041167,0.0875354437244896,1.00539979535655,0,5.531
280,100,"Gibbs","mu_2",5,5.07106580321615,4.69699191435803,5.44876268982245,1,5.531
280,100,"Gibbs","mu_3",10,9.8294156643311,9.43580156177656,10.2205420553916,1,5.531
280,100,"Gibbs","mu_4",20,19.7017778105344,19.2867564751807,20.1112389556924,1,5.531
280,100,"VI","mu_1",0,-5.86729162426975e-11,-19.5999999995802,19.5999999994628,1,0.0499999999999998
280,100,"VI","mu_2",5,-5.86729162426975e-11,-19.5999999995802,19.5999999994628,1,0.0499999999999998
280,100,"VI","mu_3",10,5.39395374222627,5.17204165436508,5.61586583008745,0,0.0499999999999998
280,100,"VI","mu_4",20,19.7010175672798,19.2832391944749,20.1187959400848,1,0.0499999999999998
