"sim_id","n","method","component","mu_true","estimate","lower","upper","covered","elapsed_seconds"
150,100,"Gibbs","mu_1",0,-0.275849561842046,-0.692493687984348,0.142356997733421,1,5.495
150,100,"Gibbs","mu_2",5,4.81585977081739,4.38687369438128,5.23022223661562,1,5.495
150,100,"Gibbs","mu_3",10,10.1419533506444,9.74455387886123,10.5359228480548,1,5.495
150,100,"Gibbs","mu_4",20,20.3876480183046,20.0196989531591,20.7682831802987,0,5.495
150,100,"VI","mu_1",0,-1.11481045995458e-07,-19.5999997087492,19.5999994857871,1,0.0509999999999993
150,100,"VI","mu_2",5,-1.11481045995458e-07,-19.5999997087492,19.5999994857871,1,0.0509999999999993
150,100,"VI","mu_3",10,5.26365855430118,5.03427361641522,5.49304349218714,0,0.0509999999999993
150,100,"VI","mu_4",20,20.3900004082484,20.0128680658544,20.7671327506423,0,0.0509999999999993
