"sim_id","n","method","component","mu_true","estimate","lower","upper","covered","elapsed_seconds"
372,100,"Gibbs","mu_1",0,-0.0563362488724159,-0.43242214914515,0.310577576249579,1,5.537
372,100,"Gibbs","mu_2",5,5.7352754370328,5.29088104244628,6.17065142589213,0,5.537
372,100,"Gibbs","mu_3",10,10.0987621957826,9.64852529673998,10.566289175881,1,5.537
372,100,"Gibbs","mu_4",20,20.1236899870658,19.7238222138038,20.5239420266089,1,5.537
372,100,"VI","mu_1",0,-7.68356874920334e-20,-19.6,19.6,1,0.0510000000000002
372,100,"VI","mu_2",5,0.188975102183584,-0.175815760320275,0.553765964687443,0,0.0510000000000002
372,100,"VI","mu_3",10,7.9846309035158,7.69919518309588,8.27006662393571,0,0.0510000000000002
372,100,"VI","mu_4",20,20.1210078428018,19.7210078428018,20.5210078428017,1,0.0510000000000002
