"sim_id","n","method","component","mu_true","estimate","lower","upper","covered","elapsed_seconds"
102,100,"Gibbs","mu_1",0,0.166618591190439,-0.299920568422144,0.617634078395769,1,5.533
102,100,"Gibbs","mu_2",5,4.61667494880668,4.07660949483224,5.19345024562761,1,5.533
102,100,"Gibbs","mu_3",10,10.3704871471375,10.0309370289448,10.721566151477,0,5.533
102,100,"Gibbs","mu_4",20,19.8466295036054,19.4623834981856,20.2533130316123,1,5.533
102,100,"VI","mu_1",0,-1.10334443368281e-17,-19.6,19.6,1,0.0540000000000003
102,100,"VI","mu_2",5,2.01710498502426,1.70830112306014,2.32590884698838,0,0.0540000000000003
102,100,"VI","mu_3",10,10.2824976755528,9.94993435336617,10.6150609977394,1,0.0540000000000003
102,100,"VI","mu_4",20,19.8479482972358,19.4560266736989,20.2398699207726,1,0.0540000000000003
