"sim_id","n","method","component","mu_true","estimate","lower","upper","covered","elapsed_seconds"
242,100,"Gibbs","mu_1",0,0.00481613351635462,-0.439271065936862,0.433545425894667,1,5.195
242,100,"Gibbs","mu_2",5,4.84998135172208,4.38953364947739,5.30577511784076,1,5.195
242,100,"Gibbs","mu_3",10,9.54031700989444,9.11098381937292,9.97381835632724,0,5.195
242,100,"Gibbs","mu_4",20,19.9077398162455,19.5625390738311,20.2671238025874,1,5.195
242,100,"VI","mu_1",0,-2.008476862757e-20,-19.6,19.6,1,0.0449999999999999
242,100,"VI","mu_2",5,0.169313039378892,-0.228756438495009,0.567382517252794,0,0.0449999999999999
242,100,"VI","mu_3",10,7.37631370254682,7.08662301672096,7.66600438837267,0,0.0449999999999999
242,100,"VI","mu_4",20,19.9098501925397,19.5520644142976,20.2676359707818,1,0.0449999999999999
