"sim_id","n","method","component","mu_true","estimate","lower","upper","covered","elapsed_seconds"
137,100,"Gibbs","mu_1",0,-0.0398154683892722,-0.494317692226563,0.422298336595936,1,5.53
137,100,"Gibbs","mu_2",5,4.8710056271204,4.48442567941578,5.26093440550729,1,5.53
137,100,"Gibbs","mu_3",10,10.0690776042563,9.63789838198525,10.50562621559,1,5.53
137,100,"Gibbs","mu_4",20,20.0005045604426,19.6601755886115,20.3406926428117,1,5.53
137,100,"VI","mu_1",0,-0.0454147458517696,-0.493131691260539,0.402302199557,1,0.0519999999999996
137,100,"VI","mu_2",5,4.87204682040257,4.49335309462919,5.25074054617596,1,0.0519999999999996
137,100,"VI","mu_3",10,10.0725125012124,9.6455918179433,10.4994331844815,1,0.0519999999999996
137,100,"VI","mu_4",20,20.0012647486977,19.6601242270674,20.3424052703281,1,0.0519999999999996
