"sim_id","n","method","component","mu_true","estimate","lower","upper","covered","elapsed_seconds"
423,100,"Gibbs","mu_1",0,-0.139145186608959,-0.612216923063615,0.335879833988995,1,5.273
423,100,"Gibbs","mu_2",5,4.49155180702249,4.09466930558262,4.86876507082696,0,5.273
423,100,"Gibbs","mu_3",10,9.85317487478912,9.31744995176116,10.3757064119429,1,5.273
423,100,"Gibbs","mu_4",20,20.3094213376242,19.9410908031526,20.6759700899242,1,5.273
423,100,"VI","mu_1",0,-1.58521522292747e-16,-19.6,19.6,1,0.0529999999999999
423,100,"VI","mu_2",5,2.46626628480914,2.18732419965734,2.74520836996095,0,0.0529999999999999
423,100,"VI","mu_3",10,9.36176207625888,8.93042075484739,9.79310339767038,0,0.0529999999999999
423,100,"VI","mu_4",20,20.3061708498135,19.9483850715714,20.6639566280556,1,0.0529999999999999
