"sim_id","n","method","component","mu_true","estimate","lower","upper","covered","elapsed_seconds"
350,100,"Gibbs","mu_1",0,-0.129346330649599,-0.508047363842485,0.233959069983321,1,5.528
350,100,"Gibbs","mu_2",5,4.93647497668353,4.57966486296658,5.30608564211579,1,5.528
350,100,"Gibbs","mu_3",10,10.2938697003666,9.79927644103598,10.7943591658379,1,5.528
350,100,"Gibbs","mu_4",20,19.8828324124076,19.4877804082696,20.2799287726857,1,5.528
350,100,"VI","mu_1",0,-0.134628241928993,-0.498529197959178,0.229272714101192,1,0.0540000000000003
350,100,"VI","mu_2",5,4.93644898296969,4.58475266300498,5.2881453029344,1,0.0540000000000003
350,100,"VI","mu_3",10,10.2938460240592,9.80326183530422,10.7844302128142,1,0.0540000000000003
350,100,"VI","mu_4",20,19.881844462168,19.4818444621792,20.2818444621567,1,0.0540000000000003
