"sim_id","n","method","component","mu_true","estimate","lower","upper","covered","elapsed_seconds"
105,100,"Gibbs","mu_1",0,-0.256151739658157,-0.695754808638299,0.181448900100508,1,5.541
105,100,"Gibbs","mu_2",5,5.21839249671546,4.72989289910567,5.70087061701748,1,5.541
105,100,"Gibbs","mu_3",10,9.47277659675308,9.10588989233974,9.84589769638688,0,5.541
105,100,"Gibbs","mu_4",20,20.0410246138131,19.6887687854741,20.3984827919055,1,5.541
105,100,"VI","mu_1",0,-4.70895850895424e-08,-19.599999839024,19.5999997448448,1,0.0490000000000004
105,100,"VI","mu_2",5,-4.70895850895424e-08,-19.599999839024,19.5999997448448,1,0.0490000000000004
105,100,"VI","mu_3",10,5.49942930701073,5.26349013120664,5.73536848281482,0,0.0490000000000004
105,100,"VI","mu_4",20,20.0381363734659,19.6861667468002,20.3901060001316,1,0.0490000000000004
