"sim_id","n","method","component","mu_true","estimate","lower","upper","covered","elapsed_seconds"
322,100,"Gibbs","mu_1",0,0.287944703341056,-0.110015471474544,0.688895109398913,1,5.507
322,100,"Gibbs","mu_2",5,5.16583162585217,4.79265628165496,5.53474713580443,1,5.507
322,100,"Gibbs","mu_3",10,10.2445081435432,9.83854452553327,10.660439342276,1,5.507
322,100,"Gibbs","mu_4",20,20.0990642319586,19.6284741631025,20.574950779019,1,5.507
322,100,"VI","mu_1",0,-2.88458129691112e-17,-19.6,19.6,1,0.0500000000000007
322,100,"VI","mu_2",5,2.50531155961828,2.23116812810547,2.77945499113108,0,0.0500000000000007
322,100,"VI","mu_3",10,9.55985667257227,9.21285371515893,9.90685962998561,0,0.0500000000000007
322,100,"VI","mu_4",20,20.0962868273569,19.6210567552875,20.5715168994264,1,0.0500000000000007
