"sim_id","n","method","component","mu_true","estimate","lower","upper","covered","elapsed_seconds"
160,100,"Gibbs","mu_1",0,0.0113612055974345,-0.385581072572668,0.410616616309787,1,5.549
160,100,"Gibbs","mu_2",5,4.99930595307941,4.51587773591114,5.48089618421965,1,5.549
160,100,"Gibbs","mu_3",10,9.7739055902466,9.42878895987484,10.1259843409756,1,5.549
160,100,"Gibbs","mu_4",20,20.2068248531947,19.7815783553315,20.6362885117769,1,5.549
160,100,"VI","mu_1",0,0.00929784112883484,-0.382027863188565,0.400623545446235,1,0.0510000000000002
160,100,"VI","mu_2",5,4.9951133498869,4.55847853763962,5.43174816213418,1,0.0510000000000002
160,100,"VI","mu_3",10,9.77283147718776,9.43567006959073,10.1099928847848,1,0.0510000000000002
160,100,"VI","mu_4",20,20.2079769237736,19.7803716575712,20.6355821899759,1,0.0510000000000002
