"sim_id","n","method","component","mu_true","estimate","lower","upper","covered","elapsed_seconds"
376,100,"Gibbs","mu_1",0,-0.329059536614059,-0.829280630418995,0.149894019081291,1,5.551
376,100,"Gibbs","mu_2",5,4.82713066643681,4.40457461685191,5.24820616273899,1,5.551
376,100,"Gibbs","mu_3",10,10.3046249486853,9.92112599392683,10.6850414307332,1,5.551
376,100,"Gibbs","mu_4",20,20.0809002468563,19.7024180248259,20.4697065260407,1,5.551
376,100,"VI","mu_1",0,-5.52406450538889e-07,-19.5999986054601,19.5999975006472,1,0.0530000000000008
376,100,"VI","mu_2",5,-5.52406450538889e-07,-19.5999986054601,19.5999975006472,1,0.0530000000000008
376,100,"VI","mu_3",10,5.4322992537315,5.20446378938268,5.66013471808032,0,0.0530000000000008
376,100,"VI","mu_4",20,20.0830636756958,19.6987762774202,20.4673510739715,1,0.0530000000000008
