"sim_id","n","method","component","mu_true","estimate","lower","upper","covered","elapsed_seconds"
351,100,"Gibbs","mu_1",0,-0.257274194762658,-0.597864553213521,0.0830309033217438,1,5.538
351,100,"Gibbs","mu_2",5,5.0091682290564,4.63428648463449,5.37889352098183,1,5.538
351,100,"Gibbs","mu_3",10,9.84792337856741,9.27012100710774,10.4330071036088,1,5.538
351,100,"Gibbs","mu_4",20,19.8891609525455,19.4788460000411,20.2895318254526,1,5.538
351,100,"VI","mu_1",0,-0.140976457742368,-0.468946557736029,0.186993642251294,1,0.0499999999999998
351,100,"VI","mu_2",5,4.08630162555616e-20,-19.6,19.6,1,0.0499999999999998
351,100,"VI","mu_3",10,6.48669594051487,6.18172972893334,6.79166215209641,0,0.0499999999999998
351,100,"VI","mu_4",20,19.8915378090157,19.4829383737751,20.3001372442563,1,0.0499999999999998
