"sim_id","n","method","component","mu_true","estimate","lower","upper","covered","elapsed_seconds"
475,100,"Gibbs","mu_1",0,0.0488459554290216,-0.327960523666438,0.429591596804721,1,5.521
475,100,"Gibbs","mu_2",5,4.94891334616947,4.52200535236763,5.35676483704082,1,5.521
475,100,"Gibbs","mu_3",10,10.5243876185763,10.032831078825,11.0138246045211,0,5.521
475,100,"Gibbs","mu_4",20,19.7253029152327,19.3602745985176,20.0865861432909,1,5.521
475,100,"VI","mu_1",0,-5.68972874928702e-15,-19.6,19.6,1,0.0529999999999999
475,100,"VI","mu_2",5,-5.68972874928702e-15,-19.6,19.6,1,0.0529999999999999
475,100,"VI","mu_3",10,3.21029315729726,2.95806355203886,3.46252276255566,0,0.0529999999999999
475,100,"VI","mu_4",20,17.6816234471352,17.3703014931705,17.9929454011,0,0.0529999999999999
