"sim_id","n","method","component","mu_true","estimate","lower","upper","covered","elapsed_seconds"
282,100,"Gibbs","mu_1",0,-0.21576916320937,-0.583184298465127,0.161330271390032,1,5.531
282,100,"Gibbs","mu_2",5,5.01813146733888,4.58197188718894,5.4412280222751,1,5.531
282,100,"Gibbs","mu_3",10,9.57993029181405,9.16625633528039,9.99489928131169,0,5.531
282,100,"Gibbs","mu_4",20,20.0705237108592,19.6305828830016,20.515596653922,1,5.531
282,100,"VI","mu_1",0,-3.55555760846848e-20,-19.6,19.6,1,0.0510000000000002
282,100,"VI","mu_2",5,0.0593337569123039,-0.278230880729343,0.39689839455395,0,0.0510000000000002
282,100,"VI","mu_3",10,7.4104765200772,7.12244961431649,7.69850342583791,0,0.0510000000000002
282,100,"VI","mu_4",20,20.0679709285699,19.6298111318057,20.5061307253342,1,0.0510000000000002
