"sim_id","n","method","component","mu_true","estimate","lower","upper","covered","elapsed_seconds"
219,100,"Gibbs","mu_1",0,-0.104006742786246,-0.569092143368166,0.350690260385535,1,5.541
219,100,"Gibbs","mu_2",5,4.6832206201956,4.26340067530924,5.09665155547937,1,5.541
219,100,"Gibbs","mu_3",10,9.78192053622057,9.31935045248992,10.2541939806078,1,5.541
219,100,"Gibbs","mu_4",20,20.054347314948,19.6995627433212,20.4057836526243,1,5.541
219,100,"VI","mu_1",0,-0.100657562940997,-0.500570752711205,0.299255626829211,1,0.0540000000000003
219,100,"VI","mu_2",5,4.6825964950741,4.31210032669734,5.05309266345085,1,0.0540000000000003
219,100,"VI","mu_3",10,9.78407791943028,9.32240052818211,10.2457553106784,1,0.0540000000000003
219,100,"VI","mu_4",20,20.0523259209907,19.6945401427485,20.4101116992329,1,0.0540000000000003
