"sim_id","n","method","component","mu_true","estimate","lower","upper","covered","elapsed_seconds"
472,100,"Gibbs","mu_1",0,0.210580535728065,-0.181524724011357,0.598977498748735,1,5.528
472,100,"Gibbs","mu_2",5,4.72614950190995,4.30159167623158,5.15137795263992,1,5.528
472,100,"Gibbs","mu_3",10,9.9525127097025,9.53731949674452,10.3558791766487,1,5.528
472,100,"Gibbs","mu_4",20,20.1680956501984,19.7566203855614,20.5747868184949,1,5.528
472,100,"VI","mu_1",0,-4.28137955159441e-19,-19.6,19.6,1,0.0549999999999997
472,100,"VI","mu_2",5,1.04804290494841,0.729881747631058,1.36620406226577,0,0.0549999999999997
472,100,"VI","mu_3",10,8.00666200146175,7.69308998223388,8.32023402068963,0,0.0549999999999997
472,100,"VI","mu_4",20,20.1713722326666,19.7627727974295,20.5799716679037,1,0.0549999999999997
