"sim_id","n","method","component","mu_true","estimate","lower","upper","covered","elapsed_seconds"
420,100,"Gibbs","mu_1",0,-0.241497148618602,-0.665665258976356,0.17635713345307,1,5.452
420,100,"Gibbs","mu_2",5,5.14886269507107,4.73008159941198,5.57551929401818,1,5.452
420,100,"Gibbs","mu_3",10,9.78577793452522,9.37914306421536,10.1994146822066,1,5.452
420,100,"Gibbs","mu_4",20,19.7353828243729,19.3027633354259,20.1500620839591,1,5.452
420,100,"VI","mu_1",0,-9.16871578735874e-20,-19.6,19.6,1,0.0520000000000005
420,100,"VI","mu_2",5,0.206019993841046,-0.164223883164148,0.57626387084624,0,0.0520000000000005
420,100,"VI","mu_3",10,7.70448640434627,7.43001965927576,7.97895314941678,0,0.0520000000000005
420,100,"VI","mu_4",20,19.7368518258651,19.3092465596666,20.1644570920637,1,0.0520000000000005
