"sim_id","n","method","component","mu_true","estimate","lower","upper","covered","elapsed_seconds"
443,100,"Gibbs","mu_1",0,-0.302486406733064,-0.703569908977381,0.0928019494983516,1,5.531
443,100,"Gibbs","mu_2",5,5.39863932282965,4.98002915759473,5.82533486569723,1,5.531
443,100,"Gibbs","mu_3",10,10.1403055290812,9.76675821947545,10.5053724822644,1,5.531
443,100,"Gibbs","mu_4",20,20.0741207419041,19.6523209961531,20.4833047148908,1,5.531
443,100,"VI","mu_1",0,-4.12140480276538e-15,-19.6,19.6,1,0.0510000000000002
443,100,"VI","mu_2",5,-4.12140480276538e-15,-19.6,19.6,1,0.0510000000000002
443,100,"VI","mu_3",10,2.75732841836302,2.48379385059314,3.03086298613291,0,0.0510000000000002
443,100,"VI","mu_4",20,14.7166821071577,14.4357524564796,14.9976117578357,0,0.0510000000000002
