"sim_id","n","method","component","mu_true","estimate","lower","upper","covered","elapsed_seconds"
405,100,"Gibbs","mu_1",0,0.0217936817128824,-0.380461510435128,0.455375914464895,1,5.542
405,100,"Gibbs","mu_2",5,7.45984180891592,7.15205090504364,7.77433027386987,0,5.542
405,100,"Gibbs","mu_3",10,19.1461232137264,18.2947437353089,19.9171383515955,0,5.542
405,100,"Gibbs","mu_4",20,20.5855545522034,19.9065950702601,21.2272508026307,1,5.542
405,100,"VI","mu_1",0,3.10115333740496e-24,-19.6,19.6,1,0.0510000000000002
405,100,"VI","mu_2",5,0.00416435465369548,-0.370906312006203,0.379235021313594,0,0.0510000000000002
405,100,"VI","mu_3",10,7.44604083734471,7.14958875996579,7.74249291472363,0,0.0510000000000002
405,100,"VI","mu_4",20,19.9335163507896,19.569616223956,20.2974164776233,1,0.0510000000000002
