"sim_id","n","method","component","mu_true","estimate","lower","upper","covered","elapsed_seconds"
387,100,"Gibbs","mu_1",0,-0.353091210716643,-0.734973373593126,0.0321122503591786,1,5.534
387,100,"Gibbs","mu_2",5,4.73674514612554,4.33532347245338,5.15403592590542,1,5.534
387,100,"Gibbs","mu_3",10,9.9771749002425,9.55815038502193,10.405644795531,1,5.534
387,100,"Gibbs","mu_4",20,19.742479381754,19.3406721126518,20.1400059033106,1,5.534
387,100,"VI","mu_1",0,-0.355211975832572,-0.723713043130711,0.0132890914655671,1,0.0520000000000005
387,100,"VI","mu_2",5,4.73020426438601,4.33670135805396,5.12370717071805,1,0.0520000000000005
387,100,"VI","mu_3",10,9.97152391303331,9.55298879540222,10.3900590306644,1,0.0520000000000005
387,100,"VI","mu_4",20,19.7435942509052,19.351672627393,20.1355158744173,1,0.0520000000000005
