"sim_id","n","method","component","mu_true","estimate","lower","upper","covered","elapsed_seconds"
336,100,"Gibbs","mu_1",0,0.313323511324014,-0.149745741338254,0.764147987167799,1,5.516
336,100,"Gibbs","mu_2",5,4.77303652678684,4.41451574350304,5.12753830991191,1,5.516
336,100,"Gibbs","mu_3",10,10.1269472203225,9.66522485725031,10.5981908916727,1,5.516
336,100,"Gibbs","mu_4",20,19.9614363253995,19.6027001802173,20.3211331646019,1,5.516
336,100,"VI","mu_1",0,0.309755646877868,-0.140312823185609,0.759824116941346,1,0.0499999999999998
336,100,"VI","mu_2",5,4.77047456222252,4.43072544374719,5.11022368069785,1,0.0499999999999998
336,100,"VI","mu_3",10,10.1207556642219,9.66852261045685,10.5729887179869,1,0.0499999999999998
336,100,"VI","mu_4",20,19.957985235949,19.5940851091153,20.3218853627826,1,0.0499999999999998
