"sim_id","n","method","component","mu_true","estimate","lower","upper","covered","elapsed_seconds"
93,100,"Gibbs","mu_1",0,-0.133867510491749,-0.519121663751006,0.245974151154081,1,5.547
93,100,"Gibbs","mu_2",5,5.170323929294,4.68085775032283,5.66683506482287,1,5.547
93,100,"Gibbs","mu_3",10,9.94762630056409,9.55280983860361,10.3348260482116,1,5.547
93,100,"Gibbs","mu_4",20,19.972782638688,19.535584775783,20.4096462334141,1,5.547
93,100,"VI","mu_1",0,-0.124676980286996,-0.479622245196435,0.230268284622443,1,0.0490000000000004
93,100,"VI","mu_2",5,5.1723956285491,4.75316145379331,5.59162980330488,1,0.0490000000000004
93,100,"VI","mu_3",10,9.94532877652649,9.57279098183694,10.3178665712161,1,0.0490000000000004
93,100,"VI","mu_4",20,19.970868549428,19.5327087520981,20.4090283467579,1,0.0490000000000004
