"sim_id","n","method","component","mu_true","estimate","lower","upper","covered","elapsed_seconds"
144,100,"Gibbs","mu_1",0,-0.245323601571421,-0.669002289487527,0.177750838695144,1,5.517
144,100,"Gibbs","mu_2",5,4.63258547093502,4.19962008887509,5.0492587800741,1,5.517
144,100,"Gibbs","mu_3",10,9.86616384015376,9.5218654182116,10.2190622589114,1,5.517
144,100,"Gibbs","mu_4",20,19.9008032080131,19.4602448180166,20.3331001346414,1,5.517
144,100,"VI","mu_1",0,-7.36874147274687e-17,-19.6,19.6,1,0.0549999999999997
144,100,"VI","mu_2",5,1.98083019132918,1.6864606922792,2.27519969037916,0,0.0549999999999997
144,100,"VI","mu_3",10,9.5733423597869,9.2452465522769,9.90143816729691,0,0.0549999999999997
144,100,"VI","mu_4",20,19.9041101489299,19.4659503516002,20.3422699462596,1,0.0549999999999997
