"sim_id","n","method","component","mu_true","estimate","lower","upper","covered","elapsed_seconds"
163,100,"Gibbs","mu_1",0,-0.113927713174308,-0.494048413376721,0.261326792244045,1,5.525
163,100,"Gibbs","mu_2",5,4.5671822271961,4.10597628776646,5.0354201490828,1,5.525
163,100,"Gibbs","mu_3",10,9.7417894835653,9.33664695427495,10.151554030482,1,5.525
163,100,"Gibbs","mu_4",20,20.2659129867878,19.8798094790296,20.6417804106373,1,5.525
163,100,"VI","mu_1",0,-0.113225755495148,-0.483443762279422,0.256992251289127,1,0.0510000000000002
163,100,"VI","mu_2",5,4.57109207111726,4.13628655407932,5.0058975881552,1,0.0510000000000002
163,100,"VI","mu_3",10,9.73944281448785,9.34492371633942,10.1339619126363,1,0.0510000000000002
163,100,"VI","mu_4",20,20.2663063934986,19.8891740504854,20.6434387365117,1,0.0510000000000002
