"sim_id","n","method","component","mu_true","estimate","lower","upper","covered","elapsed_seconds"
66,100,"Gibbs","mu_1",0,-0.0212322338790083,-0.423043855913937,0.374884087187626,1,5.546
66,100,"Gibbs","mu_2",5,4.79325820529572,4.40935746377625,5.18729428631789,1,5.546
66,100,"Gibbs","mu_3",10,9.86238479803459,9.43869757354112,10.2875303101657,1,5.546
66,100,"Gibbs","mu_4",20,19.6366630728826,19.2381938764923,20.0307866560469,1,5.546
66,100,"VI","mu_1",0,-2.55255477345025e-17,-19.6,19.6,1,0.0679999999999996
66,100,"VI","mu_2",5,2.07337865701121,1.79244078695425,2.35431652706816,0,0.0679999999999996
66,100,"VI","mu_3",10,9.15369551970879,8.78556189490715,9.52182914451043,0,0.0679999999999996
66,100,"VI","mu_4",20,19.6339606186723,19.2253611834318,20.0425600539129,1,0.0679999999999996
