"cluster","post_mean","post_sd"
1,4.16072138893536,0.155272720270928
2,-3.02749445216229,0.178731449358062
3,-0.236736954817012,0.176304155239467
